priority,icao,iata,name,city,country,region,continent,kind,runways,longest_ft,why
1,VIDP,DEL,Indira Gandhi International Airport,New Delhi,IN,IN-DL,AS,large_airport,4,14534,2+ runways + international + large
1,VABB,BOM,Chhatrapati Shivaji Maharaj International Airport,Mumbai,IN,IN-MM,AS,large_airport,2,11511,2+ runways + international + large
1,VADN,NMB,Daman Airport,Daman,IN,IN-DH,AS,medium_airport,2,5909,2+ runways + medium
1,VAJM,JGA,Jamnagar Airport,Jamnagar,IN,IN-GJ,AS,medium_airport,2,8242,2+ runways + medium
1,VAPO,PNQ,Pune International Airport,Pune,IN,IN-MM,AS,large_airport,2,10000,2+ runways + international + large
1,VEBS,BBI,Biju Patnaik International Airport,Bhubaneswar,IN,IN-OR,AS,large_airport,2,9003,2+ runways + international + large
1,VECC,CCU,Netaji Subhash Chandra Bose International Airport,Kolkata,IN,IN-WB,AS,large_airport,2,11919,2+ runways + international + large
1,VIAG,AGR,Agra Airport / Agra Air Force Station,Agra,IN,IN-UP,AS,medium_airport,2,9000,2+ runways + medium
1,VIJP,JAI,Jaipur International Airport,Jaipur,IN,IN-RJ,AS,large_airport,2,9177,2+ runways + international + large
1,VOBL,BLR,Kempegowda International Airport Bengaluru,Bengaluru,IN,IN-KA,AS,large_airport,2,13123,2+ runways + international + large
1,VOBR,IXX,Bidar Airport / Bidar Air Force Station,Bidar,IN,IN-KA,AS,medium_airport,2,6955,2+ runways + medium
1,VODG,,Dundigul Air Force Academy,Hyderabad,IN,IN-TG,AS,medium_airport,2,8250,2+ runways + medium
1,VOHS,HYD,Rajiv Gandhi International Airport,Hyderabad,IN,IN-TG,AS,large_airport,2,13976,2+ runways + international + large
1,VOMM,MAA,Chennai International Airport,Chennai,IN,IN-TN,AS,large_airport,2,12001,2+ runways + international + large
1,VAAH,AMD,Sardar Vallabh Patel International Airport,Ahmedabad,IN,IN-GJ,AS,large_airport,1,11499,international + large
1,VAAK,AKD,Akola Airport,Akola,IN,IN-MM,AS,medium_airport,1,4600,medium
1,VAAU,IXU,Aurangabad Airport,Aurangabad,IN,IN-MM,AS,medium_airport,1,9314,medium
1,VABJ,BHJ,Bhuj Airport,Bhuj,IN,IN-GJ,AS,medium_airport,1,8205,medium
1,VABO,BDQ,Vadodara International Airport,Vadodara,IN,IN-GJ,AS,large_airport,1,8100,international + large
1,VABP,BHO,Raja Bhoj International Airport,Bhopal,IN,IN-MP,AS,large_airport,1,9022,international + large
1,VABV,BHU,Bhavnagar Airport,Bhavnagar,IN,IN-GJ,AS,medium_airport,1,6300,medium
1,VAHS,HSR,Rajkot International Airport,Rajkot,IN,IN-GJ,AS,large_airport,1,9974,international + large
1,VAID,IDR,Devi Ahilya Bai Holkar International Airport,Indore,IN,IN-MP,AS,large_airport,1,9035,international + large
1,VAJB,JLR,Jabalpur Airport,Jabalpur,IN,IN-MP,AS,medium_airport,1,6522,medium
1,VAKE,IXY,Kandla Airport,Kandla,IN,IN-GJ,AS,medium_airport,1,4997,medium
1,VAKP,KLH,Kolhapur Airport,Kolhapur,IN,IN-MM,AS,medium_airport,1,6332,medium
1,VAKS,IXK,Keshod Airport,Keshod,IN,IN-GJ,AS,medium_airport,1,4500,medium
1,VALT,LTU,Murod Kond Airport,Latur,IN,IN-MM,AS,medium_airport,1,7546,medium
1,VAND,NDC,Nanded Airport,Nanded,IN,IN-MM,AS,medium_airport,1,7546,medium
1,VANP,NAG,Dr. Babasaheb Ambedkar International Airport,Nagpur,IN,IN-MM,AS,large_airport,1,10500,international + large
1,VAOZ,ISK,Nashik International Airport,Nashik,IN,IN-MM,AS,large_airport,1,9843,international + large
1,VAPR,PBD,Porbandar Airport,Porbandar,IN,IN-GJ,AS,medium_airport,1,4500,medium
1,VARG,RTC,Ratnagiri Airport,,IN,IN-MM,AS,medium_airport,1,6890,medium
1,VARK,RAJ,Rajkot Airport,Rajkot,IN,IN-GJ,AS,medium_airport,1,6040,medium
1,VASD,SAG,Shirdi International Airport,Kakadi,IN,IN-MM,AS,large_airport,1,8202,international + large
1,VASL,SSE,Solapur Airport,Solapur,IN,IN-MM,AS,medium_airport,1,6591,medium
1,VASU,STV,Surat International Airport,Surat,IN,IN-GJ,AS,large_airport,1,9530,international + large
1,VAUD,UDR,Maharana Pratap Airport,Udaipur,IN,IN-RJ,AS,medium_airport,1,7484,medium
1,VEAN,IXV,Along Airport,,IN,IN-AR,AS,medium_airport,1,3675,medium
1,VEAT,IXA,Agartala - Maharaja Bir Bikram Airport,Agartala,IN,IN-TR,AS,medium_airport,1,7500,main airport of IN-TR + medium
1,VEBD,IXB,Bagdogra Airport,Siliguri,IN,IN-WB,AS,large_airport,1,9035,large
1,VEBI,SHL,Shillong Airport,Shillong,IN,IN-ML,AS,medium_airport,1,6000,main airport of IN-ML + medium
1,VEBN,VNS,Lal Bahadur Shastri International Airport,Varanasi,IN,IN-UP,AS,large_airport,1,9006,international + large
1,VEBU,PAB,Bilaspur Airport,Bilaspur,IN,IN-CT,AS,medium_airport,1,5035,main airport of IN-CT + medium
1,VEDB,DBD,Dhanbad Airport,,IN,IN-BR,AS,medium_airport,1,3728,medium
1,VEDG,RDP,Kazi Nazrul Islam Airport,Durgapur,IN,IN-WB,AS,medium_airport,1,9186,medium
1,VEDH,DBR,Darbhanga Airport,Darbhanga,IN,IN-BR,AS,medium_airport,1,9000,main airport of IN-BR + medium
1,VEGK,GOP,Gorakhpur Airport,Gorakhpur,IN,IN-UP,AS,medium_airport,1,9000,medium
1,VEGT,GAU,Lokpriya Gopinath Bordoloi International Airport,Guwahati,IN,IN-AS,AS,large_airport,1,9000,international + large
1,VEGY,GAY,Gaya Airport,Gaya,IN,IN-BR,AS,medium_airport,1,7500,medium
1,VEHX,,Hashimara Air Force Station,Jalpaiguri,IN,IN-WB,AS,medium_airport,1,9000,medium
1,VEIM,IMF,Bir Tikendrajit International Airport,Imphal,IN,IN-MN,AS,large_airport,1,9009,international + large
1,VEJS,IXW,Sonari Airport,Jamshedpur,IN,IN-JH,AS,medium_airport,1,4010,medium
1,VEJT,JRH,Jorhat Airport,Jorhat,IN,IN-AS,AS,medium_airport,1,9000,medium
1,VEKI,KBK,Kushinagar International Airport,Kushinagar,IN,IN-UP,AS,medium_airport,1,10500,international + medium
1,VEKR,IXH,Kailashahar Airport,Kailashahar,IN,IN-TR,AS,medium_airport,1,3300,medium
1,VEKU,IXS,Silchar Airport,Silchar,IN,IN-AS,AS,medium_airport,1,5993,medium
1,VELP,AJL,Lengpui Airport,Aizawl (Lengpui),IN,IN-MZ,AS,medium_airport,1,8202,main airport of IN-MZ + medium
1,VELR,IXI,Lilabari North Lakhimpur Airport,Lilabari,IN,IN-AS,AS,medium_airport,1,7500,medium
1,VEMN,DIB,Dibrugarh Airport,Dibrugarh,IN,IN-AS,AS,medium_airport,1,6000,medium
1,VEMR,DMU,Dimapur Airport,Dimapur,IN,IN-NL,AS,medium_airport,1,7513,main airport of IN-NL + medium
1,VEMZ,MZU,Muzaffarpur Airport,Muzaffarpur,IN,IN-BR,AS,medium_airport,1,3990,medium
1,VEPH,,Panagarh Air Force Station,,IN,IN-WB,AS,medium_airport,1,9000,medium
1,VEPT,PAT,Jay Prakash Narayan Airport,Patna,IN,IN-BR,AS,medium_airport,1,6410,medium
1,VERC,IXR,Birsa Munda Airport,Ranchi,IN,IN-JH,AS,medium_airport,1,8855,main airport of IN-JH + medium
1,VERK,RRK,Rourkela Airport,Rourkela,IN,IN-OR,AS,medium_airport,1,5987,medium
1,VETZ,TEZ,Tezpur Airport,,IN,IN-AS,AS,medium_airport,1,9010,medium
1,VEUK,UKE,Utkela Airport,Bhawanipatna,IN,IN-OR,AS,medium_airport,1,3000,medium
1,VEZO,ZER,Ziro Airport,Ziro,IN,IN-AR,AS,medium_airport,1,4010,main airport of IN-AR + medium
1,VIAM,,Ambala Air Force Station,Ambala,IN,IN-HR,AS,medium_airport,1,9224,medium
1,VIAR,ATQ,Sri Guru Ram Das Ji International Airport,Amritsar,IN,IN-PB,AS,large_airport,1,12000,international + large
1,VIBK,BKB,Nal Airport,Bikaner,IN,IN-RJ,AS,medium_airport,1,8960,medium
1,VIBR,KUU,Kullu Manali Airport,Bhuntar,IN,IN-HP,AS,medium_airport,1,3690,medium
1,VIBT,BUP,Bhatinda Air Force Station,,IN,IN-PB,AS,medium_airport,1,9200,medium
1,VIBY,BEK,Bareilly Air Force Station,Bareilly,IN,IN-UP,AS,medium_airport,1,9000,medium
1,VICG,IXC,Shaheed Bhagat Singh International Airport,Chandigarh,IN,IN-CH,AS,large_airport,1,12467,international + large
1,VIDD,,Safdarjung Airport,New Delhi,IN,IN-DL,AS,medium_airport,1,4520,medium
1,VIDN,DED,Dehradun Jolly Grant Airport,Dehradun (Jauligrant),IN,IN-UT,AS,medium_airport,1,7000,main airport of IN-UT + medium
1,VIGG,DHM,Kangra Airport,Kangra,IN,IN-HP,AS,medium_airport,1,4620,main airport of IN-HP + medium
1,VIGR,GWL,Gwalior Airport,Gwalior,IN,IN-MP,AS,medium_airport,1,9000,medium
1,VIHR,HSS,Maharaja Agrasen International Airport,Hisar,IN,IN-HR,AS,large_airport,1,10236,international + large
1,VIHX,HWR,Halwara International Airport,Halwara,IN,IN-PB,AS,large_airport,1,10007,international + large
1,VIJO,JDH,Jodhpur Airport,Jodhpur,IN,IN-RJ,AS,medium_airport,1,9005,medium
1,VIJR,JSA,Jaisalmer Airport,,IN,IN-RJ,AS,medium_airport,1,9000,medium
1,VIJU,IXJ,Jammu Airport,Jammu,IN,IN-JK,AS,medium_airport,1,6700,medium
1,VIKG,KQH,Kishangarh Airport Ajmer,Ajmer (Kishangarh),IN,IN-RJ,AS,medium_airport,1,7060,medium
1,VIKO,KTU,Kota Airport,Kota,IN,IN-RJ,AS,medium_airport,1,4078,medium
1,VILD,LUH,Ludhiana Airport,,IN,IN-PB,AS,medium_airport,1,4800,medium
1,VILH,IXL,Leh Kushok Bakula Rimpochee Airport,Leh,IN,IN-LA,AS,medium_airport,1,9040,main airport of IN-LA + medium
1,VILK,LKO,Chaudhary Charan Singh International Airport,Lucknow,IN,IN-UP,AS,large_airport,1,8996,international + large
1,VIPK,IXP,Pathankot Airport,Pathankot,IN,IN-PB,AS,medium_airport,1,8970,medium
1,VIPT,PGH,Pantnagar Airport,Pantnagar,IN,IN-UP,AS,medium_airport,1,4500,medium
1,VISA,,Sirsa Air Force Station,,IN,IN-HR,AS,medium_airport,1,8987,medium
1,VISR,SXR,Srinagar International Airport,Srinagar,IN,IN-JK,AS,large_airport,1,12090,international + large
1,VIUX,,Udhampur Air Force Station,Udhampur,IN,IN-JK,AS,medium_airport,1,9000,medium
1,VOAT,AGX,Agatti Airport,Agatti,IN,IN-LD,AS,medium_airport,1,4235,main airport of IN-LD + medium
1,VOBG,,HAL Airport,Bangalore,IN,IN-KA,AS,medium_airport,1,10850,medium
1,VOBI,BEP,Bellary Airport,Bellary,IN,IN-KA,AS,medium_airport,1,3630,medium
1,VOBZ,VGA,Vijayawada International Airport,Vijayawada,IN,IN-AP,AS,large_airport,1,11023,international + large
1,VOCB,CJB,Coimbatore International Airport,Coimbatore,IN,IN-TN,AS,large_airport,1,8480,international + large
1,VOCI,COK,Cochin International Airport,Kochi,IN,IN-KL,AS,large_airport,1,11155,international + large
1,VOCL,CCJ,Calicut International Airport,Calicut,IN,IN-KL,AS,large_airport,1,9383,international + large
1,VOCP,CDP,Kadapa Airport,Kadapa,IN,IN-AP,AS,medium_airport,1,6562,medium
1,VOCX,CBD,Car Nicobar Air Force Base,IAF Camp,IN,IN-AN,AS,medium_airport,1,8914,medium
1,VOGA,GOX,Manohar International Airport,Mopa,IN,IN-GA,AS,large_airport,1,11483,international + large
1,VOGO,GOI,Goa Dabolim International Airport,Vasco da Gama,IN,IN-GA,AS,large_airport,1,11345,international + large
1,VOHY,BPM,Begumpet Airport,Hyderabad,IN,IN-TG,AS,medium_airport,1,10600,medium
1,VOKN,CNN,Kannur International Airport,Kannur,IN,IN-KL,AS,large_airport,1,10007,international + large
1,VOKU,KJB,Kurnool Airport,Orvakal,IN,IN-AP,AS,medium_airport,1,6562,medium
1,VOMD,IXM,Madurai Airport,Madurai,IN,IN-TN,AS,medium_airport,1,5990,medium
1,VOML,IXE,Mangaluru International Airport,Mangaluru,IN,IN-KA,AS,large_airport,1,8035,international + large
1,VOMY,MYQ,Mysore Airport,Mysore,IN,IN-KA,AS,medium_airport,1,5709,medium
1,VOPB,IXZ,Veer Savarkar International Airport / INS Utkrosh,Port Blair,IN,IN-AN,AS,large_airport,1,10795,international + large
1,VOPC,PNY,Pondicherry Airport,Puducherry (Pondicherry),IN,IN-PY,AS,medium_airport,1,4921,main airport of IN-PY + medium
1,VOPN,PUT,Sri Sathya Sai Airport,Puttaparthi,IN,IN-AP,AS,medium_airport,1,7315,medium
1,VORY,RJA,Rajahmundry Airport,Madhurapudi,IN,IN-AP,AS,medium_airport,1,10384,medium
1,VOSM,SXV,Salem Airport,Salem,IN,IN-TN,AS,medium_airport,1,5925,medium
1,VOTP,TIR,Tirupati International Airport,Tirupati,IN,IN-AP,AS,large_airport,1,12500,international + large
1,VOTR,TRZ,Tiruchirappalli International Airport,Tiruchirappalli,IN,IN-TN,AS,large_airport,1,6115,international + large
1,VOTV,TRV,Thiruvananthapuram International Airport,Thiruvananthapuram,IN,IN-KL,AS,large_airport,1,11148,international + large
1,VAAM,AVR,Amravati  Airport,Amravati,IN,IN-MM,AS,medium_airport,0,0,medium
1,VAGD,GDB,Gondia Airport,Gondia,IN,IN-MM,AS,medium_airport,0,0,medium
1,VANM,NMI,Navi Mumbai International Airport,Navi Mumbai,IN,IN-MM,AS,large_airport,0,0,international + large
1,VEAB,IXD,Prayagraj Airport,Allahabad,IN,IN-UP,AS,medium_airport,0,0,medium
1,VEAP,AHA,Maa Mahamaya Airport,Ambikapur,IN,IN-CT,AS,medium_airport,0,0,medium
1,VEAY,AYJ,Maharshi Valmiki International Airport,Faizabad,IN,IN-UP,AS,medium_airport,0,0,international + medium
1,VECX,KNU,Kanpur Airport,Kanpur,IN,IN-UP,AS,medium_airport,0,0,medium
1,VEHO,HGI,Itanagar Donyi Polo Hollongi Airport,Hollongi,IN,IN-AR,AS,medium_airport,0,0,medium
1,VEKO,HJR,Khajuraho Airport,Khajuraho,IN,IN-MP,AS,medium_airport,0,0,medium
1,VERP,RPR,Swami Vivekananda Airport,Raipur,IN,IN-CT,AS,medium_airport,0,0,medium
1,VERW,REW,"Rewa Airport, Chorhata, REWA",Rewa,IN,IN-MP,AS,medium_airport,0,0,medium
1,VIMB,MZS,Moradabad Airport,Moradabad,IN,IN-UP,AS,medium_airport,0,0,medium
1,VIND,DXN,Noida International Airport,Gautam Buddha Nagar,IN,IN-UP,AS,large_airport,0,0,international + large
1,VOBM,IXG,Belagavi Airport,Belgaum,IN,IN-KA,AS,medium_airport,0,0,medium
1,VOBX,,Campbell Bay Airport / INS Baaz,Campbell Bay,IN,IN-AN,AS,medium_airport,0,0,medium
1,VOHB,HBX,Hubballi Airport,Hubballi,IN,IN-KA,AS,medium_airport,0,0,medium
1,VOSH,RQY,Rashtrakavi Kuvempu Airport,Shimoga,IN,IN-KA,AS,medium_airport,0,0,medium
1,VOSR,SDW,Sindhudurg Airport,Chipi,IN,IN-MM,AS,medium_airport,0,0,medium
1,VOVI,VTZ,Alluri Sitarama Raju International Airport (Vizag),Visakhapatnam,IN,IN-AP,AS,large_airport,0,0,international + large
1,VOVZ,,INS Dega Airport (visakhapatnam international airport),Visakhapatnam,IN,IN-AP,AS,medium_airport,0,0,international + medium
2,KORD,ORD,Chicago O'Hare International Airport,Chicago,US,US-IL,NA,large_airport,8,13000,2+ runways + international + large
2,KDFW,DFW,Dallas Fort Worth International Airport,Dallas-Fort Worth,US,US-TX,NA,large_airport,7,13401,2+ runways + international + large
2,KBOS,BOS,Boston Logan International Airport,Boston,US,US-MA,NA,large_airport,6,10083,2+ runways + international + large
2,KDEN,DEN,Denver International Airport,Denver,US,US-CO,NA,large_airport,6,16000,2+ runways + international + large
2,KDTW,DTW,Detroit Metropolitan Wayne County Airport,Detroit,US,US-MI,NA,large_airport,6,12003,2+ runways + large
2,KNKX,NKX,Miramar Marine Corps Air Station - Mitscher Field,San Diego,US,US-CA,NA,medium_airport,6,12000,2+ runways + medium
2,KSGJ,UST,Northeast Florida Regional Airport,St Augustine,US,US-FL,NA,medium_airport,6,12000,2+ runways + medium
2,KATL,ATL,Hartsfield Jackson Atlanta International Airport,Atlanta,US,US-GA,NA,large_airport,5,12390,2+ runways + international + large
2,KFST,FST,Fort Stockton Pecos County Airport,Fort Stockton,US,US-TX,NA,medium_airport,5,7508,2+ runways + medium
2,KIAH,IAH,George Bush Intercontinental Airport,Houston,US,US-TX,NA,large_airport,5,12001,2+ runways + large
2,KMKE,MKE,General Mitchell International Airport,Milwaukee,US,US-WI,NA,large_airport,5,9990,2+ runways + international + large
2,KMWH,MWH,Grant County International Airport,Moses Lake,US,US-WA,NA,medium_airport,5,13503,2+ runways + international + medium
2,KTCS,TCS,Truth or Consequences Municipal Airport,Truth or Consequences,US,US-NM,NA,medium_airport,5,7202,2+ runways + medium
2,KBNA,BNA,Nashville International Airport,Nashville,US,US-TN,NA,large_airport,4,11030,2+ runways + international + large
2,KBZN,BZN,Bozeman Yellowstone International Airport,Bozeman,US,US-MT,NA,medium_airport,4,8994,2+ runways + international + medium
2,KCCR,CCR,Buchanan Field,Concord,US,US-CA,NA,medium_airport,4,5001,2+ runways + medium
2,KCNM,CNM,Cavern City Air Terminal,Carlsbad,US,US-NM,NA,medium_airport,4,7854,2+ runways + medium
2,KCVG,CVG,Cincinnati Northern Kentucky International Airport,Cincinnati / Covington,US,US-KY,NA,large_airport,4,12001,2+ runways + international + large
2,KDPA,DPA,Dupage Airport,Chicago/West Chicago,US,US-IL,NA,medium_airport,4,7571,2+ runways + medium
2,KGFK,GFK,Grand Forks International Airport,Grand Forks,US,US-ND,NA,medium_airport,4,7351,2+ runways + international + medium
2,KHWO,HWO,North Perry Airport,Hollywood,US,US-FL,NA,medium_airport,4,3463,2+ runways + medium
2,KIAD,IAD,Washington Dulles International Airport,Dulles,US,US-VA,NA,large_airport,4,11500,2+ runways + international + large
2,KJFK,JFK,John F. Kennedy International Airport,New York,US,US-NY,NA,large_airport,4,14511,2+ runways + international + large
2,KLAS,LAS,Harry Reid International Airport,Las Vegas,US,US-NV,NA,large_airport,4,14835,2+ runways + international + large
2,KLAX,LAX,Los Angeles International Airport,Los Angeles,US,US-CA,NA,large_airport,4,12894,2+ runways + international + large
2,KMAF,MAF,Midland International Air and Space Port,Midland,US,US-TX,NA,medium_airport,4,9501,2+ runways + international + medium
2,KMCO,MCO,Orlando International Airport,Orlando,US,US-FL,NA,large_airport,4,12005,2+ runways + international + large
2,KMDW,MDW,Chicago Midway International Airport,Chicago,US,US-IL,NA,large_airport,4,6522,2+ runways + international + large
2,KMEM,MEM,Frederick W. Smith International Airport,Memphis,US,US-TN,NA,large_airport,4,11120,2+ runways + international + large
2,KMIA,MIA,Miami International Airport,Miami,US,US-FL,NA,large_airport,4,13016,2+ runways + international + large
2,KMSP,MSP,Minneapolis–Saint Paul International Airport / Wold–Chamberlain Field,Minneapolis,US,US-MN,NA,large_airport,4,11006,2+ runways + international + large
2,KMUI,MUI,Muir Army Air Field (Fort Indiantown Gap) Airport,Fort Indiantown Gap(Annville),US,US-PA,NA,medium_airport,4,3981,2+ runways + medium
2,KNGP,NGP,Naval Air Station Corpus Christi Truax Field,Corpus Christi,US,US-TX,NA,medium_airport,4,8001,2+ runways + medium
2,KNKT,,Cherry Point MCAS / Cunningham Field/,Cherry Point,US,US-NC,NA,medium_airport,4,8978,2+ runways + medium
2,KNQI,NQI,Kingsville Naval Air Station,Kingsville,US,US-TX,NA,medium_airport,4,8000,2+ runways + medium
2,KNTU,NTU,Oceana Naval Air Station,Virginia Beach,US,US-VA,NA,medium_airport,4,12001,2+ runways + medium
2,KOAK,OAK,Oakland San Francisco Bay Airport,Oakland,US,US-CA,NA,large_airport,4,10520,2+ runways + large
2,KOKC,OKC,OKC Will Rogers World Airport,Oklahoma City,US,US-OK,NA,large_airport,4,9802,2+ runways + large
2,KOSH,OSH,Wittman Regional Airport,Oshkosh,US,US-WI,NA,medium_airport,4,8002,2+ runways + medium
2,KPDK,PDK,DeKalb Peachtree Airport,Atlanta,US,US-GA,NA,medium_airport,4,6001,2+ runways + medium
2,KPHL,PHL,Philadelphia International Airport,Philadelphia,US,US-PA,NA,large_airport,4,12000,2+ runways + international + large
2,KPIT,PIT,Pittsburgh International Airport,Pittsburgh,US,US-PA,NA,large_airport,4,11500,2+ runways + international + large
2,KSFB,SFB,Orlando Sanford International Airport,Orlando,US,US-FL,NA,large_airport,4,11002,2+ runways + international + large
2,KSFO,SFO,San Francisco International Airport,San Francisco,US,US-CA,NA,large_airport,4,11870,2+ runways + international + large
2,KSLC,SLC,Salt Lake City International Airport,Salt Lake City,US,US-UT,NA,large_airport,4,12002,2+ runways + international + large
2,KSLN,SLN,Salina Municipal Airport,Salina,US,US-KS,NA,medium_airport,4,12301,2+ runways + medium
2,KSPS,SPS,Wichita Falls Municipal Airport / Sheppard Air Force Base,Wichita Falls,US,US-TX,NA,medium_airport,4,13100,2+ runways + medium
2,KSTL,STL,St. Louis Lambert International Airport,St Louis,US,US-MO,NA,large_airport,4,11020,2+ runways + international + large
2,KSVC,SVC,Grant County Airport,Silver City,US,US-NM,NA,medium_airport,4,6803,2+ runways + medium
2,KVQQ,VQQ,Cecil Airport,Jacksonville,US,US-FL,NA,medium_airport,4,12504,2+ runways + medium
2,PAFA,FAI,Fairbanks International Airport,Fairbanks,US,US-AK,NA,medium_airport,4,11800,2+ runways + international + medium
2,PAIL,ILI,Iliamna Airport,Iliamna,US,US-AK,NA,medium_airport,4,5086,2+ runways + medium
2,KABI,ABI,Abilene Regional Airport,Abilene,US,US-TX,NA,medium_airport,3,7208,2+ runways + medium
2,KABQ,ABQ,Albuquerque International Sunport,Albuquerque,US,US-NM,NA,large_airport,3,13793,2+ runways + international + large
2,KAGC,AGC,Allegheny County Airport,Pittsburgh,US,US-PA,NA,medium_airport,3,6501,2+ runways + medium
2,KAIA,AIA,Alliance Municipal Airport,Alliance,US,US-NE,NA,medium_airport,3,9203,2+ runways + medium
2,KAPA,APA,Centennial Airport,Denver,US,US-CO,NA,medium_airport,3,10001,2+ runways + medium
2,KAPF,APF,Naples Municipal Airport,Naples,US,US-FL,NA,medium_airport,3,6600,2+ runways + medium
2,KAUW,AUW,Wausau Downtown Airport,Wausau,US,US-WI,NA,medium_airport,3,8000,2+ runways + medium
2,KAZO,AZO,Kalamazoo/Battle Creek International Airport,Kalamazoo,US,US-MI,NA,medium_airport,3,6502,2+ runways + international + medium
2,KBIH,BIH,Eastern Sierra Regional Airport,Bishop,US,US-CA,NA,medium_airport,3,7498,2+ runways + medium
2,KBIL,BIL,Billings Logan International Airport,Billings,US,US-MT,NA,medium_airport,3,10518,2+ runways + international + medium
2,KBJC,BJC,Rocky Mountain Metropolitan Airport,Denver,US,US-CO,NA,medium_airport,3,9000,2+ runways + medium
2,KBKE,BKE,Baker City Municipal Airport,Baker City,US,US-OR,NA,medium_airport,3,5084,2+ runways + medium
2,KBRD,BRD,Brainerd Lakes Regional Airport,Brainerd,US,US-MN,NA,medium_airport,3,7100,2+ runways + medium
2,KBTL,BTL,Battle Creek Executive Airport at Kellogg Field,Battle Creek,US,US-MI,NA,medium_airport,3,10004,2+ runways + medium
2,KBTR,BTR,Baton Rouge Metropolitan Airport,Baton Rouge,US,US-LA,NA,medium_airport,3,7500,2+ runways + medium
2,KBWI,BWI,Baltimore/Washington International Thurgood Marshall Airport,Baltimore,US,US-MD,NA,large_airport,3,10503,2+ runways + international + large
2,KCBM,CBM,Columbus Air Force Base,Columbus,US,US-MS,NA,medium_airport,3,12004,2+ runways + medium
2,KCCY,CCY,Northeast Iowa Regional Airport,Charles City,US,US-IA,NA,medium_airport,3,4000,2+ runways + medium
2,KCLE,CLE,Cleveland Hopkins International Airport,Cleveland,US,US-OH,NA,large_airport,3,9953,2+ runways + international + large
2,KCLT,CLT,Charlotte Douglas International Airport,Charlotte,US,US-NC,NA,large_airport,3,10000,2+ runways + international + large
2,KCMI,CMI,University of Illinois Willard Airport,Savoy,US,US-IL,NA,medium_airport,3,8101,2+ runways + medium
2,KCOS,COS,City of Colorado Springs Municipal Airport,Colorado Springs,US,US-CO,NA,large_airport,3,13500,2+ runways + large
2,KCVN,CVN,Clovis Municipal Airport,Clovis,US,US-NM,NA,medium_airport,3,7200,2+ runways + medium
2,KDAB,DAB,Daytona Beach International Airport,Daytona Beach,US,US-FL,NA,medium_airport,3,10500,2+ runways + international + medium
2,KDAY,DAY,James M. Cox Dayton International Airport,Dayton,US,US-OH,NA,medium_airport,3,10901,2+ runways + international + medium
2,KDCA,DCA,Ronald Reagan Washington National Airport,Washington,US,US-DC,NA,large_airport,3,7169,2+ runways + large
2,KDEC,DEC,Decatur Airport,Decatur,US,US-IL,NA,medium_airport,3,8496,2+ runways + medium
2,KDLF,DLF,Laughlin Air Force Base,Del Rio,US,US-TX,NA,medium_airport,3,8852,2+ runways + medium
2,KDYS,DYS,Dyess Air Force Base,Abilene,US,US-TX,NA,medium_airport,3,13500,2+ runways + medium
2,KEDW,EDW,Edwards Air Force Base,Edwards,US,US-CA,NA,medium_airport,3,16798,2+ runways + medium
2,KELM,ELM,Elmira Corning Regional Airport,Elmira/Corning,US,US-NY,NA,medium_airport,3,8001,2+ runways + medium
2,KELP,ELP,El Paso International Airport,El Paso,US,US-TX,NA,large_airport,3,12020,2+ runways + international + large
2,KEND,END,Vance Air Force Base,Enid,US,US-OK,NA,medium_airport,3,9217,2+ runways + medium
2,KENW,ENW,Kenosha Regional Airport,Kenosha,US,US-WI,NA,medium_airport,3,6600,2+ runways + medium
2,KEVV,EVV,Evansville Regional Airport,Evansville,US,US-IN,NA,medium_airport,3,8021,2+ runways + medium
2,KEWR,EWR,Newark Liberty International Airport,Newark,US,US-NJ,NA,large_airport,3,11000,2+ runways + international + large
2,KFAR,FAR,Hector International Airport,Fargo,US,US-ND,NA,medium_airport,3,9001,2+ runways + international + medium
2,KFHU,FHU,Sierra Vista Municipal Airport / Libby Army Air Field,Fort Huachuca / Sierra Vista,US,US-AZ,NA,medium_airport,3,12001,2+ runways + medium
2,KFSD,FSD,Sioux Falls Regional Airport,Sioux Falls,US,US-SD,NA,medium_airport,3,9000,2+ runways + medium
2,KFTK,FTK,Godman Army Air Field,Fort Knox,US,US-KY,NA,medium_airport,3,5184,2+ runways + medium
2,KFWA,FWA,Fort Wayne International Airport,Fort Wayne,US,US-IN,NA,medium_airport,3,11981,2+ runways + international + medium
2,KGLD,GLD,Goodland Municipal Airport,Goodland,US,US-KS,NA,medium_airport,3,5499,2+ runways + medium
2,KGRR,GRR,Gerald R. Ford International Airport,Grand Rapids,US,US-MI,NA,large_airport,3,10001,2+ runways + international + large
2,KGSO,GSO,Piedmont Triad International Airport,Greensboro,US,US-NC,NA,large_airport,3,10001,2+ runways + international + large
2,KGTB,,Wheeler Sack Army Air Field,Fort Drum,US,US-NY,NA,medium_airport,3,10000,2+ runways + medium
2,KGTF,GTF,Great Falls International Airport,Great Falls,US,US-MT,NA,medium_airport,3,10502,2+ runways + international + medium
2,KGWO,GWO,Greenwood–Leflore Airport,Greenwood,US,US-MS,NA,medium_airport,3,6501,2+ runways + medium
2,KHFD,HFD,Hartford Brainard Airport,Hartford,US,US-CT,NA,medium_airport,3,4417,2+ runways + medium
2,KHIO,HIO,Portland Hillsboro Airport,Portland,US,US-OR,NA,medium_airport,3,6600,2+ runways + medium
2,KHLN,HLN,Helena Regional Airport,Helena,US,US-MT,NA,medium_airport,3,9000,2+ runways + medium
2,KHMN,HMN,Holloman Air Force Base,Alamogordo,US,US-NM,NA,medium_airport,3,12922,2+ runways + medium
2,KHOB,HOB,Lea County Regional Airport,Hobbs,US,US-NM,NA,medium_airport,3,8000,2+ runways + medium
2,KHOU,HOU,William P. Hobby Airport,Houston,US,US-TX,NA,large_airport,3,7602,2+ runways + large
2,KHRL,HRL,Valley International Airport,Harlingen,US,US-TX,NA,medium_airport,3,9400,2+ runways + international + medium
2,KHUT,HUT,Hutchinson Municipal Airport,Hutchinson,US,US-KS,NA,medium_airport,3,7003,2+ runways + medium
2,KHYI,,San Marcos Regional Airport,San Marcos,US,US-TX,NA,medium_airport,3,6330,2+ runways + medium
2,KICT,ICT,Wichita Dwight D. Eisenhower National Airport,Wichita,US,US-KS,NA,medium_airport,3,10302,2+ runways + medium
2,KILG,ILG,Wilmington Airport,Wilmington,US,US-DE,NA,medium_airport,3,7275,2+ runways + medium
2,KIND,IND,Indianapolis International Airport,Indianapolis,US,US-IN,NA,large_airport,3,11200,2+ runways + international + large
2,KISP,ISP,Long Island MacArthur Airport,Islip,US,US-NY,NA,medium_airport,3,7006,2+ runways + medium
2,KIWA,AZA,Mesa Gateway Airport,Mesa,US,US-AZ,NA,medium_airport,3,10401,2+ runways + medium
2,KLAN,LAN,Capital Region International Airport,Lansing,US,US-MI,NA,medium_airport,3,8506,2+ runways + international + medium
2,KLBB,LBB,Lubbock Preston Smith International Airport,Lubbock,US,US-TX,NA,medium_airport,3,11500,2+ runways + international + medium
2,KLFT,LFT,Lafayette Regional Airport,Lafayette,US,US-LA,NA,medium_airport,3,8000,2+ runways + medium
2,KLGB,LGB,Long Beach International Airport,Long Beach,US,US-CA,NA,large_airport,3,10000,2+ runways + international + large
2,KLIT,LIT,Bill & Hillary Clinton National Airport/Adams Field,Little Rock,US,US-AR,NA,medium_airport,3,8273,2+ runways + medium
2,KLNK,LNK,Lincoln Airport,Lincoln,US,US-NE,NA,medium_airport,3,12901,2+ runways + medium
2,KLRD,LRD,Laredo International Airport,Laredo,US,US-TX,NA,medium_airport,3,8743,2+ runways + international + medium
2,KLRU,LRU,Las Cruces International Airport,Las Cruces,US,US-NM,NA,medium_airport,3,7506,2+ runways + international + medium
2,KLSE,LSE,La Crosse Regional Airport,La Crosse,US,US-WI,NA,medium_airport,3,8742,2+ runways + medium
2,KLTS,LTS,Altus Air Force Base,Altus,US,US-OK,NA,medium_airport,3,13440,2+ runways + medium
2,KLUK,LUK,Cincinnati Municipal Airport Lunken Field,Cincinnati,US,US-OH,NA,medium_airport,3,6101,2+ runways + medium
2,KLVM,LVM,Mission Field,Livingston,US,US-MT,NA,medium_airport,3,5701,2+ runways + medium
2,KLWT,LWT,Lewistown Municipal Airport,Lewistown,US,US-MT,NA,medium_airport,3,6100,2+ runways + medium
2,KMCI,MCI,Kansas City International Airport,Kansas City,US,US-MO,NA,large_airport,3,10801,2+ runways + international + large
2,KMCK,MCK,McCook Ben Nelson Regional Airport,McCook,US,US-NE,NA,medium_airport,3,6450,2+ runways + medium
2,KMDH,MDH,Southern Illinois Airport,Murphysboro,US,US-IL,NA,medium_airport,3,6506,2+ runways + medium
2,KMHV,MHV,Mojave Air &  Space Port,Mojave,US,US-CA,NA,medium_airport,3,12503,2+ runways + medium
2,KMLB,MLB,Melbourne Orlando International Airport,Melbourne,US,US-FL,NA,medium_airport,3,10181,2+ runways + international + medium
2,KMLI,MLI,Quad City International Airport,Moline,US,US-IL,NA,medium_airport,3,10002,2+ runways + international + medium
2,KMSN,MSN,Dane County Regional Truax Field,Madison,US,US-WI,NA,medium_airport,3,9006,2+ runways + medium
2,KNEW,NEW,Lakefront Airport,New Orleans,US,US-LA,NA,medium_airport,3,6879,2+ runways + medium
2,KNFL,NFL,Fallon Naval Air Station,Fallon,US,US-NV,NA,medium_airport,3,14001,2+ runways + medium
2,KNHK,NHK,Patuxent River Naval Air Station (Trapnell Field),Patuxent River,US,US-MD,NA,medium_airport,3,11799,2+ runways + medium
2,KNID,,China Lake Naws (Armitage Field) Airport,China Lake,US,US-CA,NA,medium_airport,3,11199,2+ runways + medium
2,KNMM,,Naval Air Station Meridian / McCain Field,Lauderdale,US,US-MS,NA,medium_airport,3,8003,2+ runways + medium
2,KNPA,NPA,Naval Air Station Pensacola Forrest Sherman Field,Pensacola,US,US-FL,NA,medium_airport,3,8001,2+ runways + medium
2,KNQX,NQX,Naval Air Station Key West/Boca Chica Field,Key West,US,US-FL,NA,medium_airport,3,10001,2+ runways + medium
2,KNYL,YUM,Yuma International Airport / Marine Corps Air Station Yuma,Yuma,US,US-AZ,NA,medium_airport,3,13300,2+ runways + international + medium
2,KOMA,OMA,Eppley Airfield,Omaha,US,US-NE,NA,large_airport,3,9502,2+ runways + large
2,KOPF,OPF,Miami-Opa Locka Executive Airport,Miami,US,US-FL,NA,medium_airport,3,8002,2+ runways + medium
2,KOSU,OSU,The Ohio State University Airport - Don Scott Field,Columbus,US,US-OH,NA,medium_airport,3,5004,2+ runways + medium
2,KPDX,PDX,Portland International Airport,Portland,US,US-OR,NA,large_airport,3,11000,2+ runways + international + large
2,KPGD,PGD,Punta Gorda Airport,Punta Gorda,US,US-FL,NA,medium_airport,3,7193,2+ runways + medium
2,KPHX,PHX,Phoenix Sky Harbor International Airport,Phoenix,US,US-AZ,NA,large_airport,3,11489,2+ runways + international + large
2,KPMD,PMD,Palmdale Regional Airport / USAF Plant 42 Airport,Palmdale,US,US-CA,NA,medium_airport,3,12002,2+ runways + medium
2,KPOU,POU,Dutchess County Airport,Poughkeepsie,US,US-NY,NA,medium_airport,3,5001,2+ runways + medium
2,KPRC,PRC,Prescott Regional Airport - Ernest A. Love Field,Prescott,US,US-AZ,NA,medium_airport,3,7619,2+ runways + medium
2,KPRX,PRX,Cox Field,Paris,US,US-TX,NA,medium_airport,3,6002,2+ runways + medium
2,KPSC,PSC,Tri Cities Airport,Pasco,US,US-WA,NA,medium_airport,3,7707,2+ runways + medium
2,KPTK,PTK,Oakland County International Airport,Pontiac,US,US-MI,NA,medium_airport,3,6521,2+ runways + international + medium
2,KPUB,PUB,Pueblo Memorial Airport,Pueblo,US,US-CO,NA,medium_airport,3,10498,2+ runways + medium
2,KRDU,RDU,Raleigh-Durham International Airport,Raleigh/Durham,US,US-NC,NA,large_airport,3,10000,2+ runways + international + large
2,KRNO,RNO,Reno Tahoe International Airport,Reno,US,US-NV,NA,large_airport,3,11001,2+ runways + international + large
2,KROC,ROC,Frederick Douglass Greater Rochester International Airport,Rochester,US,US-NY,NA,large_airport,3,8001,2+ runways + international + large
2,KRVS,RVS,Tulsa Riverside Airport,Tulsa,US,US-OK,NA,medium_airport,3,5101,2+ runways + medium
2,KSAC,SAC,Sacramento Executive Airport,Sacramento,US,US-CA,NA,medium_airport,3,5503,2+ runways + medium
2,KSAF,SAF,Santa Fe Municipal Airport,Santa Fe,US,US-NM,NA,medium_airport,3,8366,2+ runways + medium
2,KSAT,SAT,San Antonio International Airport,San Antonio,US,US-TX,NA,large_airport,3,8505,2+ runways + international + large
2,KSBA,SBA,Santa Barbara Municipal Airport,Santa Barbara,US,US-CA,NA,medium_airport,3,6037,2+ runways + medium
2,KSBN,SBN,South Bend International Airport,South Bend,US,US-IN,NA,medium_airport,3,8412,2+ runways + international + medium
2,KSDF,SDF,Louisville Muhammad Ali International Airport,Louisville,US,US-KY,NA,large_airport,3,11887,2+ runways + international + large
2,KSEA,SEA,Seattle–Tacoma International Airport,Seattle,US,US-WA,NA,large_airport,3,11901,2+ runways + international + large
2,KSFF,SFF,Felts Field,Spokane,US,US-WA,NA,medium_airport,3,6000,2+ runways + medium
2,KSJT,SJT,San Angelo Regional Mathis Field,San Angelo,US,US-TX,NA,medium_airport,3,8054,2+ runways + medium
2,KSPI,SPI,Abraham Lincoln Capital Airport,Springfield,US,US-IL,NA,medium_airport,3,8001,2+ runways + medium
2,KSTP,STP,Saint Paul Downtown Holman Field,Saint Paul,US,US-MN,NA,medium_airport,3,6491,2+ runways + medium
2,KTMB,TMB,Miami Executive Airport,Miami,US,US-FL,NA,medium_airport,3,6000,2+ runways + medium
2,KTOP,TOP,Philip Billard Municipal Airport,Topeka,US,US-KS,NA,medium_airport,3,5099,2+ runways + medium
2,KTPA,TPA,Tampa International Airport,Tampa,US,US-FL,NA,large_airport,3,11002,2+ runways + international + large
2,KTUL,TUL,Tulsa International Airport,Tulsa,US,US-OK,NA,large_airport,3,10000,2+ runways + international + large
2,KTYR,TYR,Tyler Pounds Regional Airport,Tyler,US,US-TX,NA,medium_airport,3,8334,2+ runways + medium
2,KUIN,UIN,Quincy Regional Airport Baldwin Field,Quincy,US,US-IL,NA,medium_airport,3,7098,2+ runways + medium
2,KVGT,VGT,North Las Vegas Airport,Las Vegas,US,US-NV,NA,medium_airport,3,5005,2+ runways + medium
2,KVRB,VRB,Vero Beach Regional Airport,Vero Beach,US,US-FL,NA,medium_airport,3,7314,2+ runways + medium
2,KWRL,WRL,Worland Municipal Airport,Worland,US,US-WY,NA,medium_airport,3,7000,2+ runways + medium
2,KX51,,Miami Homestead General Aviation Airport,Homestead,US,US-FL,NA,medium_airport,3,4000,2+ runways + medium
2,KYNG,YNG,Youngstown Warren Regional Airport,Youngstown/Warren,US,US-OH,NA,medium_airport,3,9003,2+ runways + medium
2,PAAQ,PAQ,"Warren ""Bud"" Woods Palmer Municipal Airport",Palmer,US,US-AK,NA,medium_airport,3,6006,2+ runways + medium
2,PABE,BET,Bethel Airport,Bethel,US,US-AK,NA,medium_airport,3,6400,2+ runways + medium
2,PABI,BIG,Allen Army Airfield,Delta Junction Ft Greely,US,US-AK,NA,medium_airport,3,9000,2+ runways + medium
2,PADQ,ADQ,Kodiak Airport,Kodiak,US,US-AK,NA,medium_airport,3,7534,2+ runways + medium
2,PAEN,ENA,Kenai Municipal Airport,Kenai,US,US-AK,NA,medium_airport,3,7855,2+ runways + medium
2,PAKN,AKN,King Salmon Airport,King Salmon,US,US-AK,NA,medium_airport,3,8901,2+ runways + medium
2,PAMR,MRI,Merrill Field,Anchorage,US,US-AK,NA,medium_airport,3,4000,2+ runways + medium
2,PANC,ANC,Ted Stevens Anchorage International Airport,Anchorage,US,US-AK,NA,large_airport,3,12400,2+ runways + international + large
2,PANN,ENN,Nenana Municipal Airport,Nenana,US,US-AK,NA,medium_airport,3,4600,2+ runways + medium
2,K67L,MFH,Mesquite Airport,Mesquite,US,US-NV,NA,medium_airport,2,5100,2+ runways + medium
2,KABE,ABE,Lehigh Valley International Airport,Allentown/Bethlehem,US,US-PA,NA,medium_airport,2,7599,2+ runways + international + medium
2,KABR,ABR,Aberdeen Regional Airport,Aberdeen,US,US-SD,NA,medium_airport,2,6901,2+ runways + medium
2,KABY,ABY,Southwest Georgia Regional Airport,Albany,US,US-GA,NA,medium_airport,2,6601,2+ runways + medium
2,KACK,ACK,Nantucket Memorial Airport,Nantucket,US,US-MA,NA,medium_airport,2,6303,2+ runways + medium
2,KACT,ACT,Waco Regional Airport,Waco,US,US-TX,NA,medium_airport,2,7107,2+ runways + medium
2,KACV,ACV,California Redwood Coast-Humboldt County Airport,Arcata/Eureka,US,US-CA,NA,medium_airport,2,6046,2+ runways + medium
2,KACY,ACY,Atlantic City International Airport,Atlantic City,US,US-NJ,NA,medium_airport,2,10001,2+ runways + international + medium
2,KADH,ADT,Ada Regional Airport,Ada,US,US-OK,NA,medium_airport,2,6203,2+ runways + medium
2,KADW,ADW,Joint Base Andrews,Camp Springs,US,US-MD,NA,medium_airport,2,11301,2+ runways + medium
2,KAEG,,Double Eagle II Airport,Albuquerque,US,US-NM,NA,medium_airport,2,7398,2+ runways + medium
2,KAFW,AFW,Perot Field/Fort Worth Alliance Airport,Fort Worth,US,US-TX,NA,medium_airport,2,11125,2+ runways + medium
2,KAGS,AGS,Augusta Regional At Bush Field,Augusta,US,US-GA,NA,medium_airport,2,8001,2+ runways + medium
2,KAHN,AHN,Athens Ben Epps Airport,Athens,US,US-GA,NA,medium_airport,2,6122,2+ runways + medium
2,KALB,ALB,Albany International Airport,Albany,US,US-NY,NA,large_airport,2,8500,2+ runways + international + large
2,KALI,ALI,Alice International Airport,Alice,US,US-TX,NA,medium_airport,2,5997,2+ runways + international + medium
2,KALN,ALN,St Louis Regional Airport,Alton/St Louis,US,US-IL,NA,medium_airport,2,8099,2+ runways + medium
2,KALO,ALO,Waterloo Regional Airport,Waterloo,US,US-IA,NA,medium_airport,2,8399,2+ runways + medium
2,KAMA,AMA,Rick Husband Amarillo International Airport,Amarillo,US,US-TX,NA,medium_airport,2,13502,2+ runways + international + medium
2,KAND,AND,Anderson Regional Airport,Anderson,US,US-SC,NA,medium_airport,2,6002,2+ runways + medium
2,KAOO,AOO,Altoona Blair County Airport,Altoona,US,US-PA,NA,medium_airport,2,5465,2+ runways + medium
2,KAPN,APN,Alpena County Regional Airport,Alpena,US,US-MI,NA,medium_airport,2,9001,2+ runways + medium
2,KARA,ARA,Acadiana Regional Airport,New Iberia,US,US-LA,NA,medium_airport,2,8002,2+ runways + medium
2,KART,ART,Watertown International Airport,Watertown,US,US-NY,NA,medium_airport,2,7001,2+ runways + international + medium
2,KAST,AST,Astoria Regional Airport,Astoria,US,US-OR,NA,medium_airport,2,5794,2+ runways + medium
2,KATW,ATW,Appleton International Airport,Appleton,US,US-WI,NA,medium_airport,2,8003,2+ runways + international + medium
2,KATY,ATY,Watertown Regional Airport,Watertown,US,US-SD,NA,medium_airport,2,6898,2+ runways + medium
2,KAUG,AUG,Augusta State Airport,Augusta,US,US-ME,NA,medium_airport,2,5002,2+ runways + medium
2,KAUS,AUS,Austin Bergstrom International Airport,Austin,US,US-TX,NA,large_airport,2,12250,2+ runways + international + large
2,KAVP,AVP,Wilkes-Barre/Scranton International Airport,Wilkes-Barre/Scranton,US,US-PA,NA,medium_airport,2,7502,2+ runways + international + medium
2,KAWO,,Arlington Municipal Airport,Arlington,US,US-WA,NA,medium_airport,2,5332,2+ runways + medium
2,KAXN,AXN,Chandler Field,Alexandria,US,US-MN,NA,medium_airport,2,5099,2+ runways + medium
2,KBAF,BAF,Westfield-Barnes Regional Airport,Westfield,US,US-MA,NA,medium_airport,2,9000,2+ runways + medium
2,KBAK,CLU,Columbus Municipal Airport,Columbus,US,US-IN,NA,medium_airport,2,6401,2+ runways + medium
2,KBAZ,,New Braunfels National Airport,New Braunfels,US,US-TX,NA,medium_airport,2,6503,2+ runways + medium
2,KBDE,BDE,Baudette International Airport,Baudette,US,US-MN,NA,medium_airport,2,6000,2+ runways + international + medium
2,KBDL,BDL,Bradley International Airport,Hartford,US,US-CT,NA,large_airport,2,9510,2+ runways + international + large
2,KBDR,BDR,Igor I Sikorsky Memorial Airport,Bridgeport,US,US-CT,NA,medium_airport,2,4759,2+ runways + medium
2,KBED,BED,Laurence G Hanscom Field,Bedford,US,US-MA,NA,medium_airport,2,7011,2+ runways + medium
2,KBFD,BFD,Bradford Regional Airport,Bradford,US,US-PA,NA,medium_airport,2,6307,2+ runways + medium
2,KBFF,BFF,Western Neb. Rgnl/William B. Heilig Airport,Scottsbluff,US,US-NE,NA,medium_airport,2,8279,2+ runways + medium
2,KBFI,BFI,King County International Airport - Boeing Field,Seattle,US,US-WA,NA,medium_airport,2,10007,2+ runways + international + medium
2,KBFL,BFL,Meadows Field,Bakersfield,US,US-CA,NA,medium_airport,2,10849,2+ runways + medium
2,KBFM,BFM,Mobile Downtown Airport,Mobile,US,US-AL,NA,medium_airport,2,9618,2+ runways + medium
2,KBGM,BGM,Greater Binghamton/Edwin A Link field,Binghamton,US,US-NY,NA,medium_airport,2,7305,2+ runways + medium
2,KBHB,BHB,Hancock County-Bar Harbor Airport,Bar Harbor,US,US-ME,NA,medium_airport,2,5200,2+ runways + medium
2,KBHM,BHM,Birmingham-Shuttlesworth International Airport,Birmingham,US,US-AL,NA,large_airport,2,12007,2+ runways + international + large
2,KBIS,BIS,Bismarck Municipal Airport,Bismarck,US,US-ND,NA,medium_airport,2,8794,2+ runways + medium
2,KBJI,BJI,Bemidji Regional Airport,Bemidji,US,US-MN,NA,medium_airport,2,7004,2+ runways + medium
2,KBKL,BKL,Burke Lakefront Airport,Cleveland,US,US-OH,NA,medium_airport,2,6604,2+ runways + medium
2,KBKW,BKW,Raleigh County Memorial Airport,Beaver,US,US-WV,NA,medium_airport,2,6750,2+ runways + medium
2,KBLH,BLH,Blythe Airport,Blythe,US,US-CA,NA,medium_airport,2,6543,2+ runways + medium
2,KBLV,BLV,Scott AFB/Midamerica Airport,Belleville,US,US-IL,NA,medium_airport,2,10000,2+ runways + medium
2,KBMG,BMG,Monroe County Airport,Bloomington,US,US-IN,NA,medium_airport,2,6500,2+ runways + medium
2,KBMI,BMI,Central Illinois Regional Airport at Bloomington-Normal,Bloomington/Normal,US,US-IL,NA,medium_airport,2,8000,2+ runways + medium
2,KBNO,BNO,Burns Municipal Airport,Burns,US,US-OR,NA,medium_airport,2,5101,2+ runways + medium
2,KBOI,BOI,Boise Air Terminal/Gowen Field,Boise,US,US-ID,NA,large_airport,2,10000,2+ runways + large
2,KBPI,BPI,Miley Memorial Field,Big Piney,US,US-WY,NA,medium_airport,2,6803,2+ runways + medium
2,KBPT,BPT,Jack Brooks Regional Airport,Beaumont/Port Arthur,US,US-TX,NA,medium_airport,2,6751,2+ runways + medium
2,KBRL,BRL,Southeast Iowa Regional Airport,Burlington,US,US-IA,NA,medium_airport,2,6102,2+ runways + medium
2,KBRO,BRO,Brownsville South Padre Island International Airport,Brownsville,US,US-TX,NA,medium_airport,2,7399,2+ runways + international + medium
2,KBTM,BTM,Bert Mooney Airport,Butte,US,US-MT,NA,medium_airport,2,9000,2+ runways + medium
2,KBTV,BTV,Patrick Leahy Burlington International Airport,Burlington,US,US-VT,NA,medium_airport,2,8319,2+ runways + international + medium
2,KBUF,BUF,Buffalo Niagara International Airport,Buffalo,US,US-NY,NA,large_airport,2,8829,2+ runways + international + large
2,KBUR,BUR,Hollywood Burbank/Bob Hope Airport,Burbank,US,US-CA,NA,large_airport,2,6886,2+ runways + large
2,KBVY,BVY,Beverly Regional Airport,Beverly / Danvers,US,US-MA,NA,medium_airport,2,5001,2+ runways + medium
2,KBWG,BWG,Bowling Green Warren County Regional Airport,Bowling Green,US,US-KY,NA,medium_airport,2,6501,2+ runways + medium
2,KBYI,BYI,Burley Municipal Airport,Burley,US,US-ID,NA,medium_airport,2,4092,2+ runways + medium
2,KBYS,BYS,Bicycle Lake Army Air Field,Fort Irwin/Barstow,US,US-CA,NA,medium_airport,2,9631,2+ runways + medium
2,KCAE,CAE,Columbia Metropolitan Airport,Columbia,US,US-SC,NA,medium_airport,2,8601,2+ runways + medium
2,KCAK,CAK,Akron Canton Regional Airport,Akron,US,US-OH,NA,medium_airport,2,8204,2+ runways + medium
2,KCAR,CAR,Caribou Municipal Airport,Caribou,US,US-ME,NA,medium_airport,2,4003,2+ runways + medium
2,KCDC,CDC,Cedar City Regional Airport,Cedar City,US,US-UT,NA,medium_airport,2,8653,2+ runways + medium
2,KCDR,CDR,Chadron Municipal Airport,Chadron,US,US-NE,NA,medium_airport,2,5998,2+ runways + medium
2,KCDS,CDS,Childress Municipal Airport,Childress,US,US-TX,NA,medium_airport,2,5949,2+ runways + medium
2,KCEC,CEC,Jack Mc Namara Field Airport,Crescent City,US,US-CA,NA,medium_airport,2,5002,2+ runways + medium
2,KCEF,CEF,Westover Metropolitan Airport / Westover Air Reserve Base,Chicopee,US,US-MA,NA,medium_airport,2,11597,2+ runways + medium
2,KCGI,CGI,Cape Girardeau Regional Airport,Cape Girardeau,US,US-MO,NA,medium_airport,2,6500,2+ runways + medium
2,KCHA,CHA,Chattanooga Metropolitan Airport (Lovell Field),Chattanooga,US,US-TN,NA,medium_airport,2,7400,2+ runways + medium
2,KCHS,CHS,Charleston International Airport,Charleston,US,US-SC,NA,large_airport,2,9001,2+ runways + international + large
2,KCID,CID,The Eastern Iowa Airport,Cedar Rapids,US,US-IA,NA,medium_airport,2,8600,2+ runways + medium
2,KCIU,CIU,Chippewa County International Airport,Kincheloe,US,US-MI,NA,medium_airport,2,7203,2+ runways + international + medium
2,KCLL,CLL,Easterwood Field,College Station,US,US-TX,NA,medium_airport,2,7000,2+ runways + medium
2,KCLM,CLM,William R Fairchild International Airport,Port Angeles,US,US-WA,NA,medium_airport,2,6347,2+ runways + international + medium
2,KCMA,,Camarillo International Airport,Camarillo,US,US-CA,NA,medium_airport,2,6013,2+ runways + international + medium
2,KCMH,CMH,John Glenn Columbus International Airport,Columbus,US,US-OH,NA,large_airport,2,10114,2+ runways + international + large
2,KCMX,CMX,Houghton County Memorial Airport,Hancock,US,US-MI,NA,medium_airport,2,6501,2+ runways + medium
2,KCOE,COE,Coeur D'Alene Airport - Pappy Boyington Field,Coeur d'Alene,US,US-ID,NA,medium_airport,2,7400,2+ runways + medium
2,KCOF,COF,Patrick Space Force Base,Cocoa Beach,US,US-FL,NA,medium_airport,2,9008,2+ runways + medium
2,KCON,CON,Concord Municipal Airport,Concord,US,US-NH,NA,medium_airport,2,6005,2+ runways + medium
2,KCOU,COU,Columbia Regional Airport,Columbia,US,US-MO,NA,medium_airport,2,7401,2+ runways + medium
2,KCPR,CPR,Casper-Natrona County International Airport,Casper,US,US-WY,NA,medium_airport,2,10165,2+ runways + international + medium
2,KCRG,CRG,Jacksonville Executive at Craig Airport,Jacksonville,US,US-FL,NA,medium_airport,2,4008,2+ runways + medium
2,KCRP,CRP,Corpus Christi International Airport,Corpus Christi,US,US-TX,NA,medium_airport,2,7510,2+ runways + international + medium
2,KCSG,CSG,Columbus Airport,Columbus,US,US-GA,NA,medium_airport,2,6997,2+ runways + medium
2,KCTB,CTB,Cut Bank International Airport,Cut Bank,US,US-MT,NA,medium_airport,2,5300,2+ runways + international + medium
2,KCVO,CVO,Corvallis Municipal Airport,Corvallis,US,US-OR,NA,medium_airport,2,5900,2+ runways + medium
2,KCVS,CVS,Cannon Air Force Base,Clovis,US,US-NM,NA,medium_airport,2,10003,2+ runways + medium
2,KCWA,CWA,Central Wisconsin Airport,Mosinee,US,US-WI,NA,medium_airport,2,7723,2+ runways + medium
2,KCXO,CXO,Conroe-North Houston Regional Airport,Houston,US,US-TX,NA,medium_airport,2,7501,2+ runways + medium
2,KCYS,CYS,Cheyenne Regional Jerry Olson Field,Cheyenne,US,US-WY,NA,medium_airport,2,9270,2+ runways + medium
2,KDAG,DAG,Barstow Daggett Airport,Daggett,US,US-CA,NA,medium_airport,2,6402,2+ runways + medium
2,KDAL,DAL,Dallas Love Field,Dallas,US,US-TX,NA,large_airport,2,8800,2+ runways + large
2,KDAN,DAN,Danville Regional Airport,Danville,US,US-VA,NA,medium_airport,2,5900,2+ runways + medium
2,KDBQ,DBQ,Dubuque Regional Airport,Dubuque,US,US-IA,NA,medium_airport,2,6502,2+ runways + medium
2,KDDC,DDC,Dodge City Regional Airport,Dodge City,US,US-KS,NA,medium_airport,2,6899,2+ runways + medium
2,KDHN,DHN,Dothan Regional Airport,Dothan,US,US-AL,NA,medium_airport,2,8500,2+ runways + medium
2,KDHT,DHT,Dalhart Municipal Airport,Dalhart,US,US-TX,NA,medium_airport,2,6400,2+ runways + medium
2,KDIK,DIK,Dickinson Theodore Roosevelt Regional Airport,Dickinson,US,US-ND,NA,medium_airport,2,7301,2+ runways + medium
2,KDLH,DLH,Duluth International Airport,Duluth,US,US-MN,NA,medium_airport,2,10591,2+ runways + international + medium
2,KDLS,DLS,Columbia Gorge Regional Airport,Dallesport / The Dalles,US,US-OR,NA,medium_airport,2,5097,2+ runways + medium
2,KDMN,DMN,Deming Municipal Airport,Deming,US,US-NM,NA,medium_airport,2,8018,2+ runways + medium
2,KDNL,DNL,Daniel Field,Augusta,US,US-GA,NA,medium_airport,2,4002,2+ runways + medium
2,KDOV,DOV,Dover Civil Air Terminal/Dover Air Force Base,Dover,US,US-DE,NA,medium_airport,2,12903,2+ runways + medium
2,KDRI,DRI,Beauregard Regional Airport,DeRidder,US,US-LA,NA,medium_airport,2,5494,2+ runways + medium
2,KDSM,DSM,Des Moines International Airport,Des Moines,US,US-IA,NA,large_airport,2,9004,2+ runways + international + large
2,KDUG,DUG,Bisbee Douglas International Airport,Douglas Bisbee,US,US-AZ,NA,medium_airport,2,6430,2+ runways + international + medium
2,KDVL,DVL,Devils Lake Regional Airport,Devils Lake,US,US-ND,NA,medium_airport,2,6400,2+ runways + medium
2,KDXR,DXR,Danbury Municipal Airport,Danbury,US,US-CT,NA,medium_airport,2,4421,2+ runways + medium
2,KEAR,EAR,Kearney Regional Airport,Kearney,US,US-NE,NA,medium_airport,2,7094,2+ runways + medium
2,KEAU,EAU,Chippewa Valley Regional Airport,Eau Claire,US,US-WI,NA,medium_airport,2,8101,2+ runways + medium
2,KEDC,,Austin Executive Airport,Pflugerville,US,US-TX,NA,medium_airport,2,6025,2+ runways + medium
2,KEED,EED,Needles Airport,Needles,US,US-CA,NA,medium_airport,2,5005,2+ runways + medium
2,KEEN,EEN,Dillant Hopkins Airport,Keene,US,US-NH,NA,medium_airport,2,6201,2+ runways + medium
2,KEFD,EFD,Ellington Airport,Houston,US,US-TX,NA,medium_airport,2,9001,2+ runways + medium
2,KEKN,EKN,Elkins-Randolph County Regional Airport,Elkins,US,US-WV,NA,medium_airport,2,4544,2+ runways + medium
2,KEKO,EKO,Elko Regional Airport,Elko,US,US-NV,NA,medium_airport,2,7214,2+ runways + medium
2,KELY,ELY,Ely Airport Yelland Field,Ely,US,US-NV,NA,medium_airport,2,6017,2+ runways + medium
2,KENV,ENV,Wendover Airport,Wendover,US,US-UT,NA,medium_airport,2,10002,2+ runways + medium
2,KERI,ERI,Erie International Tom Ridge Field,Erie,US,US-PA,NA,medium_airport,2,8420,2+ runways + international + medium
2,KESC,ESC,Delta County Airport,Escanaba,US,US-MI,NA,medium_airport,2,6498,2+ runways + medium
2,KESF,ESF,Esler Army Airfield / Esler Regional Airport,Alexandria,US,US-LA,NA,medium_airport,2,5998,2+ runways + medium
2,KEUG,EUG,Eugene Airport,Eugene,US,US-OR,NA,medium_airport,2,8009,2+ runways + medium
2,KEWB,EWB,New Bedford Regional Airport,New Bedford,US,US-MA,NA,medium_airport,2,5400,2+ runways + medium
2,KEWN,EWN,Coastal Carolina Regional Airport,New Bern,US,US-NC,NA,medium_airport,2,6452,2+ runways + medium
2,KFAT,FAT,Fresno Yosemite International Airport,Fresno,US,US-CA,NA,large_airport,2,9539,2+ runways + international + large
2,KFAY,FAY,Fayetteville Regional Airport - Grannis Field,Fayetteville,US,US-NC,NA,medium_airport,2,7709,2+ runways + medium
2,KFDY,FDY,Findlay Airport,Findlay,US,US-OH,NA,medium_airport,2,6499,2+ runways + medium
2,KFFO,FFO,Wright-Patterson Air Force Base,Dayton,US,US-OH,NA,medium_airport,2,12600,2+ runways + medium
2,KFKL,FKL,Venango Regional Airport,Franklin,US,US-PA,NA,medium_airport,2,5200,2+ runways + medium
2,KFLL,FLL,Fort Lauderdale Hollywood International Airport,Fort Lauderdale,US,US-FL,NA,large_airport,2,9000,2+ runways + international + large
2,KFLO,FLO,Florence Regional Airport,Florence,US,US-SC,NA,medium_airport,2,6502,2+ runways + medium
2,KFMN,FMN,Four Corners Regional Airport,Farmington,US,US-NM,NA,medium_airport,2,6704,2+ runways + medium
2,KFMY,FMY,Page Field,Fort Myers,US,US-FL,NA,medium_airport,2,6406,2+ runways + medium
2,KFNL,FNL,Northern Colorado Regional Airport,Loveland,US,US-CO,NA,medium_airport,2,8500,2+ runways + medium
2,KFNT,FNT,Bishop International Airport,Flint,US,US-MI,NA,medium_airport,2,7852,2+ runways + international + medium
2,KFOD,FOD,Fort Dodge Regional Airport,Fort Dodge,US,US-IA,NA,medium_airport,2,6547,2+ runways + medium
2,KFOE,FOE,Topeka Regional Airport,Topeka,US,US-KS,NA,medium_airport,2,12803,2+ runways + medium
2,KFPR,FPR,Treasure Coast International Airport,Fort Pierce,US,US-FL,NA,medium_airport,2,6492,2+ runways + international + medium
2,KFRG,FRG,Republic Airport,East Farmingdale,US,US-NY,NA,medium_airport,2,6833,2+ runways + medium
2,KFTW,FTW,Fort Worth Meacham International Airport,Fort Worth,US,US-TX,NA,medium_airport,2,7502,2+ runways + international + medium
2,KFXE,FXE,Fort Lauderdale Executive Airport,Fort Lauderdale,US,US-FL,NA,medium_airport,2,6002,2+ runways + medium
2,KGCC,GCC,Northeast Wyoming Regional Airport,Gillette,US,US-WY,NA,medium_airport,2,7501,2+ runways + medium
2,KGCK,GCK,Garden City Regional Airport,Garden City,US,US-KS,NA,medium_airport,2,7299,2+ runways + medium
2,KGDV,GDV,Dawson Community Airport,Glendive,US,US-MT,NA,medium_airport,2,5704,2+ runways + medium
2,KGEG,GEG,Spokane International Airport,Spokane,US,US-WA,NA,large_airport,2,11002,2+ runways + international + large
2,KGFL,GFL,Floyd Bennett Memorial Airport,Glens Falls,US,US-NY,NA,medium_airport,2,5000,2+ runways + medium
2,KGGG,GGG,East Texas Regional Airport,Longview,US,US-TX,NA,medium_airport,2,10000,2+ runways + medium
2,KGGW,GGW,Glasgow Valley County Airport Wokal Field,Glasgow,US,US-MT,NA,medium_airport,2,5002,2+ runways + medium
2,KGJT,GJT,Grand Junction Regional Airport,Grand Junction,US,US-CO,NA,medium_airport,2,9339,2+ runways + medium
2,KGLH,GLH,Mid Delta Regional Airport,Greenville,US,US-MS,NA,medium_airport,2,8001,2+ runways + medium
2,KGLS,GLS,Scholes International At Galveston Airport,Galveston,US,US-TX,NA,medium_airport,2,6001,2+ runways + international + medium
2,KGMU,GMU,Greenville Downtown Airport,Greenville,US,US-SC,NA,medium_airport,2,5393,2+ runways + medium
2,KGNV,GNV,Gainesville Regional Airport,Gainesville,US,US-FL,NA,medium_airport,2,7504,2+ runways + medium
2,KGON,GON,Groton New London Airport,Groton,US,US-CT,NA,medium_airport,2,5000,2+ runways + medium
2,KGPI,FCA,Glacier Park International Airport,Kalispell,US,US-MT,NA,medium_airport,2,9007,2+ runways + international + medium
2,KGPT,GPT,Gulfport Biloxi International Airport,Gulfport,US,US-MS,NA,medium_airport,2,9002,2+ runways + international + medium
2,KGRB,GRB,Austin Straubel International Airport,Green Bay,US,US-WI,NA,medium_airport,2,8700,2+ runways + international + medium
2,KGRI,GRI,Central Nebraska Regional Airport,Grand Island,US,US-NE,NA,medium_airport,2,7002,2+ runways + medium
2,KGUC,GUC,Gunnison Crested Butte Regional Airport,Gunnison,US,US-CO,NA,medium_airport,2,9400,2+ runways + medium
2,KGUY,GUY,Guymon Municipal Airport,Guymon,US,US-OK,NA,medium_airport,2,5904,2+ runways + medium
2,KGYI,PNX,North Texas Regional Airport Perrin Field,Denison,US,US-TX,NA,medium_airport,2,9000,2+ runways + medium
2,KGYY,GYY,Gary/Chicago International Airport,Gary,US,US-IN,NA,medium_airport,2,8859,2+ runways + international + medium
2,KHBR,HBR,Hobart Regional Airport,Hobart,US,US-OK,NA,medium_airport,2,5507,2+ runways + medium
2,KHEF,MNZ,Washington Manassas Harry P. Davis Field,Manassas,US,US-VA,NA,medium_airport,2,6200,2+ runways + medium
2,KHGR,HGR,Hagerstown Regional Richard A Henson Field,Hagerstown,US,US-MD,NA,medium_airport,2,7000,2+ runways + medium
2,KHIB,HIB,Range Regional Airport,Hibbing,US,US-MN,NA,medium_airport,2,6758,2+ runways + medium
2,KHLG,HLG,Wheeling Ohio County Airport,Wheeling,US,US-WV,NA,medium_airport,2,5002,2+ runways + medium
2,KHON,HON,Huron Regional Airport,Huron,US,US-SD,NA,medium_airport,2,7201,2+ runways + medium
2,KHOP,HOP,Campbell Army Airfield (Fort Campbell),Fort Campbell,US,US-KY,NA,medium_airport,2,10926,2+ runways + medium
2,KHOT,HOT,Memorial Field Airport,Hot Springs,US,US-AR,NA,medium_airport,2,6595,2+ runways + medium
2,KHPN,HPN,Westchester County Airport,White Plains,US,US-NY,NA,medium_airport,2,6549,2+ runways + medium
2,KHSV,HSV,Huntsville International Airport,Huntsville,US,US-AL,NA,medium_airport,2,12600,2+ runways + international + medium
2,KHUF,HUF,"Terre Haute Regional Airport, Hulman Field",Terre Haute,US,US-IN,NA,medium_airport,2,9021,2+ runways + medium
2,KHUL,HUL,Houlton International Airport,Houlton,US,US-ME,NA,medium_airport,2,5015,2+ runways + international + medium
2,KHVR,HVR,Havre City County Airport,Havre,US,US-MT,NA,medium_airport,2,5205,2+ runways + medium
2,KHYA,HYA,Cape Cod Gateway Airport,Hyannis,US,US-MA,NA,medium_airport,2,5425,2+ runways + medium
2,KHYR,HYR,Sawyer County Airport,Hayward,US,US-WI,NA,medium_airport,2,5003,2+ runways + medium
2,KHYS,HYS,Hays Regional Airport,Hays,US,US-KS,NA,medium_airport,2,6501,2+ runways + medium
2,KIAB,IAB,McConnell Air Force Base,Wichita,US,US-KS,NA,medium_airport,2,12007,2+ runways + medium
2,KIAG,IAG,Niagara Falls International Airport,Niagara Falls,US,US-NY,NA,medium_airport,2,9826,2+ runways + international + medium
2,KIDA,IDA,Idaho Falls Regional Airport,Idaho Falls,US,US-ID,NA,medium_airport,2,9002,2+ runways + medium
2,KIGM,IGM,Kingman Airport,Kingman,US,US-AZ,NA,medium_airport,2,6827,2+ runways + medium
2,KIKK,IKK,Greater Kankakee Airport,Kankakee,US,US-IL,NA,medium_airport,2,5981,2+ runways + medium
2,KILM,ILM,Wilmington International Airport,Wilmington,US,US-NC,NA,medium_airport,2,8016,2+ runways + international + medium
2,KILN,ILN,Wilmington Airpark,Wilmington,US,US-OH,NA,medium_airport,2,10701,2+ runways + medium
2,KIMT,IMT,Ford Airport,Kingsford,US,US-MI,NA,medium_airport,2,6502,2+ runways + medium
2,KINK,INK,Winkler County Airport,Wink,US,US-TX,NA,medium_airport,2,5003,2+ runways + medium
2,KINL,INL,Falls International Airport,International Falls,US,US-MN,NA,medium_airport,2,7400,2+ runways + international + medium
2,KINT,INT,Smith Reynolds Airport,Winston Salem,US,US-NC,NA,medium_airport,2,6655,2+ runways + medium
2,KINW,INW,Winslow Lindbergh Regional Airport,Winslow,US,US-AZ,NA,medium_airport,2,7499,2+ runways + medium
2,KIPL,IPL,Imperial County Airport,Imperial,US,US-CA,NA,medium_airport,2,5308,2+ runways + medium
2,KIPT,IPT,Williamsport Regional Airport,Williamsport,US,US-PA,NA,medium_airport,2,6825,2+ runways + medium
2,KIRK,IRK,Kirksville Regional Airport,Kirksville,US,US-MO,NA,medium_airport,2,6005,2+ runways + medium
2,KISM,ISM,Kissimmee Gateway Airport,Orlando,US,US-FL,NA,medium_airport,2,6001,2+ runways + medium
2,KITH,ITH,Ithaca Tompkins Regional Airport,Ithaca,US,US-NY,NA,medium_airport,2,6977,2+ runways + medium
2,KJAN,JAN,Jackson-Medgar Wiley Evers International Airport,Jackson,US,US-MS,NA,medium_airport,2,8500,2+ runways + international + medium
2,KJAX,JAX,Jacksonville International Airport,Jacksonville,US,US-FL,NA,large_airport,2,10000,2+ runways + international + large
2,KJBR,JBR,Jonesboro Municipal Airport,Jonesboro,US,US-AR,NA,medium_airport,2,6200,2+ runways + medium
2,KJCT,JCT,Kimble County Airport,Junction,US,US-TX,NA,medium_airport,2,5004,2+ runways + medium
2,KJHW,JHW,Chautauqua County-Jamestown Airport,Jamestown,US,US-NY,NA,medium_airport,2,5300,2+ runways + medium
2,KJLN,JLN,Joplin Regional Airport,Joplin,US,US-MO,NA,medium_airport,2,6502,2+ runways + medium
2,KJMS,JMS,Jamestown Regional Airport,Jamestown,US,US-ND,NA,medium_airport,2,6502,2+ runways + medium
2,KJST,JST,John Murtha Johnstown Cambria County Airport,Johnstown,US,US-PA,NA,medium_airport,2,7004,2+ runways + medium
2,KJXN,JXN,Jackson County Airport/Reynolds Field,Jackson,US,US-MI,NA,medium_airport,2,5351,2+ runways + medium
2,KLAA,LAA,Southeast Colorado Regional Airport,Lamar,US,US-CO,NA,medium_airport,2,6304,2+ runways + medium
2,KLAF,LAF,Purdue University Airport,West Lafayette,US,US-IN,NA,medium_airport,2,6600,2+ runways + medium
2,KLAL,LAL,Lakeland Linder International Airport,Lakeland,US,US-FL,NA,medium_airport,2,8500,2+ runways + international + medium
2,KLAR,LAR,Laramie Regional Airport,Laramie,US,US-WY,NA,medium_airport,2,8503,2+ runways + medium
2,KLBF,LBF,North Platte Regional Airport Lee Bird Field,North Platte,US,US-NE,NA,medium_airport,2,8001,2+ runways + medium
2,KLBL,LBL,Liberal Mid-America Regional Airport,Liberal,US,US-KS,NA,medium_airport,2,7105,2+ runways + medium
2,KLBT,LBT,Lumberton Regional Airport,Lumberton,US,US-NC,NA,medium_airport,2,5505,2+ runways + medium
2,KLCH,LCH,Lake Charles Regional Airport,Lake Charles,US,US-LA,NA,medium_airport,2,6500,2+ runways + medium
2,KLCK,LCK,Rickenbacker International Airport,Columbus,US,US-OH,NA,medium_airport,2,12103,2+ runways + international + medium
2,KLEB,LEB,Lebanon Municipal Airport,Lebanon,US,US-NH,NA,medium_airport,2,5496,2+ runways + medium
2,KLEE,LEE,Leesburg International Airport,Leesburg,US,US-FL,NA,medium_airport,2,6300,2+ runways + international + medium
2,KLEX,LEX,Blue Grass Airport,Lexington,US,US-KY,NA,medium_airport,2,7004,2+ runways + medium
2,KLFK,LFK,Angelina County Airport,Lufkin,US,US-TX,NA,medium_airport,2,5400,2+ runways + medium
2,KLGA,LGA,LaGuardia Airport,New York,US,US-NY,NA,large_airport,2,7002,2+ runways + large
2,KLGU,LGU,Logan-Cache Airport,Logan,US,US-UT,NA,medium_airport,2,9020,2+ runways + medium
2,KLMT,LMT,Crater Lake-Klamath Regional Airport,Klamath Falls,US,US-OR,NA,medium_airport,2,10302,2+ runways + medium
2,KLNS,LNS,Lancaster Airport,Lancaster,US,US-PA,NA,medium_airport,2,6933,2+ runways + medium
2,KLOL,LOL,Derby Field,Lovelock,US,US-NV,NA,medium_airport,2,5529,2+ runways + medium
2,KLOU,LOU,Bowman Field,Louisville,US,US-KY,NA,medium_airport,2,4358,2+ runways + medium
2,KLRF,LRF,Little Rock Air Force Base,Jacksonville,US,US-AR,NA,medium_airport,2,12001,2+ runways + medium
2,KLSV,LSV,Nellis Air Force Base,Las Vegas,US,US-NV,NA,medium_airport,2,10120,2+ runways + medium
2,KLUF,LUF,Luke Air Force Base,Glendale,US,US-AZ,NA,medium_airport,2,10000,2+ runways + medium
2,KLVS,LVS,Las Vegas Municipal Airport,Las Vegas,US,US-NM,NA,medium_airport,2,8199,2+ runways + medium
2,KLWM,LWM,Lawrence Municipal Airport,Lawrence,US,US-MA,NA,medium_airport,2,5001,2+ runways + medium
2,KLWS,LWS,Lewiston Nez Perce County Airport,Lewiston,US,US-ID,NA,medium_airport,2,6511,2+ runways + medium
2,KLYH,LYH,Lynchburg Regional Airport - Preston Glenn Field,Lynchburg,US,US-VA,NA,medium_airport,2,7100,2+ runways + medium
2,KMBG,MBG,Mobridge Municipal Airport,Mobridge,US,US-SD,NA,medium_airport,2,4410,2+ runways + medium
2,KMBS,MBS,MBS International Airport,Freeland,US,US-MI,NA,medium_airport,2,8002,2+ runways + international + medium
2,KMCN,MCN,Middle Georgia Regional Airport,Macon,US,US-GA,NA,medium_airport,2,6500,2+ runways + medium
2,KMCW,MCW,Mason City Municipal Airport,Mason City,US,US-IA,NA,medium_airport,2,6501,2+ runways + medium
2,KMEI,MEI,Key Field / Meridian Regional Airport,Meridian,US,US-MS,NA,medium_airport,2,10003,2+ runways + medium
2,KMFD,MFD,Mansfield Lahm Regional Airport,Mansfield,US,US-OH,NA,medium_airport,2,9001,2+ runways + medium
2,KMFE,MFE,McAllen Miller International Airport,McAllen,US,US-TX,NA,medium_airport,2,7120,2+ runways + international + medium
2,KMGE,MGE,Dobbins Air Reserve Base,Marietta,US,US-GA,NA,medium_airport,2,10002,2+ runways + medium
2,KMGM,MGM,Montgomery Regional (Dannelly Field) Airport,Montgomery,US,US-AL,NA,medium_airport,2,9020,2+ runways + medium
2,KMHK,MHK,Manhattan Regional Airport,Manhattan,US,US-KS,NA,medium_airport,2,7400,2+ runways + medium
2,KMHR,MHR,Sacramento Mather Airport,Sacramento,US,US-CA,NA,medium_airport,2,11301,2+ runways + medium
2,KMHT,MHT,Manchester-Boston Regional Airport,Manchester,US,US-NH,NA,medium_airport,2,9250,2+ runways + medium
2,KMIE,MIE,Delaware County Johnson Field,Muncie,US,US-IN,NA,medium_airport,2,6500,2+ runways + medium
2,KMIV,MIV,Millville Municipal Airport,Millville,US,US-NJ,NA,medium_airport,2,6003,2+ runways + medium
2,KMKC,MKC,Charles B. Wheeler Downtown Airport,Kansas City,US,US-MO,NA,medium_airport,2,6827,2+ runways + medium
2,KMKG,MKG,Muskegon County Airport,Muskegon,US,US-MI,NA,medium_airport,2,6500,2+ runways + medium
2,KMKL,MKL,McKellar-Sipes Regional Airport,Jackson,US,US-TN,NA,medium_airport,2,6005,2+ runways + medium
2,KMLS,MLS,Miles City Airport - Frank Wiley Field,Miles City,US,US-MT,NA,medium_airport,2,5764,2+ runways + medium
2,KMLU,MLU,Monroe Regional Airport,Monroe,US,US-LA,NA,medium_airport,2,7504,2+ runways + medium
2,KMMT,MMT,Mc Entire Joint National Guard Base,Eastover,US,US-SC,NA,medium_airport,2,9012,2+ runways + medium
2,KMMU,MMU,Morristown Municipal Airport,Morristown,US,US-NJ,NA,medium_airport,2,5998,2+ runways + medium
2,KMMV,,McMinnville Municipal Airport,McMinnville,US,US-OR,NA,medium_airport,2,5420,2+ runways + medium
2,KMOB,MOB,Mobile Regional Airport,Mobile,US,US-AL,NA,medium_airport,2,8502,2+ runways + medium
2,KMOD,MOD,Modesto City Co-Harry Sham Field,Modesto,US,US-CA,NA,medium_airport,2,5904,2+ runways + medium
2,KMOT,MOT,Minot International Airport,Minot,US,US-ND,NA,medium_airport,2,7700,2+ runways + international + medium
2,KMPV,MPV,Edward F Knapp State Airport,Barre/Montpelier,US,US-VT,NA,medium_airport,2,5000,2+ runways + medium
2,KMQY,MQY,Smyrna Airport,Smyrna,US,US-TN,NA,medium_airport,2,8038,2+ runways + medium
2,KMRY,MRY,Monterey Regional Airport,Monterey,US,US-CA,NA,medium_airport,2,7175,2+ runways + medium
2,KMSL,MSL,Northwest Alabama Regional Airport,Muscle Shoals,US,US-AL,NA,medium_airport,2,6693,2+ runways + medium
2,KMSS,MSS,Massena International Airport Richards Field,Massena,US,US-NY,NA,medium_airport,2,5601,2+ runways + international + medium
2,KMSY,MSY,Louis Armstrong New Orleans International Airport,New Orleans,US,US-LA,NA,large_airport,2,10104,2+ runways + international + large
2,KMTJ,MTJ,Montrose Regional Airport,Montrose,US,US-CO,NA,medium_airport,2,10000,2+ runways + medium
2,KMWA,MWA,Veterans Airport of Southern Illinois,Marion,US,US-IL,NA,medium_airport,2,8012,2+ runways + medium
2,KMWL,MWL,Mineral Wells Regional Airport,Mineral Wells,US,US-TX,NA,medium_airport,2,5996,2+ runways + medium
2,KMXF,MXF,Maxwell Air Force Base,Montgomery,US,US-AL,NA,medium_airport,2,8008,2+ runways + medium
2,KMYV,MYV,Yuba County Airport,Marysville,US,US-CA,NA,medium_airport,2,6007,2+ runways + medium
2,KNBC,,Beaufort MCAS - Merritt Field,Beaufort,US,US-SC,NA,medium_airport,2,12202,2+ runways + medium
2,KNBG,NBG,New Orleans NAS JRB/Alvin Callender Field,New Orleans,US,US-LA,NA,medium_airport,2,10000,2+ runways + medium
2,KNCA,,MCAS New River / McCutcheon Field,Jacksonville,US,US-NC,NA,medium_airport,2,5125,2+ runways + medium
2,KNDZ,,Whiting Field Naval Air Station South Airport,Milton,US,US-FL,NA,medium_airport,2,6002,2+ runways + medium
2,KNEL,NEL,Lakehurst Maxfield Field Airport,Lakehurst,US,US-NJ,NA,medium_airport,2,5002,2+ runways + medium
2,KNIP,NIP,Jacksonville Naval Air Station (Towers Field),Jacksonville,US,US-FL,NA,medium_airport,2,9003,2+ runways + medium
2,KNJK,NJK,El Centro NAF Airport (Vraciu Field),El Centro,US,US-CA,NA,medium_airport,2,9503,2+ runways + medium
2,KNLC,NLC,Lemoore Naval Air Station (Reeves Field) Airport,Lemoore,US,US-CA,NA,medium_airport,2,13502,2+ runways + medium
2,KNSE,NSE,Whiting Field Naval Air Station - North,Milton,US,US-FL,NA,medium_airport,2,6003,2+ runways + medium
2,KNTD,NTD,Point Mugu Naval Air Station (Naval Base Ventura Co),Point Mugu,US,US-CA,NA,medium_airport,2,11102,2+ runways + medium
2,KNUQ,NUQ,Moffett Federal Airfield,Mountain View,US,US-CA,NA,medium_airport,2,9197,2+ runways + medium
2,KNUW,NUW,Whidbey Island Naval Air Station (Ault Field),Oak Harbor,US,US-WA,NA,medium_airport,2,8001,2+ runways + medium
2,KNZY,NZY,North Island Naval Air Station-Halsey Field,San Diego,US,US-CA,NA,medium_airport,2,8001,2+ runways + medium
2,KOFK,OFK,Karl Stefan Memorial Airport,Norfolk,US,US-NE,NA,medium_airport,2,5806,2+ runways + medium
2,KOGB,OGB,Orangeburg Municipal Airport,Orangeburg,US,US-SC,NA,medium_airport,2,5399,2+ runways + medium
2,KOGD,OGD,Ogden Hinckley Airport,Ogden,US,US-UT,NA,medium_airport,2,8107,2+ runways + medium
2,KOLM,OLM,Olympia Regional Airport,Olympia,US,US-WA,NA,medium_airport,2,5500,2+ runways + medium
2,KOLU,OLU,Columbus Municipal Airport,Columbus,US,US-NE,NA,medium_airport,2,6801,2+ runways + medium
2,KONP,ONP,Newport Municipal Airport,Newport,US,US-OR,NA,medium_airport,2,5398,2+ runways + medium
2,KONT,ONT,Ontario International Airport,Ontario,US,US-CA,NA,large_airport,2,12197,2+ runways + international + large
2,KOQU,NCO,Quonset State Airport,North Kingstown,US,US-RI,NA,medium_airport,2,7000,2+ runways + medium
2,KORF,ORF,Norfolk International Airport,Norfolk,US,US-VA,NA,large_airport,2,9001,2+ runways + international + large
2,KORH,ORH,Worcester Regional Airport,Worcester,US,US-MA,NA,medium_airport,2,7001,2+ runways + medium
2,KORL,ORL,Orlando Executive Airport,Orlando,US,US-FL,NA,medium_airport,2,6004,2+ runways + medium
2,KOTH,OTH,Southwest Oregon Regional Airport,North Bend,US,US-OR,NA,medium_airport,2,5980,2+ runways + medium
2,KOTM,OTM,Ottumwa Regional Airport,Ottumwa,US,US-IA,NA,medium_airport,2,6001,2+ runways + medium
2,KOWB,OWB,Owensboro Daviess County Airport,Owensboro,US,US-KY,NA,medium_airport,2,8000,2+ runways + medium
2,KOWD,OWD,Norwood Memorial Airport,Norwood,US,US-MA,NA,medium_airport,2,4007,2+ runways + medium
2,KOXB,OCE,Ocean City Municipal Airport,Ocean City,US,US-MD,NA,medium_airport,2,4074,2+ runways + medium
2,KOZR,OZR,Cairns AAF (Fort Rucker) Air Field,Fort Rucker/Ozark,US,US-AL,NA,medium_airport,2,5025,2+ runways + medium
2,KPAE,PAE,Seattle Paine Field International Airport,Everett,US,US-WA,NA,medium_airport,2,9010,2+ runways + international + medium
2,KPAH,PAH,Barkley Regional Airport,Paducah,US,US-KY,NA,medium_airport,2,6499,2+ runways + medium
2,KPAM,PAM,Tyndall Air Force Base,Panama City,US,US-FL,NA,medium_airport,2,10107,2+ runways + medium
2,KPCW,,Erie-Ottawa International Airport,Port Clinton,US,US-OH,NA,medium_airport,2,5646,2+ runways + international + medium
2,KPDT,PDT,Eastern Oregon Regional Airport at Pendleton,Pendleton,US,US-OR,NA,medium_airport,2,6301,2+ runways + medium
2,KPGA,PGA,Page Municipal Airport,Page,US,US-AZ,NA,medium_airport,2,5950,2+ runways + medium
2,KPGV,PGV,Pitt-Greenville Airport,Greenville,US,US-NC,NA,medium_airport,2,7175,2+ runways + medium
2,KPHF,PHF,Newport News Williamsburg International Airport,Newport News,US,US-VA,NA,medium_airport,2,8003,2+ runways + international + medium
2,KPIA,PIA,General Wayne A. Downing Peoria International Airport,Peoria,US,US-IL,NA,medium_airport,2,10104,2+ runways + international + medium
2,KPIE,PIE,St. Petersburg Clearwater International Airport,Pinellas Park,US,US-FL,NA,large_airport,2,9730,2+ runways + international + large
2,KPIH,PIH,Pocatello Regional Airport,Pocatello,US,US-ID,NA,medium_airport,2,9059,2+ runways + medium
2,KPIR,PIR,Pierre Regional Airport,Pierre,US,US-SD,NA,medium_airport,2,6900,2+ runways + medium
2,KPKB,PKB,Mid Ohio Valley Regional Airport,Parkersburg (Williamstown),US,US-WV,NA,medium_airport,2,7240,2+ runways + medium
2,KPLN,PLN,Pellston Regional Airport of Emmet County Airport,Pellston,US,US-MI,NA,medium_airport,2,6513,2+ runways + medium
2,KPNE,PNE,Northeast Philadelphia Airport,Philadelphia,US,US-PA,NA,medium_airport,2,7000,2+ runways + medium
2,KPNS,PNS,Pensacola International Airport,Pensacola,US,US-FL,NA,large_airport,2,7004,2+ runways + international + large
2,KPOB,POB,Pope Field,Fort Bragg,US,US-NC,NA,medium_airport,2,7501,2+ runways + medium
2,KPQI,PQI,Presque Isle International Airport,Presque Isle,US,US-ME,NA,medium_airport,2,7441,2+ runways + international + medium
2,KPRB,PRB,Paso Robles Municipal Airport,Paso Robles,US,US-CA,NA,medium_airport,2,6008,2+ runways + medium
2,KPSP,PSP,Palm Springs International Airport,Palm Springs,US,US-CA,NA,large_airport,2,10000,2+ runways + international + large
2,KPVD,PVD,Rhode Island T. F. Green International Airport,Providence/Warwick,US,US-RI,NA,large_airport,2,8700,2+ runways + international + large
2,KPVU,PVU,Provo Municipal Airport,Provo,US,US-UT,NA,medium_airport,2,8603,2+ runways + medium
2,KPWK,PWK,Chicago Executive Airport,Chicago/Prospect Heights/Wheeling,US,US-IL,NA,medium_airport,2,5001,2+ runways + medium
2,KPWM,PWM,Portland International Jetport,Portland,US,US-ME,NA,large_airport,2,7200,2+ runways + international + large
2,KRAL,RAL,Riverside Municipal Airport,Riverside,US,US-CA,NA,medium_airport,2,5401,2+ runways + medium
2,KRAP,RAP,Rapid City Regional Airport,Rapid City,US,US-SD,NA,medium_airport,2,8701,2+ runways + medium
2,KRDD,RDD,Redding Municipal Airport,Redding,US,US-CA,NA,medium_airport,2,7003,2+ runways + medium
2,KRDG,RDG,Reading Regional Airport (Carl A Spaatz Field),Reading,US,US-PA,NA,medium_airport,2,6350,2+ runways + medium
2,KRDM,RDM,Roberts Field,Redmond,US,US-OR,NA,medium_airport,2,7038,2+ runways + medium
2,KRFD,RFD,Chicago Rockford International Airport,Chicago/Rockford,US,US-IL,NA,medium_airport,2,10002,2+ runways + international + medium
2,KRHI,RHI,Rhinelander Oneida County Airport,Rhinelander,US,US-WI,NA,medium_airport,2,6800,2+ runways + medium
2,KRIC,RIC,Richmond International Airport,Richmond,US,US-VA,NA,large_airport,2,9003,2+ runways + international + large
2,KRIW,RIW,Central Wyoming Regional Airport,Riverton,US,US-WY,NA,medium_airport,2,8204,2+ runways + medium
2,KRKD,RKD,Knox County Regional Airport,Rockland,US,US-ME,NA,medium_airport,2,5412,2+ runways + medium
2,KRKS,RKS,Southwest Wyoming Regional Airport,Rock Springs,US,US-WY,NA,medium_airport,2,10002,2+ runways + medium
2,KRMG,RMG,Richard B Russell Airport,Rome,US,US-GA,NA,medium_airport,2,7010,2+ runways + medium
2,KRND,RND,Randolph Air Force Base,Universal City,US,US-TX,NA,medium_airport,2,8352,2+ runways + medium
2,KRNH,RNH,New Richmond Regional Airport,New Richmond,US,US-WI,NA,medium_airport,2,5507,2+ runways + medium
2,KROA,ROA,Roanoke–Blacksburg Regional Airport,Roanoke,US,US-VA,NA,medium_airport,2,6800,2+ runways + medium
2,KROW,ROW,Roswell Air Center Airport,Roswell,US,US-NM,NA,medium_airport,2,13000,2+ runways + medium
2,KRSL,RSL,Russell Municipal Airport,Russell,US,US-KS,NA,medium_airport,2,5000,2+ runways + medium
2,KRST,RST,Rochester International Airport,Rochester,US,US-MN,NA,medium_airport,2,9034,2+ runways + international + medium
2,KRUT,RUT,Rutland - Southern Vermont Regional Airport,Rutland,US,US-VT,NA,medium_airport,2,5304,2+ runways + medium
2,KRWF,RWF,Redwood Falls Municipal Airport,Redwood Falls,US,US-MN,NA,medium_airport,2,4001,2+ runways + medium
2,KRWL,RWL,Rawlins Municipal Airport/Harvey Field,Rawlins,US,US-WY,NA,medium_airport,2,7008,2+ runways + medium
2,KSAV,SAV,Savannah Hilton Head International Airport,Savannah,US,US-GA,NA,large_airport,2,9351,2+ runways + international + large
2,KSBP,SBP,San Luis County Regional Airport,San Luis Obispo,US,US-CA,NA,medium_airport,2,6101,2+ runways + medium
2,KSBY,SBY,Salisbury Ocean City Wicomico Regional Airport,Salisbury,US,US-MD,NA,medium_airport,2,6400,2+ runways + medium
2,KSCH,SCH,Schenectady County Airport,Schenectady,US,US-NY,NA,medium_airport,2,7001,2+ runways + medium
2,KSCK,SCK,Stockton Metropolitan Airport,Stockton,US,US-CA,NA,medium_airport,2,10245,2+ runways + medium
2,KSDM,SDM,Brown Field Municipal Airport,San Diego,US,US-CA,NA,medium_airport,2,7972,2+ runways + medium
2,KSDY,SDY,Sidney - Richland Regional Airport,Sidney,US,US-MT,NA,medium_airport,2,5705,2+ runways + medium
2,KSGF,SGF,Springfield Branson National Airport,Springfield,US,US-MO,NA,medium_airport,2,8000,2+ runways + medium
2,KSGH,SGH,Springfield-Beckley Municipal Airport,Springfield,US,US-OH,NA,medium_airport,2,9010,2+ runways + medium
2,KSHR,SHR,Sheridan County Airport,Sheridan,US,US-WY,NA,medium_airport,2,8301,2+ runways + medium
2,KSHV,SHV,Shreveport Regional Airport,Shreveport,US,US-LA,NA,medium_airport,2,8348,2+ runways + medium
2,KSJC,SJC,Mineta San Jose International Airport,San Jose,US,US-CA,NA,large_airport,2,11000,2+ runways + international + large
2,KSLE,SLE,Salem-Willamette Valley Airport/McNary Field,Salem,US,US-OR,NA,medium_airport,2,5811,2+ runways + medium
2,KSLI,,Los Alamitos Army Air Field,Los Alamitos,US,US-CA,NA,medium_airport,2,7999,2+ runways + medium
2,KSLK,SLK,Adirondack Regional Airport,Saranac Lake,US,US-NY,NA,medium_airport,2,6573,2+ runways + medium
2,KSMF,SMF,Sacramento International Airport,Sacramento,US,US-CA,NA,large_airport,2,8605,2+ runways + international + large
2,KSMX,SMX,Santa Maria Public Airport Captain G Allan Hancock Field,Santa Maria,US,US-CA,NA,medium_airport,2,8004,2+ runways + medium
2,KSNA,SNA,John Wayne Orange County International Airport,Santa Ana,US,US-CA,NA,large_airport,2,5700,2+ runways + international + large
2,KSNS,SNS,Salinas Municipal Airport,Salinas,US,US-CA,NA,medium_airport,2,6004,2+ runways + medium
2,KSNY,SNY,Sidney Municipal Airport Lloyd W Carr Field,Sidney,US,US-NE,NA,medium_airport,2,6600,2+ runways + medium
2,KSOW,SOW,Show Low Regional Airport,Show Low,US,US-AZ,NA,medium_airport,2,7202,2+ runways + medium
2,KSRQ,SRQ,Sarasota Bradenton International Airport,Sarasota/Bradenton,US,US-FL,NA,large_airport,2,9500,2+ runways + international + large
2,KSRR,RUI,Sierra Blanca Regional Airport,Alto,US,US-NM,NA,medium_airport,2,8120,2+ runways + medium
2,KSSC,SSC,Shaw Air Force Base,Sumter,US,US-SC,NA,medium_airport,2,10014,2+ runways + medium
2,KSSF,SSF,Stinson Municipal Airport,San Antonio,US,US-TX,NA,medium_airport,2,5000,2+ runways + medium
2,KSSI,SSI,St Simons Island Airport,St Simons Island,US,US-GA,NA,medium_airport,2,5584,2+ runways + medium
2,KSTC,STC,Saint Cloud Regional Airport,Saint Cloud,US,US-MN,NA,medium_airport,2,7500,2+ runways + medium
2,KSTJ,STJ,Rosecrans Memorial Airport,St Joseph,US,US-MO,NA,medium_airport,2,8061,2+ runways + medium
2,KSTS,STS,Charles M. Schulz Sonoma County Airport,Santa Rosa,US,US-CA,NA,medium_airport,2,6000,2+ runways + medium
2,KSUS,SUS,Spirit of St Louis Airport,St Louis,US,US-MO,NA,medium_airport,2,7486,2+ runways + medium
2,KSUU,SUU,Travis Air Force Base,Fairfield,US,US-CA,NA,medium_airport,2,11001,2+ runways + medium
2,KSUX,SUX,Sioux Gateway Airport / Brigadier General Bud Day Field,Sioux City,US,US-IA,NA,medium_airport,2,9002,2+ runways + medium
2,KSWF,SWF,New York Stewart International Airport,Newburgh,US,US-NY,NA,medium_airport,2,11817,2+ runways + international + medium
2,KSWO,SWO,Stillwater Regional Airport,Stillwater,US,US-OK,NA,medium_airport,2,7401,2+ runways + medium
2,KSYR,SYR,Syracuse Hancock International Airport,Syracuse,US,US-NY,NA,large_airport,2,9013,2+ runways + international + large
2,KTCC,TCC,Tucumcari Municipal Airport,Tucumcari,US,US-NM,NA,medium_airport,2,7104,2+ runways + medium
2,KTCL,TCL,Tuscaloosa National Airport,Tuscaloosa,US,US-AL,NA,medium_airport,2,6498,2+ runways + medium
2,KTCM,TCM,McChord Air Force Base,Tacoma,US,US-WA,NA,medium_airport,2,10108,2+ runways + medium
2,KTEB,TEB,Teterboro Airport,Teterboro,US,US-NJ,NA,medium_airport,2,6997,2+ runways + medium
2,KTIK,TIK,Tinker Air Force Base,Oklahoma City,US,US-OK,NA,medium_airport,2,11100,2+ runways + medium
2,KTIX,TIX,Space Coast Regional Airport,Titusville,US,US-FL,NA,medium_airport,2,7319,2+ runways + medium
2,KTLH,TLH,Tallahassee International Airport,Tallahassee,US,US-FL,NA,medium_airport,2,8000,2+ runways + international + medium
2,KTOI,TOI,Troy Municipal Airport at N Kenneth Campbell Field,Troy,US,US-AL,NA,medium_airport,2,6197,2+ runways + medium
2,KTOL,TOL,Eugene F. Kranz Toledo Express Airport,Toledo,US,US-OH,NA,medium_airport,2,10600,2+ runways + medium
2,KTPH,TPH,Tonopah Airport,Tonopah,US,US-NV,NA,medium_airport,2,7160,2+ runways + medium
2,KTPL,TPL,Draughon Miller Central Texas Regional Airport,Temple,US,US-TX,NA,medium_airport,2,7000,2+ runways + medium
2,KTRI,TRI,Tri-Cities Regional TN/VA Airport,Blountville,US,US-TN,NA,medium_airport,2,8000,2+ runways + medium
2,KTRK,TKF,Truckee Tahoe Airport,Truckee,US,US-CA,NA,medium_airport,2,7001,2+ runways + medium
2,KTRM,TRM,Jacqueline Cochran Regional Airport,Palm Springs,US,US-CA,NA,medium_airport,2,8500,2+ runways + medium
2,KTTN,TTN,Trenton Mercer Airport,Ewing Township,US,US-NJ,NA,medium_airport,2,6006,2+ runways + medium
2,KTUS,TUS,Tucson International Airport,Tucson,US,US-AZ,NA,large_airport,2,10996,2+ runways + international + large
2,KTVC,TVC,Cherry Capital Airport,Traverse City,US,US-MI,NA,medium_airport,2,7016,2+ runways + medium
2,KTWF,TWF,Joslin Field Magic Valley Regional Airport,Twin Falls,US,US-ID,NA,medium_airport,2,8704,2+ runways + medium
2,KTXK,TXK,Texarkana Regional Airport (Webb Field),Texarkana,US,US-AR,NA,medium_airport,2,6602,2+ runways + medium
2,KTYS,TYS,McGhee Tyson Airport,Knoxville/Maryville,US,US-TN,NA,large_airport,2,10000,2+ runways + large
2,KUUU,NPT,Newport State Airport,Newport,US,US-RI,NA,medium_airport,2,2999,2+ runways + medium
2,KVAD,VAD,Moody Air Force Base,Valdosta,US,US-GA,NA,medium_airport,2,9300,2+ runways + medium
2,KVCT,VCT,Victoria Regional Airport,Victoria,US,US-TX,NA,medium_airport,2,9111,2+ runways + medium
2,KVLD,VLD,Valdosta Regional Airport,Valdosta,US,US-GA,NA,medium_airport,2,8003,2+ runways + medium
2,KVNY,VNY,Van Nuys Airport,Van Nuys,US,US-CA,NA,medium_airport,2,8001,2+ runways + medium
2,KVPS,VPS,Destin-Fort Walton Beach Airport,Valparaiso,US,US-FL,NA,medium_airport,2,12004,2+ runways + medium
2,KVPZ,VPZ,Porter County Municipal Airport,Valparaiso,US,US-IN,NA,medium_airport,2,7001,2+ runways + medium
2,KVTN,VTN,Miller Field,Valentine,US,US-NE,NA,medium_airport,2,4705,2+ runways + medium
2,KWMC,WMC,Winnemucca Municipal Airport,Winnemucca,US,US-NV,NA,medium_airport,2,7000,2+ runways + medium
2,KWRI,WRI,Mc Guire Air Force Base,Wrightstown,US,US-NJ,NA,medium_airport,2,11451,2+ runways + medium
2,KWST,WST,Westerly State Airport,Westerly,US,US-RI,NA,medium_airport,2,4010,2+ runways + medium
2,KWWD,WWD,Cape May County Airport,Wildwood,US,US-NJ,NA,medium_airport,2,5252,2+ runways + medium
2,KWWR,WWR,West Woodward Airport,Woodward,US,US-OK,NA,medium_airport,2,5502,2+ runways + medium
2,KXNA,XNA,Northwest Arkansas National Airport,Fayetteville/Springdale/Rogers,US,US-AR,NA,medium_airport,2,8801,2+ runways + medium
2,KYIP,YIP,Willow Run Airport,Detroit,US,US-MI,NA,medium_airport,2,7543,2+ runways + medium
2,KYKM,YKM,Yakima Air Terminal McAllister Field,Yakima,US,US-WA,NA,medium_airport,2,7604,2+ runways + medium
2,KYKN,YKN,Chan Gurney Municipal Airport,Yankton,US,US-SD,NA,medium_airport,2,6094,2+ runways + medium
2,KZZV,ZZV,Zanesville Municipal Airport,Zanesville,US,US-OH,NA,medium_airport,2,4999,2+ runways + medium
2,PABV,,Birchwood Airport,Birchwood,US,US-AK,NA,medium_airport,2,4012,2+ runways + medium
2,PACD,CDB,Cold Bay Airport,Cold Bay,US,US-AK,NA,medium_airport,2,10179,2+ runways + medium
2,PACV,CDV,Merle K (Mudhole) Smith Airport,Cordova,US,US-AK,NA,medium_airport,2,7500,2+ runways + medium
2,PADE,DRG,Deering Airport,Deering,US,US-AK,NA,medium_airport,2,3320,2+ runways + medium
2,PAED,EDF,Elmendorf Air Force Base,Anchorage,US,US-AK,NA,medium_airport,2,10000,2+ runways + medium
2,PAFM,ABL,Ambler Airport,Ambler,US,US-AK,NA,medium_airport,2,4000,2+ runways + medium
2,PAGA,GAL,Edward G. Pitka Sr Airport,Galena,US,US-AK,NA,medium_airport,2,6000,2+ runways + medium
2,PAGS,GST,Gustavus Airport,Gustavus,US,US-AK,NA,medium_airport,2,6720,2+ runways + medium
2,PAII,EGX,Egegik Airport,Egegik,US,US-AK,NA,medium_airport,2,5600,2+ runways + medium
2,PAJN,JNU,Juneau International Airport,Juneau,US,US-AK,NA,medium_airport,2,8857,2+ runways + international + medium
2,PAMC,MCG,McGrath Airport,McGrath,US,US-AK,NA,medium_airport,2,5936,2+ runways + medium
2,PANT,ANN,Annette Island Airport,Metlakatla,US,US-AK,NA,medium_airport,2,7493,2+ runways + medium
2,PAOM,OME,Nome Airport,Nome,US,US-AK,NA,medium_airport,2,6176,2+ runways + medium
2,PAOT,OTZ,Ralph Wien Memorial Airport,Kotzebue,US,US-AK,NA,medium_airport,2,6300,2+ runways + medium
2,PAPH,PTH,Port Heiden Airport,Port Heiden,US,US-AK,NA,medium_airport,2,5000,2+ runways + medium
2,PAUN,UNK,Unalakleet Airport,Unalakleet,US,US-AK,NA,medium_airport,2,5900,2+ runways + medium
2,PAWD,SWD,Seward Airport,Seward,US,US-AK,NA,medium_airport,2,4249,2+ runways + medium
2,PAWS,WWA,Wasilla Airport,Wasilla,US,US-AK,NA,medium_airport,2,3700,2+ runways + medium
2,PAYA,YAK,Yakutat Airport,Yakutat,US,US-AK,NA,medium_airport,2,7732,2+ runways + medium
2,07FA,OCA,Ocean Reef Club Airport,Key Largo,US,US-FL,NA,medium_airport,1,4500,medium
2,K76F,,Van Zandt County Regional Airport,Wills Point,US,US-TX,NA,medium_airport,1,3230,medium
2,K79J,,South Alabama Regional At Bill Benton Field Airport,Andalusia/Opp,US,US-AL,NA,medium_airport,1,6000,medium
2,KAEX,AEX,Alexandria International Airport,Alexandria,US,US-LA,NA,medium_airport,1,9352,international + medium
2,KAKR,AKC,Akron Fulton International Airport,Akron,US,US-OH,NA,medium_airport,1,6336,international + medium
2,KALM,ALM,Alamogordo White Sands Regional Airport,Alamogordo,US,US-NM,NA,medium_airport,1,9207,medium
2,KALS,ALS,San Luis Valley Regional Airport/Bergman Field,Alamosa,US,US-CO,NA,medium_airport,1,8521,medium
2,KALW,ALW,Walla Walla Regional Airport,Walla Walla,US,US-WA,NA,medium_airport,1,6527,medium
2,KANB,ANB,Anniston Regional Airport,Anniston,US,US-AL,NA,medium_airport,1,7002,medium
2,KAPG,APG,Phillips Army Air Field,Aberdeen,US,US-MD,NA,medium_airport,1,7998,medium
2,KASE,ASE,Aspen-Pitkin County Airport (Sardy Field),Aspen,US,US-CO,NA,medium_airport,1,8006,medium
2,KAVL,AVL,Asheville Regional Airport,Asheville,US,US-NC,NA,medium_airport,1,8002,medium
2,KBAB,BAB,Beale Air Force Base,Beale Air Force Base,US,US-CA,NA,medium_airport,1,12001,medium
2,KBAD,BAD,Barksdale Air Force Base,Bossier City,US,US-LA,NA,medium_airport,1,11758,medium
2,KBBD,BBD,Curtis Field,Brady,US,US-TX,NA,medium_airport,1,4605,medium
2,KBBG,BKG,Branson Airport,Branson,US,US-MO,NA,medium_airport,1,7140,medium
2,KBCE,BCE,Bryce Canyon Airport,Bryce Canyon,US,US-UT,NA,medium_airport,1,7395,medium
2,KBCT,BCT,Boca Raton Airport,Boca Raton,US,US-FL,NA,medium_airport,1,6276,medium
2,KBGR,BGR,Bangor International Airport,Bangor,US,US-ME,NA,medium_airport,1,11440,international + medium
2,KBIF,BIF,Biggs Army Air Field (Fort Bliss),Fort Bliss/El Paso,US,US-TX,NA,medium_airport,1,13554,medium
2,KBIX,BIX,Keesler Air Force Base,Biloxi,US,US-MS,NA,medium_airport,1,7630,medium
2,KBKF,BFK,Buckley Space Force Base,Aurora,US,US-CO,NA,medium_airport,1,11006,medium
2,KBLF,BLF,Mercer County Airport,Bluefield,US,US-WV,NA,medium_airport,1,4743,medium
2,KBLI,BLI,Bellingham International Airport,Bellingham,US,US-WA,NA,medium_airport,1,6700,international + medium
2,KBPK,WMH,Ozark Regional Airport,Mountain Home,US,US-AR,NA,medium_airport,1,5000,medium
2,KBQK,BQK,Brunswick Golden Isles Airport,Brunswick,US,US-GA,NA,medium_airport,1,8001,medium
2,KBVI,BFP,Beaver County Airport,Beaver Falls,US,US-PA,NA,medium_airport,1,4501,medium
2,KBXM,NHZ,Brunswick Executive Airport,Brunswick,US,US-ME,NA,medium_airport,1,8000,medium
2,KBYH,BYH,Arkansas International Airport,Blytheville,US,US-AR,NA,medium_airport,1,11602,international + medium
2,KCEW,CEW,Bob Sikes Airport,Crestview,US,US-FL,NA,medium_airport,1,8006,medium
2,KCEZ,CEZ,Cortez Municipal Airport,Cortez,US,US-CO,NA,medium_airport,1,7205,medium
2,KCGF,CGF,Cuyahoga County Airport,Cleveland,US,US-OH,NA,medium_airport,1,5502,medium
2,KCHO,CHO,Charlottesville Albemarle Airport,Charlottesville,US,US-VA,NA,medium_airport,1,6801,medium
2,KCKB,CKB,North Central West Virginia Airport,Bridgeport,US,US-WV,NA,medium_airport,1,7800,medium
2,KCNU,CNU,Chanute Martin Johnson Airport,Chanute,US,US-KS,NA,medium_airport,1,4254,medium
2,KCNY,CNY,Canyonlands Regional Airport,Moab,US,US-UT,NA,medium_airport,1,7360,medium
2,KCOD,COD,Yellowstone Regional Airport,Cody,US,US-WY,NA,medium_airport,1,8268,medium
2,KCRE,CRE,Grand Strand Airport,North Myrtle Beach,US,US-SC,NA,medium_airport,1,5997,medium
2,KCRQ,CLD,McClellan-Palomar Airport,Carlsbad,US,US-CA,NA,medium_airport,1,4897,medium
2,KCRW,CRW,Yeager Airport,Charleston,US,US-WV,NA,medium_airport,1,6715,medium
2,KCSV,CSV,Crossville Memorial Airport Whitson Field,Crossville,US,US-TN,NA,medium_airport,1,5423,medium
2,KCUB,CUB,Jim Hamilton L.B. Owens Airport,Columbia,US,US-SC,NA,medium_airport,1,5011,medium
2,KCXP,CSN,Carson Airport,Carson City,US,US-NV,NA,medium_airport,1,6101,medium
2,KDAA,DAA,Davison Army Air Field,Fort Belvoir,US,US-VA,NA,medium_airport,1,5421,medium
2,KDET,DET,Coleman A. Young Municipal Airport,Detroit,US,US-MI,NA,medium_airport,1,5092,medium
2,KDMA,DMA,Davis Monthan Air Force Base,Tucson,US,US-AZ,NA,medium_airport,1,13643,medium
2,KDRA,DRA,Desert Rock Airport,Mercury,US,US-NV,NA,medium_airport,1,7515,medium
2,KDRO,DRO,Durango La Plata County Airport,Durango,US,US-CO,NA,medium_airport,1,9201,medium
2,KDRT,DRT,Del Rio International Airport,Del Rio,US,US-TX,NA,medium_airport,1,6300,international + medium
2,KDTS,DSI,Destin Executive Airport,Destin,US,US-FL,NA,medium_airport,1,5001,medium
2,KDUA,DUA,Durant Regional Airport - Eaker Field,Durant,US,US-OK,NA,medium_airport,1,6800,medium
2,KDUJ,DUJ,DuBois Regional Airport,Dubois,US,US-PA,NA,medium_airport,1,5503,medium
2,KEAT,EAT,Pangborn Memorial Airport,Wenatchee,US,US-WA,NA,medium_airport,1,7000,medium
2,KECG,ECG,Elizabeth City Regional Airport & Coast Guard Air Station,Elizabeth City,US,US-NC,NA,medium_airport,1,7219,medium
2,KECP,ECP,Northwest Florida Beaches International Airport,Panama City Beach,US,US-FL,NA,medium_airport,1,10000,international + medium
2,KEET,,Shelby County Airport,Alabaster,US,US-AL,NA,medium_airport,1,5000,medium
2,KEGE,EGE,Eagle County Regional Airport,Eagle,US,US-CO,NA,medium_airport,1,9000,medium
2,KEGI,EGI,Duke Field,Crestview,US,US-FL,NA,medium_airport,1,8025,medium
2,KEKA,EKA,Murray Field,Eureka,US,US-CA,NA,medium_airport,1,3011,medium
2,KELD,ELD,South Arkansas Regional Airport at Goodwin Field,El Dorado,US,US-AR,NA,medium_airport,1,6601,medium
2,KELO,LYU,Ely Municipal Airport,Ely,US,US-MN,NA,medium_airport,1,5596,medium
2,KEVW,EVW,Evanston-Uinta County Airport-Burns Field,Evanston,US,US-WY,NA,medium_airport,1,7300,medium
2,KEYW,EYW,Key West International Airport,Key West,US,US-FL,NA,medium_airport,1,5076,international + medium
2,KFAF,FAF,Felker Army Air Field,Newport News (Fort Eustis),US,US-VA,NA,medium_airport,1,3025,medium
2,KFBG,FBG,Simmons Army Air Field,Fort Bragg,US,US-NC,NA,medium_airport,1,4121,medium
2,KFCS,FCS,Butts AAF (Fort Carson) Air Field,Fort Carson,US,US-CO,NA,medium_airport,1,4500,medium
2,KFHR,FRD,Friday Harbor Airport,Friday Harbor,US,US-WA,NA,medium_airport,1,3402,medium
2,KFLG,FLG,Flagstaff Pulliam Airport,Flagstaff,US,US-AZ,NA,medium_airport,1,8800,medium
2,KFME,FME,Fort Meade Executive Airport,Fort Meade(Odenton),US,US-MD,NA,medium_airport,1,3000,medium
2,KFRI,FRI,Marshall Army Air Field,Fort Riley (Junction City),US,US-KS,NA,medium_airport,1,4503,medium
2,KFSI,FSI,Henry Post Army Air Field,Fort Sill,US,US-OK,NA,medium_airport,1,5002,medium
2,KFSM,FSM,Fort Smith Regional Airport,Fort Smith,US,US-AR,NA,medium_airport,1,8000,medium
2,KFTY,FTY,Fulton County Airport Brown Field,Atlanta,US,US-GA,NA,medium_airport,1,5797,medium
2,KFYV,FYV,Drake Field,Fayetteville,US,US-AR,NA,medium_airport,1,6005,medium
2,KGCN,GCN,Grand Canyon National Park Airport,Grand Canyon - Tusayan,US,US-AZ,NA,medium_airport,1,8999,medium
2,KGRF,GRF,Gray Army Air Field,Joint Base Lewis McChord,US,US-WA,NA,medium_airport,1,6124,medium
2,KGRK,GRK,Killeen Regional Airport / Robert Gray Army Airfield,Fort Cavazos,US,US-TX,NA,medium_airport,1,9997,medium
2,KGSB,GSB,Seymour Johnson Air Force Base,Goldsboro,US,US-NC,NA,medium_airport,1,11760,medium
2,KGSP,GSP,Greenville-Spartanburg International Airport,Greenville/Greer/Spartanburg,US,US-SC,NA,medium_airport,1,11001,international + medium
2,KGTR,GTR,Golden Triangle Regional Airport,Columbus/W Point/Starkville,US,US-MS,NA,medium_airport,1,8003,medium
2,KGUP,GUP,Gallup Municipal Airport,Gallup,US,US-NM,NA,medium_airport,1,7312,medium
2,KGUS,GUS,Grissom Air Reserve Base,Peru,US,US-IN,NA,medium_airport,1,12501,medium
2,KHBG,HBG,Hattiesburg Bobby L Chain Municipal Airport,Hattiesburg,US,US-MS,NA,medium_airport,1,6094,medium
2,KHDN,HDN,Yampa Valley Airport,Hayden,US,US-CO,NA,medium_airport,1,10000,medium
2,KHHR,HHR,Jack Northrop Field Hawthorne Municipal Airport,Hawthorne,US,US-CA,NA,medium_airport,1,4884,medium
2,KHIF,HIF,Hill Air Force Base,Ogden,US,US-UT,NA,medium_airport,1,13500,medium
2,KHII,HII,Lake Havasu City Airport,Lake Havasu City,US,US-AZ,NA,medium_airport,1,8000,medium
2,KHKY,HKY,Hickory Regional Airport,Hickory,US,US-NC,NA,medium_airport,1,6401,medium
2,KHQM,HQM,Bowerman Airport,Hoquiam,US,US-WA,NA,medium_airport,1,5000,medium
2,KHRO,HRO,Boone County Airport,Harrison,US,US-AR,NA,medium_airport,1,6161,medium
2,KHRT,,Hurlburt Field,Mary Esther,US,US-FL,NA,medium_airport,1,9600,medium
2,KHST,HST,Homestead Air Reserve Base,Homestead,US,US-FL,NA,medium_airport,1,11201,medium
2,KHTS,HTS,Tri-State Airport / Milton J. Ferguson Field,Huntington,US,US-WV,NA,medium_airport,1,7017,medium
2,KHUA,HUA,Redstone Army Air Field,Redstone Arsnl Huntsville,US,US-AL,NA,medium_airport,1,7300,medium
2,KHVN,HVN,Tweed New Haven Airport,New Haven,US,US-CT,NA,medium_airport,1,5600,medium
2,KHXD,HHH,Hilton Head Airport,Hilton Head Island,US,US-SC,NA,medium_airport,1,5000,medium
2,KHZY,JFN,Northeast Ohio Regional Airport,Ashtabula,US,US-OH,NA,medium_airport,1,5900,medium
2,KIFP,IFP,Laughlin Bullhead International Airport,Bullhead City,US,US-AZ,NA,medium_airport,1,8501,international + medium
2,KISO,ISO,Kinston Regional Jetport At Stallings Field,Kinston,US,US-NC,NA,medium_airport,1,11498,medium
2,KJAC,JAC,Jackson Hole Airport,Jackson,US,US-WY,NA,medium_airport,1,6300,medium
2,KJKL,,Julian Carroll Airport,Jackson,US,US-KY,NA,medium_airport,1,4400,medium
2,KJNX,,Johnston Regional Airport,Smithfield,US,US-NC,NA,medium_airport,1,5500,medium
2,KJQF,USA,Concord-Padgett Regional Airport,Concord,US,US-NC,NA,medium_airport,1,7402,medium
2,KJWY,,Mid-Way Regional Airport,Midlothian/Waxahachie,US,US-TX,NA,medium_airport,1,6500,medium
2,KKLS,KLS,Southwest Washington Regional Airport,Kelso,US,US-WA,NA,medium_airport,1,4391,medium
2,KL45,,Bakersfield International Airport,Bakersfield,US,US-CA,NA,medium_airport,1,4000,international + medium
2,KL71,,California City Municipal Airport,California City,US,US-CA,NA,medium_airport,1,6027,medium
2,KLAW,LAW,Lawton Fort Sill Regional Airport,Lawton,US,US-OK,NA,medium_airport,1,8599,medium
2,KLBE,LBE,Arnold Palmer Regional Airport,Latrobe,US,US-PA,NA,medium_airport,1,8222,medium
2,KLBX,LJN,Texas Gulf Coast Regional Airport,Angleton,US,US-TX,NA,medium_airport,1,7000,medium
2,KLFI,LFI,Langley Air Force Base,Hampton,US,US-VA,NA,medium_airport,1,10002,medium
2,KLLQ,,Monticello Municipal Ellis Field,Monticello,US,US-AR,NA,medium_airport,1,5020,medium
2,KLND,LND,Hunt Field,Lander,US,US-WY,NA,medium_airport,1,5000,medium
2,KLOZ,LOZ,London-Corbin Airport/Magee Field,London,US,US-KY,NA,medium_airport,1,5750,medium
2,KLSF,LSF,Lawson Army Air Field,Fort Benning,US,US-GA,NA,medium_airport,1,10002,medium
2,KLWB,LWB,Greenbrier Valley Airport,Lewisburg,US,US-WV,NA,medium_airport,1,7003,medium
2,KMCB,MCB,McComb-Pike County Airport / John E Lewis Field,McComb,US,US-MS,NA,medium_airport,1,5000,medium
2,KMCC,MCC,McClellan Airfield,Sacramento,US,US-CA,NA,medium_airport,1,10599,medium
2,KMCE,MCE,Merced Regional Macready Field,Merced,US,US-CA,NA,medium_airport,1,5914,medium
2,KMCF,MCF,MacDill Air Force Base,Tampa,US,US-FL,NA,medium_airport,1,11421,medium
2,KMDT,MDT,Harrisburg International Airport,Harrisburg,US,US-PA,NA,medium_airport,1,10001,international + medium
2,KMER,MER,Castle Airport,Merced,US,US-CA,NA,medium_airport,1,11802,medium
2,KMFR,MFR,Rogue Valley International-Medford Airport,Medford,US,US-OR,NA,medium_airport,1,8800,international + medium
2,KMGC,MGC,Michigan City Municipal Airport,Michigan City,US,US-IN,NA,medium_airport,1,4099,medium
2,KMGW,MGW,Morgantown Municipal Airport Walter L. (Bill) Hart Field,Morgantown,US,US-WV,NA,medium_airport,1,5199,medium
2,KMIB,MIB,Minot Air Force Base,Minot,US,US-ND,NA,medium_airport,1,13197,medium
2,KMLC,MLC,Mc Alester Regional Airport,Mc Alester,US,US-OK,NA,medium_airport,1,5602,medium
2,KMMH,MMH,Mammoth Yosemite Airport,Mammoth Lakes,US,US-CA,NA,medium_airport,1,7000,medium
2,KMRB,MRB,Eastern WV Regional Airport/Shepherd Field,Martinsburg,US,US-WV,NA,medium_airport,1,8815,medium
2,KMSO,MSO,Missoula Montana Airport,Missoula,US,US-MT,NA,medium_airport,1,9501,medium
2,KMTC,MTC,Selfridge Air National Guard Base Airport,Mount Clemens,US,US-MI,NA,medium_airport,1,9000,medium
2,KMTH,MTH,Florida Keys Marathon International Airport,Marathon,US,US-FL,NA,medium_airport,1,5008,international + medium
2,KMTN,MTN,Martin State Airport,Baltimore,US,US-MD,NA,medium_airport,1,6999,medium
2,KMUO,MUO,Mountain Home Air Force Base,Mountain Home,US,US-ID,NA,medium_airport,1,13510,medium
2,KMYL,MYL,McCall Municipal Airport,McCall,US,US-ID,NA,medium_airport,1,6101,medium
2,KMYR,MYR,Myrtle Beach International Airport,Myrtle Beach,US,US-SC,NA,large_airport,1,9503,international + large
2,KNFG,,Camp Pendleton MCAS (Munn Field) Airport,Oceanside,US,US-CA,NA,medium_airport,1,6005,medium
2,KNFW,FWH,NAS Fort Worth JRB / Carswell Field,Fort Worth,US,US-TX,NA,medium_airport,1,11999,medium
2,KNGU,NGU,Norfolk Naval Station (Chambers Field),Norfolk,US,US-VA,NA,medium_airport,1,8370,medium
2,KNQA,NQA,Millington-Memphis Airport,Millington,US,US-TN,NA,medium_airport,1,8001,medium
2,KNRB,NRB,Naval Station Mayport / Admiral David L McDonald Field,Jacksonville,US,US-FL,NA,medium_airport,1,8001,medium
2,KNXP,,Twentynine Palms Strategic Expeditionary Landing Field,Twentynine Palms,US,US-CA,NA,medium_airport,1,8015,medium
2,KNYG,NYG,Quantico Marine Corps Airfield / Turner Field,Quantico,US,US-VA,NA,medium_airport,1,4250,medium
2,KOAJ,OAJ,Albert J Ellis Airport,Richlands,US,US-NC,NA,medium_airport,1,7100,medium
2,KOGS,OGS,Ogdensburg International Airport,Ogdensburg,US,US-NY,NA,medium_airport,1,6400,international + medium
2,KOKB,OCN,Oceanside Municipal Airport,Oceanside,US,US-CA,NA,medium_airport,1,2712,medium
2,KOLF,OLF,L M Clayton Airport,Wolf Point,US,US-MT,NA,medium_airport,1,5091,medium
2,KOLS,OLS,Nogales International Airport,Nogales,US,US-AZ,NA,medium_airport,1,7200,international + medium
2,KONO,ONO,Ontario Municipal Airport,Ontario,US,US-OR,NA,medium_airport,1,5006,medium
2,KORS,ESD,Orcas Island Airport,Eastsound,US,US-WA,NA,medium_airport,1,2901,medium
2,KOXR,OXR,Oxnard Airport,Oxnard,US,US-CA,NA,medium_airport,1,5953,medium
2,KPAO,PAO,Palo Alto Airport,Palo Alto,US,US-CA,NA,medium_airport,1,2441,medium
2,KPBF,PBF,"Pine Bluff Regional Airport, Grider Field",Pine Bluff,US,US-AR,NA,medium_airport,1,5998,medium
2,KPBG,PBG,Plattsburgh International Airport,Plattsburgh,US,US-NY,NA,medium_airport,1,11759,international + medium
2,KPIB,PIB,Hattiesburg Laurel Regional Airport,Moselle,US,US-MS,NA,medium_airport,1,6503,medium
2,KPNA,PWY,Ralph Wenz Field,Pinedale,US,US-WY,NA,medium_airport,1,8900,medium
2,KPNC,PNC,Ponca City Regional Airport,Ponca City,US,US-OK,NA,medium_airport,1,7201,medium
2,KPOE,POE,Polk Army Air Field,Fort Polk,US,US-LA,NA,medium_airport,1,4109,medium
2,KPSM,PSM,Portsmouth International Airport at Pease,Portsmouth,US,US-NH,NA,medium_airport,1,11321,international + medium
2,KPUW,PUW,Pullman-Moscow Regional Airport,Pullman,US,US-WA,NA,medium_airport,1,7100,medium
2,KPWT,PWT,Bremerton National Airport,Bremerton,US,US-WA,NA,medium_airport,1,6000,medium
2,KRBL,RBL,Red Bluff Municipal Airport,Red Bluff,US,US-CA,NA,medium_airport,1,5431,medium
2,KRCA,RCA,Ellsworth Air Force Base,Rapid City,US,US-SD,NA,medium_airport,1,13497,medium
2,KRDR,RDR,Grand Forks Air Force Base,Grand Forks,US,US-ND,NA,medium_airport,1,12350,medium
2,KRHP,,Western Carolina Regional Airport,Andrews,US,US-NC,NA,medium_airport,1,5500,medium
2,KRIL,RIL,Garfield County Regional Airport,Rifle,US,US-CO,NA,medium_airport,1,7000,medium
2,KRIV,RIV,March Air Reserve Base,Riverside,US,US-CA,NA,medium_airport,1,13302,medium
2,KRME,RME,Griffiss International Airport,Rome,US,US-NY,NA,medium_airport,1,11820,international + medium
2,KRSW,RSW,Southwest Florida International Airport,Fort Myers,US,US-FL,NA,large_airport,1,12000,international + large
2,KRWI,RWI,Rocky Mount Wilson Regional Airport,Rocky Mount,US,US-NC,NA,medium_airport,1,7099,medium
2,KRYY,,Cobb County International Airport-McCollum Field,Atlanta,US,US-GA,NA,medium_airport,1,6295,international + medium
2,KSAN,SAN,San Diego International Airport,San Diego,US,US-CA,NA,large_airport,1,9401,international + large
2,KSAW,MQT,Marquette Sawyer Regional Airport,Gwinn,US,US-MI,NA,medium_airport,1,9072,medium
2,KSBD,SBD,San Bernardino International Airport,San Bernardino,US,US-CA,NA,large_airport,1,10000,international + large
2,KSGR,SGR,Sugar Land Regional Airport,Houston,US,US-TX,NA,medium_airport,1,8000,medium
2,KSGU,SGU,St George Regional Airport,St George,US,US-UT,NA,medium_airport,1,9300,medium
2,KSHD,SHD,Shenandoah Valley Regional Airport,Weyers Cave,US,US-VA,NA,medium_airport,1,6002,medium
2,KSKA,SKA,Fairchild Air Force Base,Spokane,US,US-WA,NA,medium_airport,1,13899,medium
2,KSKF,SKF,Lackland Air Force Base,San Antonio,US,US-TX,NA,medium_airport,1,11550,medium
2,KSKX,TSM,Taos Regional Airport,Taos,US,US-NM,NA,medium_airport,1,5504,medium
2,KSME,SME,Lake Cumberland Regional Airport,Somerset,US,US-KY,NA,medium_airport,1,5801,medium
2,KSMN,SMN,Lemhi County Airport,Salmon,US,US-ID,NA,medium_airport,1,5510,medium
2,KSMO,SMO,Santa Monica Municipal Airport,Santa Monica,US,US-CA,NA,medium_airport,1,3500,medium
2,KSOA,,Sonora Municipal Airport,Sonora,US,US-TX,NA,medium_airport,1,4037,medium
2,KSQL,SQL,San Carlos Airport,San Carlos,US,US-CA,NA,medium_airport,1,2621,medium
2,KSUN,SUN,Friedman Memorial Airport,Hailey,US,US-ID,NA,medium_airport,1,7550,medium
2,KSUZ,,Saline County Regional Airport,Bryant,US,US-AR,NA,medium_airport,1,5002,medium
2,KSVN,SVN,Hunter Army Air Field,Savannah,US,US-GA,NA,medium_airport,1,11375,medium
2,KSZL,SZL,Whiteman Air Force Base,Knob Noster,US,US-MO,NA,medium_airport,1,12400,medium
2,KTBN,TBN,Waynesville-St. Robert Regional Airport-Forney Field,Fort Leonard Wood,US,US-MO,NA,medium_airport,1,6037,medium
2,KTEX,TEX,Telluride Regional Airport,Telluride,US,US-CO,NA,medium_airport,1,7111,medium
2,KTIW,TIW,Tacoma Narrows Airport,Tacoma,US,US-WA,NA,medium_airport,1,5002,medium
2,KTTD,TTD,Portland Troutdale Airport,Portland,US,US-OR,NA,medium_airport,1,5399,medium
2,KTTS,,Space Florida Launch and Landing Facility,Titusville,US,US-FL,NA,medium_airport,1,15001,medium
2,KTUP,TUP,Tupelo Regional Airport,Tupelo,US,US-MS,NA,medium_airport,1,7150,medium
2,KTVF,TVF,Thief River Falls Regional Airport,Thief River Falls,US,US-MN,NA,medium_airport,1,6504,medium
2,KTVL,TVL,Lake Tahoe Airport,South Lake Tahoe,US,US-CA,NA,medium_airport,1,8541,medium
2,KUAO,,Aurora State Airport,Aurora,US,US-OR,NA,medium_airport,1,5003,medium
2,KUKI,UKI,Ukiah Municipal Airport,Ukiah,US,US-CA,NA,medium_airport,1,4423,medium
2,KUNV,SCE,State College Regional Airport,State College,US,US-PA,NA,medium_airport,1,6701,medium
2,KUOX,UOX,University Oxford Airport,Oxford,US,US-MS,NA,medium_airport,1,5600,medium
2,KUTS,HTV,Huntsville Regional Airport,Huntsville,US,US-TX,NA,medium_airport,1,5005,medium
2,KVBG,VBG,Vandenberg Space Force Base,Lompoc,US,US-CA,NA,medium_airport,1,15000,medium
2,KVEL,VEL,Vernal Regional Airport,Vernal,US,US-UT,NA,medium_airport,1,7000,medium
2,KVIS,VIS,Visalia Municipal Airport,Visalia,US,US-CA,NA,medium_airport,1,6562,medium
2,KVOK,VOK,Volk Field,Camp Douglas,US,US-WI,NA,medium_airport,1,9000,medium
2,KW63,,Lake Country Regional Airport,Clarksville,US,US-VA,NA,medium_airport,1,4007,medium
2,KWJF,WJF,General William J Fox Airfield,Lancaster,US,US-CA,NA,medium_airport,1,7201,medium
2,KWRB,WRB,Robins Air Force Base,Warner Robins,US,US-GA,NA,medium_airport,1,12001,medium
2,KWYS,WYS,Yellowstone Airport,West Yellowstone,US,US-MT,NA,medium_airport,1,8400,medium
2,KXMR,,Cape Canaveral SFS Skid Strip,Cocoa Beach,US,US-FL,NA,medium_airport,1,9999,medium
2,KXTA,,Homey (Area 51) Airport,Groom Lake,US,US-NV,NA,medium_airport,1,12000,medium
2,KXWA,XWA,Williston Basin International Airport,Williston,US,US-ND,NA,medium_airport,1,7503,international + medium
2,PABA,BTI,Barter Island Long Range Radar Station Airport,Barter Island,US,US-AK,NA,medium_airport,1,4500,medium
2,PABR,BRW,Wiley Post Will Rogers Memorial Airport,Utqiaġvik,US,US-AK,NA,medium_airport,1,7100,medium
2,PACL,,Clear Airport,Clear,US,US-AK,NA,medium_airport,1,3997,medium
2,PACZ,CZF,Cape Romanzof LRRS Airport,Cape Romanzof,US,US-AK,NA,medium_airport,1,3955,medium
2,PADK,ADK,Adak Airport,Adak,US,US-AK,NA,medium_airport,1,7790,medium
2,PADL,DLG,Dillingham Airport,Dillingham,US,US-AK,NA,medium_airport,1,6400,medium
2,PADU,DUT,Tom Madsen (Dutch Harbor) Airport,Unalaska,US,US-AK,NA,medium_airport,1,4500,medium
2,PAEH,EHM,Cape Newenham LRRS Airport,Cape Newenham,US,US-AK,NA,medium_airport,1,3945,medium
2,PAEI,EIL,Eielson Air Force Base,Fairbanks,US,US-AK,NA,medium_airport,1,14530,medium
2,PAEM,EMK,Emmonak Airport,Emmonak,US,US-AK,NA,medium_airport,1,4601,medium
2,PAFB,FBK,Ladd Army Airfield,Fairbanks,US,US-AK,NA,medium_airport,1,8575,medium
2,PAFE,,Kake Airport,Kake,US,US-AK,NA,medium_airport,1,4000,medium
2,PAGK,GKN,Gulkana Airport,Gulkana,US,US-AK,NA,medium_airport,1,5001,medium
2,PAGM,GAM,Gambell Airport,Gambell,US,US-AK,NA,medium_airport,1,4500,medium
2,PAHC,HCR,Holy Cross Airport,Holy Cross,US,US-AK,NA,medium_airport,1,4000,medium
2,PAHL,HSL,Huslia Airport,Huslia,US,US-AK,NA,medium_airport,1,4000,medium
2,PAHN,HNS,Haines Airport,Haines,US,US-AK,NA,medium_airport,1,4000,medium
2,PAHO,HOM,Homer Airport,Homer,US,US-AK,NA,medium_airport,1,6701,medium
2,PAIK,IAN,Bob Baker Memorial Airport,Kiana,US,US-AK,NA,medium_airport,1,4000,medium
2,PAIM,UTO,Indian Mountain LRRS Airport,Utopia Creek,US,US-AK,NA,medium_airport,1,4100,medium
2,PAKP,AKP,Anaktuvuk Pass Airport,Anaktuvuk Pass,US,US-AK,NA,medium_airport,1,4800,medium
2,PAKT,KTN,Ketchikan International Airport,Ketchikan,US,US-AK,NA,medium_airport,1,7500,international + medium
2,PAKW,KLW,Klawock Airport,Klawock,US,US-AK,NA,medium_airport,1,5000,medium
2,PALU,LUR,Cape Lisburne LRRS Airport,Cape Lisburne,US,US-AK,NA,medium_airport,1,4800,medium
2,PAMY,MYU,Mekoryuk Airport,Mekoryuk,US,US-AK,NA,medium_airport,1,3070,medium
2,PANI,ANI,Aniak Airport,Aniak,US,US-AK,NA,medium_airport,1,6200,medium
2,PANV,ANV,Anvik Airport,Anvik,US,US-AK,NA,medium_airport,1,4000,medium
2,PAOR,ORT,Northway Airport,Northway,US,US-AK,NA,medium_airport,1,5100,medium
2,PAPB,STG,St George Airport,St George,US,US-AK,NA,medium_airport,1,4982,medium
2,PAPC,KPC,Port Clarence Coast Guard Station,Port Clarence,US,US-AK,NA,medium_airport,1,4497,medium
2,PAPG,PSG,Petersburg James A Johnson Airport,Petersburg,US,US-AK,NA,medium_airport,1,6400,medium
2,PAPM,PTU,Platinum Airport,Platinum,US,US-AK,NA,medium_airport,1,5000,medium
2,PAQT,NUI,Nuiqsut Airport,Nuiqsut,US,US-AK,NA,medium_airport,1,4343,medium
2,PARC,ARC,Arctic Village Airport,Arctic Village,US,US-AK,NA,medium_airport,1,4500,medium
2,PARY,RBY,Ruby Airport,Ruby,US,US-AK,NA,medium_airport,1,4000,medium
2,PASA,SVA,Savoonga Airport,Savoonga,US,US-AK,NA,medium_airport,1,4400,medium
2,PASC,SCC,Deadhorse Airport,Deadhorse,US,US-AK,NA,medium_airport,1,6500,medium
2,PASD,SDP,Sand Point Airport,Sand Point,US,US-AK,NA,medium_airport,1,4000,medium
2,PASI,SIT,Sitka Rocky Gutierrez Airport,Sitka,US,US-AK,NA,medium_airport,1,7200,medium
2,PASN,SNP,St Paul Island Airport,St Paul Island,US,US-AK,NA,medium_airport,1,6500,medium
2,PASV,SVW,Sparrevohn LRRS Airport,Sparrevohn,US,US-AK,NA,medium_airport,1,4200,medium
2,PASX,SXQ,Soldotna Airport,Soldotna,US,US-AK,NA,medium_airport,1,5001,medium
2,PASY,SYA,Eareckson Air Station,Shemya,US,US-AK,NA,medium_airport,1,10004,medium
2,PATK,TKA,Talkeetna Airport,Talkeetna,US,US-AK,NA,medium_airport,1,3500,medium
2,PATL,TLJ,Tatalina LRRS Airport,Takotna,US,US-AK,NA,medium_airport,1,3820,medium
2,PATQ,ATK,Atqasuk Edward Burnell Sr Memorial Airport,Atqasuk,US,US-AK,NA,medium_airport,1,4370,medium
2,PAVD,VDZ,Valdez Pioneer Field,Valdez,US,US-AK,NA,medium_airport,1,6500,medium
2,PAWG,WRG,Wrangell Airport,Wrangell,US,US-AK,NA,medium_airport,1,6000,medium
2,PAWI,AIN,Wainwright Airport,Wainwright,US,US-AK,NA,medium_airport,1,4494,medium
2,PFYU,FYU,Fort Yukon Airport,Fort Yukon,US,US-AK,NA,medium_airport,1,5000,medium
2,PPIZ,PIZ,Point Lay LRRS Airport,Point Lay,US,US-AK,NA,medium_airport,1,3519,medium
2,KBVU,BLD,Boulder City Municipal Airport,Boulder City,US,US-NV,NA,medium_airport,0,0,medium
2,KDJT,DJT,President Donald J. Trump International Airport,West Palm Beach,US,US-FL,NA,large_airport,0,0,international + large
2,KOFF,OFF,Offutt Air Force Base,Omaha,US,US-NE,NA,medium_airport,0,0,medium
2,KRGA,,Central Kentucky Regional Airport,Richmond,US,US-KY,NA,medium_airport,0,0,medium
2,KSVR,,South Valley Regional Airport,Salt Lake City,US,US-UT,NA,medium_airport,0,0,medium
2,PHNL,HNL,Daniel K. Inouye International Airport,"Honolulu, Oahu",US,US-HI,OC,large_airport,6,12360,2+ runways + international + large
2,PHJR,JRF,Kalaeloa Airport,Kapolei,US,US-HI,OC,medium_airport,3,8365,2+ runways + medium
2,PHLI,LIH,Lihue Airport,"Lihue, Kauai",US,US-HI,OC,large_airport,2,6500,2+ runways + large
2,PHMK,MKK,Molokai Airport,Kaunakakai,US,US-HI,OC,medium_airport,2,4494,2+ runways + medium
2,PHOG,OGG,Kahului International Airport,Kahului,US,US-HI,OC,large_airport,2,6998,2+ runways + international + large
2,PHTO,ITO,Hilo International Airport,Hilo,US,US-HI,OC,medium_airport,2,9800,2+ runways + international + medium
2,PHBK,BKH,Barking Sands Airport,Kekaha,US,US-HI,OC,medium_airport,1,6002,medium
2,PHHN,HNM,Hana Airport,Hana,US,US-HI,OC,medium_airport,1,3606,medium
2,PHJH,JHM,Kapalua Airport,Lahaina,US,US-HI,OC,medium_airport,1,3000,medium
2,PHKO,KOA,Ellison Onizuka Kona International Airport at Keāhole,Kailua-Kona,US,US-HI,OC,large_airport,1,11000,international + large
2,PHMU,MUE,Waimea Kohala Airport,Waimea (Kamuela),US,US-HI,OC,medium_airport,1,5197,medium
2,PHNG,NGF,Kaneohe Bay MCAS (Marion E. Carl Field) Airport,Kaneohe,US,US-HI,OC,medium_airport,1,7771,medium
2,PHNY,LNY,Lanai Airport,Lanai City,US,US-HI,OC,medium_airport,1,5001,medium
2,PHIK,,Hickam Air Force Base,Honolulu,US,US-HI,OC,medium_airport,0,0,medium
3,FNBJ,NBJ,Dr. Antonio Agostinho Neto International Airport,Luanda (Ícolo e Bengo),AO,AO-LUA,AF,large_airport,2,13123,2+ runways + international + large
3,FNHU,NOV,Albano Machado Airport,Huambo,AO,AO-HUA,AF,medium_airport,2,8727,2+ runways + medium
3,FNLU,LAD,Quatro de Fevereiro International Airport,Luanda,AO,AO-LUA,AF,large_airport,2,12190,2+ runways + international + large
3,FNBC,SSY,Mbanza Congo Airport,Mbanza Congo,AO,AO-ZAI,AF,medium_airport,1,5905,medium
3,FNBG,BUG,Benguela Airport,Benguela,AO,AO-BGU,AF,medium_airport,1,5315,medium
3,FNCA,CAB,Cabinda Airport,Cabinda,AO,AO-CAB,AF,medium_airport,1,8202,medium
3,FNCT,CBT,Catumbela Airport,Catumbela,AO,AO-BGU,AF,medium_airport,1,12139,medium
3,FNDU,DUE,Dundo Airport,Chitato,AO,AO-LNO,AF,medium_airport,1,6468,medium
3,FNGI,VPE,Ngjiva Pereira Airport,Ngiva,AO,AO-CNN,AF,medium_airport,1,10640,medium
3,FNKU,SVP,Kuito Airport,Kuito,AO,AO-BIE,AF,medium_airport,1,8202,medium
3,FNMA,MEG,Malanje Airport,Malanje,AO,AO-MAL,AF,medium_airport,1,7283,medium
3,FNME,SPP,Menongue Airport,Menongue,AO,AO-CCU,AF,medium_airport,1,11483,medium
3,FNMO,MSZ,Welwitschia Mirabilis International Airport,Moçâmedes,AO,AO-NAM,AF,medium_airport,1,8202,international + medium
3,FNNG,GXG,Negage Airport,Negage,AO,AO-UIG,AF,medium_airport,1,7874,medium
3,FNPA,PBN,Porto Amboim Airport,Port Amboim,AO,AO-CUS,AF,medium_airport,1,3379,medium
3,FNSA,VHC,Saurimo Airport,Saurimo,AO,AO-LSU,AF,medium_airport,1,11155,medium
3,FNSO,SZA,Soyo Airport,Soyo,AO,AO-ZAI,AF,medium_airport,1,5905,medium
3,FNSU,NDD,Sumbe Airport,Sumbe,AO,AO-CUS,AF,medium_airport,1,3115,medium
3,FNUB,SDD,Lubango Mukanka International Airport,Lubango,AO,AO-HUI,AF,medium_airport,1,10335,international + medium
3,FNUE,LUO,Luena Airport,Luena,AO,AO-MOX,AF,medium_airport,1,7875,medium
3,FNUG,UGO,Uige Airport,Uige,AO,AO-UIG,AF,medium_airport,1,6562,medium
3,FNXA,XGN,Xangongo Airport,Xangongo,AO,AO-CNN,AF,medium_airport,1,7400,medium
3,DFFD,OUA,Ouagadougou Thomas Sankara International Airport,Ouagadougou,BF,BF-KAD,AF,large_airport,1,9843,international + large
3,DFOO,BOY,Bobo Dioulasso Airport,Bobo Dioulasso,BF,BF-HOU,AF,large_airport,1,10826,large
3,HBBA,BJM,Bujumbura Melchior Ndadaye International Airport,Bujumbura,BI,BI-BM,AF,large_airport,2,11811,2+ runways + international + large
3,HBBE,GID,Gitega Airport,Gitega,BI,BI-GI,AF,medium_airport,1,3248,medium
3,DBBB,COO,Cotonou Cadjehoun International Airport,Cotonou,BJ,BJ-AQ,AF,large_airport,1,7906,international + large
3,FBJW,JWA,Jwaneng Airport,Jwaneng,BW,BW-JW,AF,medium_airport,1,5495,medium
3,FBKE,BBK,Kasane International Airport,Kasane,BW,BW-CH,AF,large_airport,1,6562,international + large
3,FBMN,MUB,Maun International Airport,Maun,BW,BW-NW,AF,large_airport,1,6562,international + large
3,FBSK,GBE,Sir Seretse Khama International Airport,Gaborone,BW,BW-GA,AF,large_airport,1,13123,international + large
3,FBSN,SXN,Sua Pan Airport,Sowa,BW,BW-ST,AF,medium_airport,1,5381,medium
3,FBSP,PKW,Selebi Phikwe Airport,Selebi Phikwe,BW,BW-SP,AF,medium_airport,1,5840,medium
3,FBPM,FRW,Phillip Gaonwe Matante International Airport,Francistown,BW,BW-FR,AF,large_airport,0,0,international + large
3,FZSA,,Kamina Air Base,Lumwe,CD,CD-HL,AF,medium_airport,2,8858,2+ runways + medium
3,FZAA,FIH,Ndjili International Airport,Kinshasa,CD,CD-KN,AF,large_airport,1,13123,international + large
3,FZAB,NLO,Ndolo Airport,N'dolo,CD,CD-KN,AF,medium_airport,1,5526,medium
3,FZBO,FDU,Bandundu Airport,Bandundu,CD,CD-KL,AF,medium_airport,1,4528,medium
3,FZCA,KKW,Kikwit Airport,Kikwit,CD,CD-KL,AF,medium_airport,1,5151,medium
3,FZEA,MDK,Mbandaka Airport,Mbandaka,CD,CD-EQ,AF,medium_airport,1,7223,medium
3,FZFD,BDT,Gbadolite Airport,Gbadolite,CD,CD-NU,AF,medium_airport,1,10499,medium
3,FZFK,GMA,Gemena Airport,Gemena,CD,CD-SU,AF,medium_airport,1,6550,medium
3,FZGA,LIQ,Lisala Airport,Lisala,CD,CD-MO,AF,medium_airport,1,7200,medium
3,FZIC,FKI,Bangoka International Airport,Kisangani,CD,CD-TO,AF,large_airport,1,11483,international + large
3,FZJH,IRP,Matari Airport,Isiro,CD,CD-HU,AF,medium_airport,1,8202,medium
3,FZKA,BUX,Bunia Airport,Bunia,CD,CD-IT,AF,medium_airport,1,8202,medium
3,FZKJ,BZU,Buta Zega Airport,Buta,CD,CD-BU,AF,medium_airport,1,6890,medium
3,FZMA,BKY,Bukavu Kavumu Airport,Kamakombe,CD,CD-SK,AF,medium_airport,1,6562,medium
3,FZNA,GOM,Goma International Airport,Goma,CD,CD-NK,AF,large_airport,1,9695,international + large
3,FZOA,KND,Kindu Airport,Kindu,CD,CD-MA,AF,medium_airport,1,7218,medium
3,FZQA,FBM,Lubumbashi International Airport,Lubumbashi,CD,CD-HK,AF,large_airport,1,10623,international + large
3,FZQM,KWZ,Kolwezi Airport,Kolwezi,CD,CD-LU,AF,medium_airport,1,5741,medium
3,FZRF,FMI,Kalemie Airport,Kalemie,CD,CD-TA,AF,medium_airport,1,5741,medium
3,FZUA,KGA,Kananga Airport,Kananga,CD,CD-KC,AF,medium_airport,1,7218,medium
3,FZWA,MJM,Mbuji Mayi Airport,Mbuji Mayi,CD,CD-KE,AF,medium_airport,1,6558,medium
3,FEFF,BGF,Bangui M'Poko International Airport,Bangui,CF,CF-MP,AF,large_airport,1,8530,international + large
3,FEFT,BBT,Berbérati Airport,Berbérati,CF,CF-HS,AF,medium_airport,1,5446,medium
3,FCBB,BZV,Maya-Maya International Airport,Brazzaville,CG,CG-12,AF,large_airport,1,10827,international + large
3,FCOD,OLL,Oyo Ollombo Airport,Oyo,CG,CG-14,AF,medium_airport,1,10827,medium
3,FCOO,FTX,Owando Airport,Owando,CG,CG-8,AF,medium_airport,1,5905,medium
3,FCOU,OUE,Ouesso Airport,,CG,CG-13,AF,medium_airport,1,6726,medium
3,FCPP,PNR,Antonio Agostinho-Neto International Airport,Pointe Noire,CG,CG-5,AF,large_airport,1,8530,international + large
3,FCPD,DIS,Ngot Nzoungou Airport,Dolisie,CG,CG-9,AF,medium_airport,0,0,medium
3,DIAP,ABJ,Félix-Houphouët-Boigny International Airport,Abidjan,CI,CI-AB,AF,large_airport,1,9843,international + large
3,DIBK,BYK,Bouaké Airport,Bouaké,CI,CI-VB,AF,medium_airport,1,10827,medium
3,DIDL,DJO,Daloa Airport,,CI,CI-SM,AF,medium_airport,1,6562,medium
3,DIKO,HGO,Korhogo Airport,Korhogo,CI,CI-SV,AF,medium_airport,1,6890,medium
3,DIMN,MJC,Man Airport,,CI,CI-MG,AF,medium_airport,1,6726,medium
3,DISP,SPY,San Pedro Airport,,CI,CI-BS,AF,medium_airport,1,6234,medium
3,DIYO,ASK,Yamoussoukro International Airport,Yamoussoukro,CI,CI-YM,AF,large_airport,1,9843,international + large
3,FKKC,TKC,Tiko Airport,Tiko,CM,CM-SW,AF,medium_airport,1,4512,medium
3,FKKD,DLA,Douala International Airport,Douala,CM,CM-LT,AF,large_airport,1,9350,international + large
3,FKKL,MVR,Salak Airport,Maroua,CM,CM-EN,AF,medium_airport,1,6890,medium
3,FKKM,FOM,Foumban Nkounja Airport,Foumban,CM,CM-OU,AF,medium_airport,1,6889,medium
3,FKKN,NGE,N'Gaoundéré Airport,N'Gaoundéré,CM,CM-AD,AF,medium_airport,1,8858,medium
3,FKKR,GOU,Garoua International Airport,Garoua,CM,CM-NO,AF,large_airport,1,11032,international + large
3,FKKU,BFX,Bafoussam Airport,Bafoussam,CM,CM-OU,AF,medium_airport,1,8203,medium
3,FKKV,BPC,Bamenda Airport,Bamenda,CM,CM-NW,AF,medium_airport,1,8202,medium
3,FKKY,YAO,Yaoundé Ville Airport,Yaoundé,CM,CM-CE,AF,medium_airport,1,6519,medium
3,FKYS,NSI,Yaoundé Nsimalen International Airport,Yaoundé,CM,CM-CE,AF,large_airport,1,11155,international + large
3,GVAC,SID,Amílcar Cabral International Airport,Espargos,CV,CV-B,AF,large_airport,1,10760,international + large
3,GVBA,BVC,Aristides Pereira International Airport,Rabil,CV,CV-B,AF,large_airport,1,6890,international + large
3,GVMA,MMO,Maio Airport,Vila do Maio,CV,CV-S,AF,medium_airport,1,3937,medium
3,GVNP,RAI,Nelson Mandela International Airport,Praia,CV,CV-S,AF,large_airport,1,6890,international + large
3,GVSN,SNE,Preguiça Airport,Preguiça,CV,CV-B,AF,medium_airport,1,4593,medium
3,GVSV,VXE,Cesaria Evora International Airport,São Pedro,CV,CV-B,AF,large_airport,1,6561,international + large
3,HDAM,JIB,Djibouti-Ambouli Airport,Djibouti City,DJ,DJ-DJ,AF,large_airport,1,10335,large
3,DAAG,ALG,Houari Boumediene Airport,Algiers,DZ,DZ-16,AF,large_airport,2,11483,2+ runways + large
3,DAAJ,DJG,Tiska Djanet Airport,Djanet,DZ,DZ-56,AF,large_airport,2,9843,2+ runways + large
3,DAAT,TMR,Aguenar – Hadj Bey Akhamok Airport,Tamanrasset,DZ,DZ-11,AF,large_airport,2,11811,2+ runways + large
3,DAAY,MZW,Mecheria Airport,Mecheria,DZ,DZ-45,AF,medium_airport,2,11780,2+ runways + medium
3,DABB,AAE,Annaba Rabah Bitat Airport,Annaba,DZ,DZ-23,AF,large_airport,2,9843,2+ runways + large
3,DABC,CZL,Mohamed Boudiaf International Airport,Constantine,DZ,DZ-25,AF,large_airport,2,9843,2+ runways + international + large
3,DABS,TEE,Cheikh Larbi Tébessi Airport,Tébessi,DZ,DZ-12,AF,medium_airport,2,9843,2+ runways + medium
3,DAFH,HRM,Hassi R'Mel Airport,Hassi R'Mel,DZ,DZ-03,AF,medium_airport,2,9835,2+ runways + medium
3,DAOF,TIN,Tindouf Airport,Tindouf,DZ,DZ-37,AF,medium_airport,2,9840,2+ runways + medium
3,DAOI,CFK,Chlef Aboubakr Belkaid International Airport,Chlef,DZ,DZ-02,AF,large_airport,2,8793,2+ runways + international + large
3,DAOO,ORN,Oran Es-Sénia (Ahmed Ben Bella) International Airport,Es-Sénia,DZ,DZ-31,AF,large_airport,2,11811,2+ runways + international + large
3,DAOR,CBH,Béchar Boudghene Ben Ali Lotfi Airport,Béchar,DZ,DZ-08,AF,medium_airport,2,12245,2+ runways + medium
3,DAUE,ELG,El Golea Airport,El Menia,DZ,DZ-50,AF,medium_airport,2,9843,2+ runways + medium
3,DAUG,GHA,Noumérat - Moufdi Zakaria Airport,El Atteuf,DZ,DZ-47,AF,medium_airport,2,10171,2+ runways + medium
3,DAUH,HME,Hassi Messaoud-Oued Irara Krim Belkacem Airport,Hassi Messaoud,DZ,DZ-30,AF,medium_airport,2,9843,2+ runways + medium
3,DAUL,LOO,Laghouat - Molay Ahmed Medeghri Airport,Laghouat,DZ,DZ-03,AF,medium_airport,2,12486,2+ runways + medium
3,DAUO,ELU,Guemar Airport - مطار قمار بالوادي,Guemar,DZ,DZ-39,AF,medium_airport,2,9843,2+ runways + medium
3,DAUU,OGX,Ain Beida Airport,Ouargla,DZ,DZ-30,AF,medium_airport,2,10171,2+ runways + medium
3,DAUZ,IAM,Zarzaitine - In Aménas Airport,In Aménas,DZ,DZ-33,AF,medium_airport,2,9843,2+ runways + medium
3,DAAB,,Blida Airport,Blida,DZ,DZ-09,AF,medium_airport,1,5833,medium
3,DAAD,BUJ,Bou Saada Airport,Ouled Sidi Brahim,DZ,DZ-28,AF,medium_airport,1,7218,medium
3,DAAE,BJA,Soummam–Abane Ramdane Airport,Béjaïa,DZ,DZ-06,AF,large_airport,1,7874,large
3,DAAK,,Boufarik Air Base,Boufarik,DZ,DZ-09,AF,medium_airport,1,11883,medium
3,DAAP,VVZ,Illizi Takhamalt Airport,Illizi,DZ,DZ-33,AF,medium_airport,1,9843,medium
3,DAAS,QSF,Ain Arnat Airport,Sétif,DZ,DZ-19,AF,medium_airport,1,9498,medium
3,DAAV,GJL,Jijel Ferhat Abbas Airport,Tahir,DZ,DZ-18,AF,large_airport,1,7874,large
3,DAAZ,,Relizane Airport,Relizane,DZ,DZ-48,AF,medium_airport,1,4265,medium
3,DABT,BLJ,Batna Mostefa Ben Boulaid Airport,Batna,DZ,DZ-05,AF,large_airport,1,9843,large
3,DAOB,TID,Abdelhafid Boussouf Bou Chekif Airport,Tiaret,DZ,DZ-14,AF,medium_airport,1,9843,medium
3,DAOL,TAF,Oran Tafraoui Airport,Tafraoui,DZ,DZ-31,AF,medium_airport,1,9037,medium
3,DAON,TLM,Zenata – Messali El Hadj Airport,Zenata,DZ,DZ-13,AF,large_airport,1,8530,large
3,DAOV,MUW,Ghriss Airport,Ghriss,DZ,DZ-29,AF,medium_airport,1,5577,medium
3,DATM,BMW,Bordj Badji Mokhtar Airport,Bordj Badji Mokhtar,DZ,DZ-52,AF,medium_airport,1,9843,medium
3,DAUA,AZR,Touat-Cheikh Sidi Mohamed Belkebir Airport,Adrar,DZ,DZ-01,AF,medium_airport,1,9843,medium
3,DAUB,BSK,Biskra - Mohamed Khider Airport,Biskra,DZ,DZ-07,AF,large_airport,1,9469,large
3,DAUI,INZ,In Salah Airport,In Salah,DZ,DZ-57,AF,medium_airport,1,9843,medium
3,DAUK,TGR,Touggourt Sidi Madhi Airport,Touggourt,DZ,DZ-55,AF,medium_airport,1,9843,medium
3,DAUT,TMX,Timimoun Airport,Timimoun,DZ,DZ-54,AF,medium_airport,1,9843,medium
3,HE37,,Bilbeis Air Base,Bilbeis,EG,EG-SHR,AF,medium_airport,5,11480,2+ runways + medium
3,HECA,CAI,Cairo International Airport,Cairo,EG,EG-C,AF,large_airport,3,13124,2+ runways + international + large
3,HECP,CCE,Capital International Airport,New Cairo,EG,EG-C,AF,medium_airport,3,11980,2+ runways + international + medium
3,HE28,,Gebel El Basur Air Base,Markaz Ad Delingat,EG,EG-BH,AF,medium_airport,2,10568,2+ runways + medium
3,HE32,,Al Mansurah Airbase,Mansoura,EG,EG-DK,AF,medium_airport,2,9084,2+ runways + medium
3,HE35,,Abu Suwayr Air Base,Abu Suwayr,EG,EG-IS,AF,medium_airport,2,9752,2+ runways + medium
3,HEAZ,,Almaza Air Force Base,El Nozha,EG,EG-C,AF,medium_airport,2,6726,2+ runways + medium
3,HEBS,,Bani Sweif Air Base,Bani Sweif,EG,EG-BNS,AF,medium_airport,2,11565,2+ runways + medium
3,HECW,,Cairo West Air Base,Cairo,EG,EG-GZ,AF,medium_airport,2,11939,2+ runways + medium
3,HEGN,HRG,Hurghada International Airport,Hurghada,EG,EG-BA,AF,large_airport,2,13171,2+ runways + international + large
3,HEGS,,Jiyanklis Air Base,Abu El Matamir,EG,EG-BH,AF,medium_airport,2,9473,2+ runways + medium
3,HEMM,MUH,Mersa Matruh International Airport,Marsa Matruh,EG,EG-MT,AF,large_airport,2,9843,2+ runways + international + large
3,HE42,,Quesna Airport,Quesna,EG,EG-MNF,AF,medium_airport,1,9054,medium
3,HEAL,DBB,El Alamein International Airport,El Alamein,EG,EG-MT,AF,large_airport,1,11479,international + large
3,HEAT,ATZ,Asyut International Airport,Asyut,EG,EG-AST,AF,large_airport,1,9905,international + large
3,HEBL,ABS,Abu Simbel Airport,Abu Simbel,EG,EG-ASN,AF,medium_airport,1,9843,medium
3,HEIS,,Al Ismailiyya Air Base,Al Ismailiyya,EG,EG-IS,AF,medium_airport,1,10555,medium
3,HELX,LXR,Luxor International Airport,Luxor,EG,EG-LX,AF,large_airport,1,9843,international + large
3,HEMA,RMF,Marsa Alam International Airport,Marsa Alam,EG,EG-BA,AF,large_airport,1,11253,international + large
3,HEPS,PSD,Port Said International Airport,Port Said,EG,EG-PTS,AF,large_airport,1,7707,international + large
3,HESG,HMB,Suhaj International Airport,Suhaj,EG,EG-SHG,AF,large_airport,1,9843,international + large
3,HESN,ASW,Aswan International Airport,Aswan,EG,EG-ASN,AF,large_airport,1,11161,international + large
3,HESX,SPX,Sphinx International Airport,Al Jiza,EG,EG-GZ,AF,large_airport,1,11975,international + large
3,HE16,,Birma Air Base,Tanta,EG,EG-GH,AF,medium_airport,0,0,medium
3,HEAX,HBE,Alexandria International Airport,Alexandria,EG,EG-ALX,AF,large_airport,0,0,international + large
3,HEBR,EES,Berenice International Airport / Banas Cape Air Base,Berenice Troglodytica,EG,EG-BA,AF,large_airport,0,0,international + large
3,GMML,EUN,Laayoune Hassan I International Airport,El Aaiún,EH,EH-U-A,AF,large_airport,2,8861,2+ runways + international + large
3,GMMA,SMW,Smara Airport,Smara,EH,EH-U-A,AF,medium_airport,1,9843,medium
3,GMMH,VIL,Dakhla Airport,Dakhla,EH,EH-U-A,AF,large_airport,1,9842,large
3,GMAR,,Mahbes Airbase,,EH,EH-U-A,AF,medium_airport,0,0,medium
3,HHAS,ASM,Asmara International Airport,Asmara,ER,ER-SK,AF,medium_airport,2,9842,2+ runways + international + medium
3,HHMS,MSW,Massawa International Airport,Massawa,ER,ER-SK,AF,medium_airport,1,11483,international + medium
3,HHSB,ASA,Assab International Airport,Assab,ER,ER-DK,AF,medium_airport,1,11531,international + medium
3,GCLP,LPA,Gran Canaria Airport,Gran Canaria Island,ES,ES-CN,AF,large_airport,2,10171,2+ runways + large
3,GCFV,FUE,Fuerteventura Airport,El Matorral,ES,ES-CN,AF,large_airport,1,11220,large
3,GCHI,VDE,El Hierro Airport,El Hierro Island,ES,ES-CN,AF,medium_airport,1,4101,medium
3,GCLA,SPC,La Palma Airport,"Sta Cruz de la Palma, La Palma Island",ES,ES-CN,AF,medium_airport,1,7218,medium
3,GCRR,ACE,César Manrique-Lanzarote Airport,San Bartolomé,ES,ES-CN,AF,large_airport,1,7874,large
3,GCTS,TFS,Tenerife Sur Airport,Tenerife,ES,ES-CN,AF,large_airport,1,10499,large
3,GCXO,TFN,Tenerife Norte-Ciudad de La Laguna Airport,Tenerife,ES,ES-CN,AF,large_airport,1,10404,large
3,GEML,MLN,Melilla Airport,Melilla,ES,ES-ML,AF,medium_airport,1,4701,medium
3,HAAB,ADD,Addis Ababa Bole International Airport,Addis Ababa,ET,ET-AA,AF,large_airport,2,12467,2+ runways + international + large
3,HAAM,AMH,Arba Minch Airport,Arba Minch,ET,ET-SN,AF,medium_airport,1,9170,medium
3,HAAX,AXU,Axum Airport,Axum,ET,ET-TI,AF,medium_airport,1,7874,medium
3,HABD,BJR,Bahir Dar Airport,Bahir Dar,ET,ET-AM,AF,medium_airport,1,9842,medium
3,HADR,DIR,Aba Tenna Dejazmach Yilma International Airport,Dire Dawa,ET,ET-DD,AF,large_airport,1,8791,international + large
3,HAGM,GMB,Gambela Airport,Gambela,ET,ET-GA,AF,medium_airport,1,8248,medium
3,HAGN,GDQ,Gondar Airport,Azezo,ET,ET-AM,AF,medium_airport,1,9072,medium
3,HAGO,GDE,Gode Airport,Gode,ET,ET-SO,AF,medium_airport,1,7505,medium
3,HAHM,QHR,Harar Meda Airport,Debre Zeyit,ET,ET-OR,AF,medium_airport,1,5940,medium
3,HAJJ,JIJ,Gerad Wilwal International Airport,Jijiga,ET,ET-SO,AF,large_airport,1,8202,international + large
3,HAJM,JIM,Jimma Airport,Jimma,ET,ET-OR,AF,medium_airport,1,10236,medium
3,HAKD,ABK,Kebri Dahar Airport,Kebri Dahar,ET,ET-SO,AF,medium_airport,1,8202,medium
3,HALA,AWA,Hawassa International Airport,Hawassa,ET,ET-XSD,AF,large_airport,1,9843,international + large
3,HAMK,MQX,Mekele Alula Aba Nega Airport,Mekele,ET,ET-TI,AF,medium_airport,1,11811,medium
3,HASO,ASO,Asosa Airport,Asosa,ET,ET-BE,AF,medium_airport,1,8218,medium
3,FOGR,LBQ,Lambarene Airport,Lambarene,GA,GA-3,AF,medium_airport,2,7555,2+ runways + medium
3,FOGK,KOU,Koulamoutou Mabimbi Airport,Koulamoutou,GA,GA-7,AF,medium_airport,1,5841,medium
3,FOGM,MJL,Mouilla Ville Airport,Mouila,GA,GA-4,AF,medium_airport,1,5891,medium
3,FOGO,OYE,Oyem Airport,Oyem,GA,GA-9,AF,medium_airport,1,5906,medium
3,FOGQ,OKN,Okondja Airport,Okondja,GA,GA-2,AF,medium_airport,1,4921,medium
3,FOOB,BMM,Bitam Airport,Bitam,GA,GA-9,AF,medium_airport,1,5726,medium
3,FOOG,POG,Port Gentil International Airport,Port Gentil,GA,GA-8,AF,large_airport,1,6234,international + large
3,FOOH,OMB,Omboue Hospital Airport,Omboue,GA,GA-8,AF,medium_airport,1,5285,medium
3,FOOK,MKU,Makokou Airport,Makokou,GA,GA-6,AF,medium_airport,1,5892,medium
3,FOOL,LBV,Libreville Leon M'ba International Airport,Libreville,GA,GA-1,AF,large_airport,1,9844,international + large
3,FOON,MVB,M'Vengue El Hadj Omar Bongo Ondimba International Airport,Franceville,GA,GA-2,AF,medium_airport,1,10105,international + medium
3,DGAA,ACC,Kotoka International Airport,Accra,GH,GH-AA,AF,large_airport,1,11165,international + large
3,DGAH,,Ho Airport,Ho,GH,GH-TV,AF,medium_airport,1,5266,medium
3,DGLE,TML,Yakubu Tali International Airport,Tamale,GH,GH-NP,AF,large_airport,1,7999,international + large
3,DGSI,KMS,Prempeh I International Airport,Kumasi,GH,GH-AH,AF,large_airport,1,7612,international + large
3,DGSN,NYI,Sunyani Airport,Sunyani,GH,GH-BO,AF,medium_airport,1,4594,medium
3,DGTK,TKD,Takoradi Airport,Sekondi-Takoradi,GH,GH-WP,AF,medium_airport,1,5745,medium
3,GBYD,BJL,Banjul International Airport,Banjul (Yundum),GM,GM-W,AF,large_airport,1,11811,international + large
3,GUCY,CKY,Ahmed Sékou Touré International Airport,Conakry,GN,GN-C,AF,large_airport,1,10826,international + large
3,FGBT,BSG,Bata International Airport,Bata,GQ,GQ-LI,AF,large_airport,1,10860,international + large
3,FGMY,GEM,President Obiang Nguema International Airport,Mengomeyén,GQ,GQ-WN,AF,medium_airport,1,9843,international + medium
3,FGSL,SSG,Malabo International Airport,Malabo,GQ,GQ-BN,AF,large_airport,1,9647,international + large
3,FGCO,OCS,Corisco International Airport,Corisco Island,GQ,GQ-LI,AF,large_airport,0,0,international + large
3,GGOV,OXB,Osvaldo Vieira International Airport,Bissau,GW,GW-BS,AF,large_airport,1,10499,international + large
3,HKLO,LOK,Lodwar Airport,Lodwar,KE,KE-23,AF,medium_airport,3,3281,2+ runways + medium
3,HKLU,LAU,Manda Airport,Lamu,KE,KE-05,AF,medium_airport,2,6561,2+ runways + medium
3,HKML,MYD,Malindi International Airport,Malindi,KE,KE-03,AF,medium_airport,2,4600,2+ runways + international + medium
3,HKMO,MBA,Moi International Airport,Mombasa,KE,KE-01,AF,large_airport,2,10991,2+ runways + international + large
3,HKNW,WIL,Nairobi Wilson Airport,Nairobi,KE,KE-47,AF,medium_airport,2,5052,2+ runways + medium
3,HKAM,ASV,Amboseli Airport,Ol Tukai,KE,KE-34,AF,medium_airport,1,3284,medium
3,HKEL,EDL,Eldoret International Airport,Eldoret,KE,KE-27,AF,large_airport,1,11480,international + large
3,HKJK,NBO,Jomo Kenyatta International Airport,Nairobi,KE,KE-47,AF,large_airport,1,13507,international + large
3,HKKI,KIS,Kisumu International Airport,Kisumu,KE,KE-42,AF,large_airport,1,10823,international + large
3,HKKT,KTL,Kitale Airport,Kitale,KE,KE-26,AF,medium_airport,1,4757,medium
3,HKLK,LKG,Lokichogio Airport,Lokichogio,KE,KE-23,AF,medium_airport,1,6195,medium
3,HKMS,MRE,Mara Serena Lodge Airstrip,Serena,KE,KE-33,AF,medium_airport,1,3450,medium
3,HKNK,NUU,Nakuru Lanet Airport,Nakuru,KE,KE-32,AF,medium_airport,1,5607,medium
3,HKNL,NYK,Nanyuki Civil Airport,Gathiuru,KE,KE-19,AF,medium_airport,1,3900,medium
3,HKRE,,Moi Air Base,Nairobi,KE,KE-47,AF,medium_airport,1,7998,medium
3,HKWJ,WJR,Wajir Airport,Wajir,KE,KE-08,AF,medium_airport,1,9193,medium
3,HKNY,,Laikipia Air Base,Nanyuki,KE,KE-31,AF,medium_airport,0,0,medium
3,HKWY,KWY,Kiwayu Airport,Kiwayu,KE,KE-05,AF,medium_airport,0,0,medium
3,FMCH,HAH,Prince Said Ibrahim International Airport,Moroni,KM,KM-G,AF,large_airport,1,9514,international + large
3,FMCI,NWA,Mohéli Bandar Es Eslam Airport,Fomboni,KM,KM-M,AF,medium_airport,1,4265,medium
3,FMCV,AJN,Ouani Airport,Ouani,KM,KM-A,AF,medium_airport,1,4429,medium
3,GLMR,MLW,Spriggs Payne Airport,Monrovia,LR,LR-MO,AF,medium_airport,1,6000,medium
3,GLRB,ROB,Roberts International Airport,Monrovia,LR,LR-MG,AF,large_airport,1,11000,international + large
3,GLGE,SNI,Greenville/Sinoe Airport,Greenville,LR,LR-SI,AF,medium_airport,0,0,medium
3,FXMM,MSU,Moshoeshoe I International Airport,Maseru(Mazenod),LS,LS-A,AF,large_airport,2,10498,2+ runways + international + large
3,HL56,,Matan al-Sarra Air Base,,LY,LY-KF,AF,medium_airport,2,11013,2+ runways + medium
3,HL77,,Okba Ibn Nafa Air Base,,LY,LY-NQ,AF,medium_airport,2,10500,2+ runways + medium
3,HLGD,SRX,Sirt International Airport / Ghardabiya Airbase,Sirt,LY,LY-SR,AF,large_airport,2,11807,2+ runways + international + large
3,HLGT,GHT,Ghat Airport,Ghat,LY,LY-GT,AF,medium_airport,2,11811,2+ runways + medium
3,HLKF,AKF,Kufra Airport,Kufra,LY,LY-KF,AF,medium_airport,2,12007,2+ runways + medium
3,HLLB,BEN,Benina International Airport,Benina,LY,LY-BA,AF,large_airport,2,11732,2+ runways + international + large
3,HLLQ,LAQ,Al Abraq International Airport,Al Albraq,LY,LY-JA,AF,large_airport,2,11824,2+ runways + international + large
3,HLTD,LTD,Ghadames Airport,Ghadames,LY,LY-NL,AF,medium_airport,2,11811,2+ runways + medium
3,HLLM,MJI,Mitiga International Airport,Tripoli,LY,LY-TB,AF,large_airport,1,11155,international + large
3,HLLS,SEB,Sabha Airport,Sabha,LY,LY-SB,AF,medium_airport,1,11778,medium
3,HLMB,LMQ,Marsa al Brega Airport,Marsa al Brega,LY,LY-WA,AF,medium_airport,1,7220,medium
3,HLBU,,Bombah Airport,Bombah,LY,LY-DR,AF,medium_airport,0,0,medium
3,GMFM,MEK,Bassatine Airport,Meknes,MA,MA-03,AF,medium_airport,2,9252,2+ runways + medium
3,GMFO,OUD,Oujda Angads Airport,Ahl Angad,MA,MA-02,AF,large_airport,2,9843,2+ runways + large
3,GMMN,CMN,Mohammed V International Airport,Casablanca,MA,MA-06,AF,large_airport,2,12205,2+ runways + international + large
3,GMAD,AGA,Al Massira Airport,Agadir (Temsia),MA,MA-09,AF,large_airport,1,10499,large
3,GMAT,TTA,Tan Tan Airport,Tan Tan,MA,MA-10,AF,medium_airport,1,6562,medium
3,GMFB,UAR,Bouarfa Airport,Bouarfa,MA,MA-02,AF,medium_airport,1,10499,medium
3,GMFF,FEZ,Fes Saïss International Airport,Saïss,MA,MA-03,AF,large_airport,1,10499,international + large
3,GMFK,ERH,Moulay Ali Cherif Airport,Errachidia,MA,MA-08,AF,medium_airport,1,10499,medium
3,GMMD,BEM,Beni Mellal Airport,Oulad Yaich,MA,MA-05,AF,large_airport,1,8169,large
3,GMME,RBA,Rabat-Salé Airport,Rabat,MA,MA-04,AF,large_airport,1,11483,large
3,GMMI,ESU,Essaouira-Mogador Airport,Essaouira,MA,MA-07,AF,medium_airport,1,8553,medium
3,GMMW,NDR,Nador Al Aaroui International Airport,Al Aaroui,MA,MA-02,AF,large_airport,1,9842,international + large
3,GMMX,RAK,Marrakesh Menara Airport,Marrakesh,MA,MA-07,AF,large_airport,1,10170,large
3,GMMZ,OZZ,Ouarzazate International Airport,Ouarzazate,MA,MA-08,AF,large_airport,1,9842,international + large
3,GMTA,AHU,Cherif Al Idrissi Airport,Al Hoceima,MA,MA-01,AF,medium_airport,1,10511,medium
3,GMTN,TTU,Sania Ramel Airport,Tétouan,MA,MA-01,AF,large_airport,1,10784,large
3,GMTT,TNG,Tangier Ibn Battuta Airport,Tangier,MA,MA-01,AF,large_airport,1,11483,large
3,GMAZ,OZG,Zagora Airport,Zagora,MA,MA-08,AF,large_airport,0,0,large
3,GMMP,NNA,Kenitra Air Base,Kenitra,MA,MA-04,AF,medium_airport,0,0,medium
3,FMMV,MOQ,Morondava Airport,Morondava,MG,MG-U,AF,medium_airport,2,4921,2+ runways + medium
3,FMST,TLE,Toliara Airport,Toliara,MG,MG-U,AF,medium_airport,2,6562,2+ runways + medium
3,FMMI,TNR,Ivato International Airport,Antananarivo,MG,MG-T,AF,large_airport,1,10171,international + large
3,FMMN,ZVA,Miandrivazo Airport,Miandrivazo,MG,MG-U,AF,medium_airport,1,3609,medium
3,FMMS,SMS,Sainte Marie Airport,Vohilava,MG,MG-A,AF,medium_airport,1,3451,medium
3,FMMT,TMM,Toamasina Ambalamanasy Airport,Toamasina,MG,MG-A,AF,large_airport,1,7218,large
3,FMNA,DIE,Arrachart Airport,Antisiranana,MG,MG-D,AF,medium_airport,1,4921,medium
3,FMNC,WMR,Mananara Nord Airport,Mananara Nord,MG,MG-A,AF,medium_airport,1,4101,medium
3,FMND,ZWA,Andapa Airport,,MG,MG-D,AF,medium_airport,1,4153,medium
3,FMNH,ANM,Antsirabe Airport,Antsirabe,MG,MG-D,AF,medium_airport,1,3914,medium
3,FMNL,HVA,Analalava Airport,Analalava,MG,MG-M,AF,medium_airport,1,3937,medium
3,FMNM,MJN,Amborovy Airport,Mahajanga,MG,MG-M,AF,large_airport,1,7218,large
3,FMNN,NOS,Nosy Be International Airport,Nosy Be,MG,MG-D,AF,large_airport,1,7185,international + large
3,FMNQ,BPY,Besalampy Airport,Besalampy,MG,MG-M,AF,medium_airport,1,4046,medium
3,FMNR,WMN,Maroantsetra Airport,Maroantsetra,MG,MG-A,AF,medium_airport,1,4265,medium
3,FMNS,SVB,Sambava Airport,Sambava,MG,MG-D,AF,medium_airport,1,4577,medium
3,FMNV,VOH,Vohemar Airport,Vohemar,MG,MG-D,AF,medium_airport,1,4236,medium
3,FMNW,WAI,Ambalabe Airport,Antsohihy,MG,MG-M,AF,medium_airport,1,4921,medium
3,FMSD,FTU,Tôlanaro Airport,Tôlanaro,MG,MG-U,AF,medium_airport,1,5280,medium
3,FMSF,WFI,Fianarantsoa Airport,Fianarantsoa,MG,MG-F,AF,medium_airport,1,4101,medium
3,FMSK,WVK,Manakara Airport,Manakara,MG,MG-F,AF,medium_airport,1,3886,medium
3,FMSM,MNJ,Mananjary Airport,Mananjary,MG,MG-F,AF,medium_airport,1,4921,medium
3,FMSR,MXM,Morombe Airport,Morombe,MG,MG-U,AF,medium_airport,1,4265,medium
3,GABS,BKO,Modibo Keita International Airport,Bamako,ML,ML-2,AF,large_airport,1,10498,international + large
3,GAGO,GAQ,Gao International Airport,Gao,ML,ML-7,AF,medium_airport,1,8202,international + medium
3,GAMB,MZI,Mopti Airport,Sévaré,ML,ML-5,AF,medium_airport,1,8340,medium
3,GATB,TOM,Tombouktou Airport,Timbuktu,ML,ML-7,AF,large_airport,1,6923,large
3,GAKD,KYS,Kayes Dag Dag Airport,Kayes,ML,ML-1,AF,medium_airport,0,0,medium
3,GQNO,NKC,Nouakchott–Oumtounsy International Airport,Nouakchott,MR,MR-NKC,AF,large_airport,2,11155,2+ runways + international + large
3,GQPA,ATR,Atar International Airport,Atar,MR,MR-07,AF,medium_airport,1,9855,international + medium
3,GQPP,NDB,Nouadhibou International Airport,Nouadhibou,MR,MR-08,AF,large_airport,1,7961,international + large
3,GQPZ,OUZ,Tazadit Airport,Zouérate,MR,MR-11,AF,medium_airport,1,8202,medium
3,FIMP,MRU,Sir Seewoosagur Ramgoolam International Airport,Plaine Magnien,MU,MU-GP,AF,large_airport,1,11056,international + large
3,FIMR,RRG,Sir Charles Gaetan Duval Airport,Port Mathurin,MU,MU-RO,AF,medium_airport,1,4223,medium
3,FWCL,BLZ,Chileka International Airport,Blantyre,MW,MW-BL,AF,large_airport,2,7628,2+ runways + international + large
3,FWDW,DWA,Dwangwa Airport,Dwangwa,MW,MW-NK,AF,medium_airport,1,3980,medium
3,FWKA,KGJ,Karonga Airport,Karonga,MW,MW-KR,AF,medium_airport,1,4200,medium
3,FWKI,LLW,Kamuzu International Airport,Lumbadzi,MW,MW-LI,AF,large_airport,1,11614,international + large
3,FWUU,ZZU,Mzuzu Airport,Mzuzu,MW,MW-MZ,AF,medium_airport,1,4291,medium
3,FQIN,INH,Inhambane Airport,Inhambane,MZ,MZ-I,AF,medium_airport,2,4921,2+ runways + medium
3,FQMA,MPM,Maputo Airport,Maputo,MZ,MZ-MPM,AF,large_airport,2,12008,2+ runways + large
3,FQNP,APL,Nampula Airport,Nampula,MZ,MZ-N,AF,large_airport,2,6562,2+ runways + large
3,FQVL,VNX,Vilankulo Airport,Vilanculo,MZ,MZ-I,AF,medium_airport,2,4823,2+ runways + medium
3,FQBR,BEW,Beira International Airport,Beira,MZ,MZ-S,AF,large_airport,1,7874,international + large
3,FQCH,VPY,Chimoio Airport,Chimoio,MZ,MZ-B,AF,medium_airport,1,7874,medium
3,FQLC,VXC,Lichinga Airport,Lichinga,MZ,MZ-A,AF,medium_airport,1,8300,medium
3,FQMD,MUD,Mueda Airport,Mueda,MZ,MZ-P,AF,medium_airport,1,7714,medium
3,FQMP,MZB,Mocímboa da Praia Airport,Mocímboa da Praia,MZ,MZ-P,AF,medium_airport,1,6562,medium
3,FQNC,MNC,Nacala International Airport,Nacala,MZ,MZ-N,AF,medium_airport,1,10171,international + medium
3,FQPB,POL,Pemba Airport,Pemba,MZ,MZ-P,AF,medium_airport,1,5905,medium
3,FQQL,UEL,Quelimane Airport,Quelimane,MZ,MZ-Q,AF,medium_airport,1,5905,medium
3,FQTT,TET,Tete Airport,Tete,MZ,MZ-T,AF,large_airport,1,8225,large
3,FYGF,GFY,Grootfontein Airport,Grootfontein,NA,NA-OD,AF,medium_airport,2,11680,2+ runways + medium
3,FYKT,KMP,Keetmanshoop Airport,Keetmanshoop,NA,NA-KA,AF,medium_airport,2,7598,2+ runways + medium
3,FYLZ,LUD,Luderitz Airport,Luderitz,NA,NA-KA,AF,medium_airport,2,6004,2+ runways + medium
3,FYML,,Mariental Airport,Mariental,NA,NA-HA,AF,medium_airport,2,6562,2+ runways + medium
3,FYOA,OND,Ondangwa Airport,Ondangwa,NA,NA-ON,AF,medium_airport,2,9800,2+ runways + medium
3,FYWE,ERS,Eros Airport,Windhoek,NA,NA-KH,AF,medium_airport,2,7381,2+ runways + medium
3,FYWH,WDH,Hosea Kutako International Airport,Windhoek,NA,NA-KH,AF,large_airport,2,15010,2+ runways + international + large
3,FYAR,ADI,Arandis Airport,Arandis,NA,NA-ER,AF,medium_airport,1,6300,medium
3,FYKM,MPA,Katima Mulilo Airport,Mpacha,NA,NA-CA,AF,medium_airport,1,7520,medium
3,FYOG,OMD,Oranjemund Airport,Oranjemund,NA,NA-KA,AF,medium_airport,1,5252,medium
3,FYRU,NDU,Rundu Airport,Rundu,NA,NA-KE,AF,medium_airport,1,11004,medium
3,FYTF,,Twyfelfontein Airport,Twyfelfontein,NA,NA-KU,AF,medium_airport,1,6550,medium
3,FYTM,TSB,Tsumeb Airport,Tsumeb,NA,NA-OT,AF,medium_airport,1,4823,medium
3,FYWB,WVB,Walvis Bay International Airport,Walvis Bay(Rooikop),NA,NA-ER,AF,large_airport,1,11483,international + large
3,DRRN,NIM,Diori Hamani International Airport,Niamey,NE,NE-8,AF,large_airport,2,10499,2+ runways + international + large
3,DRRM,MFQ,Maradi Airport,Maradi,NE,NE-4,AF,medium_airport,1,6070,medium
3,DRRT,THZ,Tahoua Airport,Tahoua,NE,NE-5,AF,medium_airport,1,7053,medium
3,DRZA,AJY,Mano Dayak International Airport,Agadez,NE,NE-1,AF,medium_airport,1,9843,international + medium
3,DRZR,ZND,Zinder Airport,Zinder,NE,NE-7,AF,medium_airport,1,5988,medium
3,DNKN,KAN,Mallam Aminu Kano International Airport,Kano,NG,NG-KN,AF,large_airport,2,10831,2+ runways + international + large
3,DNMM,LOS,Murtala Muhammed International Airport,Lagos,NG,NG-LA,AF,large_airport,2,12794,2+ runways + international + large
3,DNAA,ABV,Nnamdi Azikiwe International Airport,Abuja,NG,NG-FC,AF,large_airport,1,11842,international + large
3,DNAI,QUO,Akwa Ibom International Airport,Uyo,NG,NG-AK,AF,medium_airport,1,11811,international + medium
3,DNAK,AKR,Akure Airport,Akure,NG,NG-ON,AF,medium_airport,1,9195,medium
3,DNAS,ABB,Asaba International Airport,Asaba,NG,NG-DE,AF,large_airport,1,11155,international + large
3,DNBC,BCU,Sir Abubakar Tafawa Balewa Bauchi State International Airport,Bauchi,NG,NG-BA,AF,large_airport,1,11154,international + large
3,DNBE,BNI,Benin Airport,Benin,NG,NG-ED,AF,medium_airport,1,7870,medium
3,DNBY,,Bayelsa International Airport,Yenagoa,NG,NG-BY,AF,medium_airport,1,12139,international + medium
3,DNCA,CBQ,Margaret Ekpo International Airport,Calabar,NG,NG-CR,AF,medium_airport,1,8040,international + medium
3,DNEN,ENU,Akanu Ibiam International Airport,Enegu,NG,NG-EN,AF,large_airport,1,7879,international + large
3,DNGO,GMO,Gombe Lawanti International Airport,Gombe,NG,NG-GO,AF,medium_airport,1,10827,international + medium
3,DNGU,,Gusau Airport,Gusau,NG,NG-ZA,AF,medium_airport,1,4800,medium
3,DNIB,IBA,Ibadan Airport,Ibadan,NG,NG-OY,AF,medium_airport,1,7875,medium
3,DNIL,ILR,General Tunde Idiagbon International Airport,Ilorin/Ogbomosho,NG,NG-KW,AF,large_airport,1,10169,international + large
3,DNIM,QOW,Sam Mbakwe International Cargo Airport,Owerri,NG,NG-IM,AF,medium_airport,1,8858,international + medium
3,DNJO,JOS,Yakubu Gowon Airport,Jos,NG,NG-PL,AF,medium_airport,1,9845,medium
3,DNKA,KAD,Kaduna International Airport,Kaduna,NG,NG-KD,AF,large_airport,1,9843,international + large
3,DNMA,MIU,Maiduguri International Airport,Maiduguri,NG,NG-BO,AF,large_airport,1,9846,international + large
3,DNMK,MDI,Makurdi Airport,Makurdi,NG,NG-BE,AF,medium_airport,1,9830,medium
3,DNMN,MXJ,Minna Airport,Minna,NG,NG-NI,AF,medium_airport,1,11153,medium
3,DNPO,PHC,Port Harcourt International Airport,Port Harcourt,NG,NG-RI,AF,large_airport,1,9843,international + large
3,DNSO,SKO,Sadiq Abubakar III International Airport,Sokoto,NG,NG-SO,AF,large_airport,1,9844,international + large
3,DNSU,QRW,Warri Airport,Okpe,NG,NG-DE,AF,medium_airport,1,6868,medium
3,DNYO,YOL,Yola Airport,Yola,NG,NG-AD,AF,medium_airport,1,9840,medium
3,DNZA,ZAR,Zaria Airport,Zaria,NG,NG-KD,AF,medium_airport,1,5462,medium
3,DNBK,,Sir Ahmadu Bello International Airport,Birinin Kebbi,NG,NG-KE,AF,large_airport,0,0,international + large
3,DNKT,DKA,Umaru Musa Yar'adua Airport,Katsina,NG,NG-KT,AF,medium_airport,0,0,medium
3,DNPM,PHG,Port Harcourt City Airport / Port Harcourt Air Force Base,Port Harcourt,NG,NG-RI,AF,medium_airport,0,0,medium
3,FMEE,RUN,Roland Garros Airport,Sainte-Marie,RE,RE-SD,AF,large_airport,2,10499,2+ runways + large
3,FMEP,ZSE,Saint-Pierre Pierrefonds Airport,Saint-Pierre,RE,RE-SR,AF,large_airport,1,7000,large
3,HRYG,GYI,Gisenyi Airport,Gisenyi,RW,RW-04,AF,medium_airport,1,3330,medium
3,HRYR,KGL,Kigali International Airport,Kigali,RW,RW-01,AF,large_airport,1,11483,international + large
3,HRZA,KME,Kamembe Airport,Kamembe,RW,RW-04,AF,medium_airport,1,4921,medium
3,FSIA,SEZ,Seychelles International Airport,Victoria,SC,SC-20,AF,large_airport,1,9800,international + large
3,FSPP,PRI,Praslin Island Airport,Praslin Island,SC,SC-14,AF,medium_airport,1,4318,medium
3,HSFS,ELF,El Fasher Airport,El Fasher,SD,SD-02,AF,medium_airport,2,9744,2+ runways + medium
3,HSDN,DOG,Dongola Airport,Dongola,SD,SD-01,AF,medium_airport,1,9843,medium
3,HSKA,KSL,Kassala Airport,Kassala,SD,SD-05,AF,medium_airport,1,8202,medium
3,HSMN,MWE,Merowe Airport,Merowe,SD,SD-01,AF,medium_airport,1,13186,medium
3,HSNN,UYL,Nyala Airport,Nyala,SD,SD-11,AF,medium_airport,1,9880,medium
3,HSOB,EBD,El-Obeid Airport,El-Obeid,SD,SD-09,AF,medium_airport,1,9843,medium
3,HSPN,PZU,Port Sudan New International Airport,Port Sudan,SD,SD-26,AF,large_airport,1,8202,international + large
3,HSSG,,Sabera Geneina Airport,Geneina,SD,SD-12,AF,medium_airport,1,9829,medium
3,HSSK,KRT,Khartoum International Airport,Khartoum,SD,SD-03,AF,large_airport,1,9751,international + large
3,FHAW,ASI,RAF Ascension Island,Cat Hill,SH,SH-AC,AF,medium_airport,1,10019,medium
3,FHSH,HLE,Saint Helena International Airport,Jamestown,SH,SH-SH,AF,medium_airport,1,6398,international + medium
3,GFBO,KBS,Bo Airport,Bo,SL,SL-S,AF,medium_airport,1,4003,medium
3,GFKE,KEN,Kenema Airport,Kenema,SL,SL-E,AF,medium_airport,1,3770,medium
3,GFLL,FNA,Lungi International Airport,Freetown (Lungi-Town),SL,SL-N,AF,large_airport,1,10498,international + large
3,GFYE,WYE,Yengema Airport,Yengema,SL,SL-E,AF,medium_airport,1,3000,medium
3,GOBD,DSS,Blaise Diagne International Airport,Dakar,SN,SN-DK,AF,large_airport,1,11483,international + large
3,GOGG,ZIG,Ziguinchor Airport,Ziguinchor,SN,SN-ZG,AF,medium_airport,1,5069,medium
3,GOGS,CSK,Cap Skirring Airport,Cap Skirring,SN,SN-ZG,AF,medium_airport,1,6573,medium
3,GOOK,KLC,Kaolack Airport,Kaolack,SN,SN-FK,AF,medium_airport,1,5249,medium
3,GOOY,DKR,Léopold Sédar Senghor International Airport,Dakar,SN,SN-DK,AF,large_airport,1,11450,international + large
3,GOSM,MAX,Ouro Sogui Airport,Ouro Sogui,SN,SN-MT,AF,medium_airport,1,6299,medium
3,GOSS,XLS,Saint Louis Airport,Saint Louis,SN,SN-SL,AF,medium_airport,1,6230,medium
3,GOTB,BXE,Bakel Airport,Bakel,SN,SN-TC,AF,medium_airport,1,5741,medium
3,GOTK,KGG,Kédougou Airport,Kédougou,SN,SN-TC,AF,medium_airport,1,5906,medium
3,GOTT,TUD,Tambacounda Airport,Tambacounda,SN,SN-TC,AF,medium_airport,1,6562,medium
3,HCMF,BSA,Bender Qassim International Airport,Bosaso,SO,SO-BR,AF,large_airport,2,7874,2+ runways + international + large
3,HCMH,HGA,Egal International Airport,Hargeisa,SO,SO-WO,AF,large_airport,1,12139,international + large
3,HCMI,BBO,Berbera Airport,Berbera,SO,SO-WO,AF,medium_airport,1,13582,medium
3,HCMK,KMU,Kismayo Airport,Kismayo,SO,SO-JH,AF,medium_airport,1,12139,medium
3,HCMM,MGQ,Aden Adde International Airport,Mogadishu,SO,SO-BN,AF,large_airport,1,10446,international + large
3,HJJJ,JUB,Juba International Airport,Juba,SS,SS-EC,AF,large_airport,1,10171,international + large
3,HSSM,MAK,Malakal International Airport,Malakal,SS,SS-NU,AF,medium_airport,1,6562,international + medium
3,HSWW,WUU,Wau Airport,Wau,SS,SS-BW,AF,medium_airport,1,8202,medium
3,HJPH,,Paloich Airport,Higleig,SS,SS-NU,AF,medium_airport,0,0,medium
3,FPPR,PCP,Principe Airport,São Tomé & Príncipe,ST,ST-P,AF,medium_airport,1,4331,medium
3,FPST,TMS,São Tomé International Airport,São Tomé,ST,ST-01,AF,large_airport,1,7283,international + large
3,FDMS,MTS,Matsapha International Airport,Manzini,SZ,SZ-MA,AF,medium_airport,1,8530,international + medium
3,FDSK,SHO,King Mswati III International Airport,Mpaka,SZ,SZ-LU,AF,large_airport,1,11811,international + large
3,FTTC,AEH,Abeche Airport,Abeche,TD,TD-OD,AF,medium_airport,1,9186,medium
3,FTTD,MQQ,Moundou Airport,Moundou,TD,TD-LO,AF,medium_airport,1,5906,medium
3,FTTJ,NDJ,N'Djamena International Airport,N'Djamena,TD,TD-ND,AF,large_airport,1,9186,international + large
3,FTTY,FYT,Faya-Largeau Airport,Faya-Largeau,TD,TD-BO,AF,medium_airport,1,9186,medium
3,FTFY,,Ouadi Doum Air Base,Wadi Doum,TD,TD-EO,AF,medium_airport,0,0,medium
3,DXNG,LRL,Niamtougou International Airport,Niamtougou,TG,TG-K,AF,large_airport,1,8202,international + large
3,DXXX,LFW,Lomé–Tokoin International Airport,Lomé,TG,TG-M,AF,large_airport,1,9847,international + large
3,DTTA,TUN,Tunis Carthage International Airport,Tunis,TN,TN-11,AF,large_airport,2,10499,2+ runways + international + large
3,DTTB,,Bizerte Sidi Ahmed Air Base,Borj Challouf,TN,TN-23,AF,medium_airport,2,9845,2+ runways + medium
3,DTKA,TBJ,Tabarka-Aïn Draham International Airport,Tabarka,TN,TN-32,AF,medium_airport,1,9416,international + medium
3,DTMB,MIR,Monastir Habib Bourguiba International Airport,Monastir,TN,TN-52,AF,medium_airport,1,9678,international + medium
3,DTNH,NBE,Enfidha - Hammamet International Airport,Enfidha,TN,TN-51,AF,medium_airport,1,10827,international + medium
3,DTTD,,Remada Air Base,Remada,TN,TN-83,AF,medium_airport,1,7812,medium
3,DTTF,GAF,Gafsa Ksar International Airport,Gafsa,TN,TN-71,AF,medium_airport,1,9514,international + medium
3,DTTG,GAE,Gabès Matmata International Airport,Gabès,TN,TN-81,AF,medium_airport,1,3702,international + medium
3,DTTJ,DJE,Djerba Zarzis International Airport,Mellita,TN,TN-82,AF,large_airport,1,10171,international + large
3,DTTR,EBM,El Borma Airport,El Borma,TN,TN-83,AF,medium_airport,1,8858,medium
3,DTTX,SFA,Sfax Thyna International Airport,Sfax,TN,TN-61,AF,medium_airport,1,9843,international + medium
3,DTTZ,TOE,Tozeur Nefta International Airport,Tozeur,TN,TN-72,AF,medium_airport,1,10581,international + medium
3,HTDA,DAR,Julius Nyerere International Airport,Dar es Salaam,TZ,TZ-02,AF,large_airport,2,9843,2+ runways + international + large
3,HTMT,MYW,Mtwara Airport,Mtwara,TZ,TZ-17,AF,medium_airport,2,7410,2+ runways + medium
3,HTAR,ARK,Arusha Airport,Arusha,TZ,TZ-01,AF,medium_airport,1,5377,medium
3,HTDO,DOD,Dodoma Airport,Dodoma,TZ,TZ-03,AF,medium_airport,1,6700,medium
3,HTGW,MBI,Songwe Airport,Mbeya,TZ,TZ-14,AF,medium_airport,1,10925,medium
3,HTIR,IRI,Iringa Airport,Nduli,TZ,TZ-04,AF,medium_airport,1,5508,medium
3,HTKJ,JRO,Kilimanjaro International Airport,Arusha,TZ,TZ-01,AF,large_airport,1,11811,international + large
3,HTLM,LKY,Lake Manyara Airport,Lake Manyara National Park,TZ,TZ-26,AF,medium_airport,1,4003,medium
3,HTMW,MWZ,Mwanza International Airport,Mwanza,TZ,TZ-18,AF,large_airport,1,10212,international + large
3,HTPE,PMA,Pemba Airport,Chake Chake,TZ,TZ-25,AF,medium_airport,1,5003,medium
3,HTTG,TGT,Tanga Airport,Tanga,TZ,TZ-25,AF,medium_airport,1,4160,medium
3,HTZA,ZNZ,Abeid Amani Karume International Airport,Zanzibar,TZ,TZ-07,AF,large_airport,1,9915,international + large
3,HUEN,EBB,Entebbe International Airport,Entebbe,UG,UG-C,AF,large_airport,2,12000,2+ runways + international + large
3,HUAR,RUA,Arua Airport,Arua,UG,UG-N,AF,medium_airport,1,5600,medium
3,HUGU,ULU,Gulu Airport,Gulu,UG,UG-N,AF,medium_airport,1,10314,medium
3,HUSO,SRT,Soroti Airport,Soroti,UG,UG-E,AF,medium_airport,1,6100,medium
3,FMCZ,DZA,Dzaoudzi Pamandzi International Airport,Dzaoudzi,YT,YT-U-A,AF,large_airport,1,6330,international + large
3,FALW,SDB,Langebaanweg Airport,Langebaanweg,ZA,ZA-WC,AF,medium_airport,4,7689,2+ runways + medium
3,FAAB,ALJ,Alexander Bay Airport,Alexander Bay,ZA,ZA-NC,AF,medium_airport,3,6063,2+ runways + medium
3,FAKD,KXE,P C Pelser Airport,Klerksdorp,ZA,ZA-NW,AF,medium_airport,3,4921,2+ runways + medium
3,FAUP,UTN,Upington Airport,Upington,ZA,ZA-NC,AF,medium_airport,3,16076,2+ runways + medium
3,FABL,BFN,Bram Fischer International Airport,Bloemfontein,ZA,ZA-FS,AF,large_airport,2,8396,2+ runways + international + large
3,FACT,CPT,Cape Town International Airport,Cape Town,ZA,ZA-WC,AF,large_airport,2,10502,2+ runways + international + large
3,FAEL,ELS,King Phalo Airport,East London,ZA,ZA-EC,AF,large_airport,2,6362,2+ runways + large
3,FAGM,QRA,Rand Airport,Johannesburg,ZA,ZA-GT,AF,medium_airport,2,5617,2+ runways + medium
3,FAKM,KIM,Kimberley Airport,Kimberley,ZA,ZA-NC,AF,large_airport,2,9843,2+ runways + large
3,FAOR,JNB,O.R. Tambo International Airport,Johannesburg,ZA,ZA-GT,AF,large_airport,2,14495,2+ runways + international + large
3,FAPE,PLZ,Chief Dawid Stuurman International Airport,Gqeberha (Port Elizabeth),ZA,ZA-EC,AF,large_airport,2,7087,2+ runways + international + large
3,FAPP,PTG,Polokwane International Airport,Polokwane,ZA,ZA-NP,AF,large_airport,2,8400,2+ runways + international + large
3,FAPS,PCF,Potchefstroom Airport,Potchefstroom,ZA,ZA-NW,AF,medium_airport,2,4885,2+ runways + medium
3,FARS,ROD,Robertson Airport,Robertson,ZA,ZA-WC,AF,medium_airport,2,4921,2+ runways + medium
3,FASK,,Swartkop Air Force Base,Pretoria,ZA,ZA-GT,AF,medium_airport,2,6589,2+ runways + medium
3,FAUT,UTT,K. D. Matanzima Airport,Mthatha,ZA,ZA-EC,AF,medium_airport,2,8530,2+ runways + medium
3,FAVV,,Vereeniging Airport,Vereeniging,ZA,ZA-GT,AF,medium_airport,2,5266,2+ runways + medium
3,FAWB,PRY,Wonderboom Airport,Pretoria,ZA,ZA-GT,AF,medium_airport,2,5998,2+ runways + medium
3,FAWK,WKF,Waterkloof Air Force Base,Pretoria,ZA,ZA-GT,AF,medium_airport,2,11001,2+ runways + medium
3,FAAG,AGZ,Aggeneys Airport,Aggeneys,ZA,ZA-NC,AF,medium_airport,1,6824,medium
3,FABE,BIY,Bisho Airport,Bisho,ZA,ZA-EC,AF,medium_airport,1,8202,medium
3,FABR,,Barberton Airport,Umjindi (Barberton),ZA,ZA-MP,AF,medium_airport,1,3300,medium
3,FAEO,,Ermelo Airport,Ermelo,ZA,ZA-MP,AF,medium_airport,1,5085,medium
3,FAFB,FCB,Ficksburg Sentraoes Airport,Ficksburg,ZA,ZA-FS,AF,medium_airport,1,4593,medium
3,FAGC,GCJ,Grand Central Airport,Midrand,ZA,ZA-GT,AF,medium_airport,1,6004,medium
3,FAGG,GRJ,George Airport,George,ZA,ZA-WC,AF,large_airport,1,6562,large
3,FAHR,HRS,Harrismith Airport,Harrismith,ZA,ZA-FS,AF,medium_airport,1,3937,medium
3,FAKN,MQP,Kruger Mpumalanga International Airport,Mbombela,ZA,ZA-MP,AF,large_airport,1,10171,international + large
3,FAKU,KMH,Johan Pienaar Airport,Kuruman,ZA,ZA-NC,AF,medium_airport,1,5578,medium
3,FAKZ,KLZ,Kleinsee Airport,Kleinsee,ZA,ZA-NC,AF,medium_airport,1,4921,medium
3,FALA,HLA,Lanseria International Airport,Johannesburg,ZA,ZA-GT,AF,large_airport,1,9996,international + large
3,FALC,LMR,Lime Acres Finsch Mine Airport,Lime Acres,ZA,ZA-NC,AF,medium_airport,1,5249,medium
3,FALE,DUR,King Shaka International Airport,Durban,ZA,ZA-NL,AF,large_airport,1,12139,international + large
3,FALY,LAY,Ladysmith Airport,Ladysmith,ZA,ZA-NL,AF,medium_airport,1,3937,medium
3,FAMD,AAM,Malamala Airport,Malamala,ZA,ZA-MP,AF,medium_airport,1,4145,medium
3,FAMG,MGH,Margate Airport,Margate,ZA,ZA-NL,AF,medium_airport,1,4495,medium
3,FAMM,MBD,Mmabatho International Airport,Mafeking,ZA,ZA-NW,AF,medium_airport,1,15157,international + medium
3,FAMS,,Morningside Farm Airport,Silveroaks,ZA,ZA-NW,AF,medium_airport,1,5046,medium
3,FAMU,MZQ,Mkuze Airport,Mkuze,ZA,ZA-NL,AF,medium_airport,1,6070,medium
3,FANC,NCS,Newcastle Airport,Newcastle,ZA,ZA-NL,AF,medium_airport,1,4921,medium
3,FAOH,OUH,Oudtshoorn Airport,Oudtshoorn,ZA,ZA-WC,AF,medium_airport,1,5577,medium
3,FAPG,PBZ,Plettenberg Bay Airport,Plettenberg Bay,ZA,ZA-WC,AF,medium_airport,1,4003,medium
3,FAPH,PHW,Hendrik Van Eck Airport,Phalaborwa,ZA,ZA-NP,AF,medium_airport,1,4491,medium
3,FAPI,,Pietersburg Municipal Airport,Polokwane,ZA,ZA-NP,AF,medium_airport,1,7218,medium
3,FAPJ,JOH,Port St Johns Airport,Port St Johns,ZA,ZA-EC,AF,medium_airport,1,3610,medium
3,FAPM,PZB,Pietermaritzburg Airport,Pietermaritzburg,ZA,ZA-NL,AF,medium_airport,1,5043,medium
3,FAPN,NTY,Pilanesberg International Airport,Pilanesberg,ZA,ZA-NW,AF,medium_airport,1,9022,international + medium
3,FAQT,UTW,Queenstown Airport,Queenstown,ZA,ZA-EC,AF,medium_airport,1,3937,medium
3,FARB,RCB,Richards Bay Airport,Richards Bay,ZA,ZA-NL,AF,medium_airport,1,4265,medium
3,FARG,,Rustenburg Airport,Rustenburg,ZA,ZA-NW,AF,medium_airport,1,4019,medium
3,FASB,SBU,Springbok Airport,Springbok,ZA,ZA-NC,AF,medium_airport,1,5213,medium
3,FASC,ZEC,Secunda Airport,Secunda,ZA,ZA-MP,AF,medium_airport,1,3609,medium
3,FASD,,Saldanha/Vredenburg Airport,Saldanha-Vredenburg,ZA,ZA-WC,AF,medium_airport,1,4665,medium
3,FASS,SIS,Sishen Airport,Sishen,ZA,ZA-NC,AF,medium_airport,1,5709,medium
3,FASZ,SZK,Skukuza Airport,Skukuza,ZA,ZA-MP,AF,medium_airport,1,5085,medium
3,FATZ,LTA,Tzaneen Airport,Tzaneen,ZA,ZA-NP,AF,medium_airport,1,4659,medium
3,FAUL,ULD,Prince Mangosuthu Buthelezi Airport,Ulundi,ZA,ZA-NL,AF,medium_airport,1,5381,medium
3,FAVB,VRU,Vryburg Airport,Vryburg,ZA,ZA-NW,AF,medium_airport,1,3937,medium
3,FAVG,VIR,Virginia Airport,Durban,ZA,ZA-NL,AF,medium_airport,1,3035,medium
3,FAVR,VRE,Vredendal Airport,Vredendal,ZA,ZA-WC,AF,medium_airport,1,4265,medium
3,FAYP,,Ysterplaat Air Force Base,Cape Town,ZA,ZA-WC,AF,medium_airport,1,5200,medium
3,FLND,,Peter Zuze Air Force Base,Ndola,ZM,ZM-08,AF,medium_airport,2,8250,2+ runways + medium
3,FLKE,CGJ,Kasompe Airport,Chingola,ZM,ZM-08,AF,medium_airport,1,4698,medium
3,FLLC,,Lusaka City Airport,Lusaka,ZM,ZM-09,AF,medium_airport,1,6594,medium
3,FLMF,MFU,Mfuwe International Airport,Mfuwe,ZM,ZM-03,AF,large_airport,1,7349,international + large
3,FLMG,MNR,Mongu Airport,Mongu,ZM,ZM-01,AF,medium_airport,1,4800,medium
3,FLSK,NLA,Simon Mwansa Kapwepwe International Airport,Ndola,ZM,ZM-08,AF,large_airport,1,11483,international + large
3,FLSO,KIW,Southdowns Airport,Kitwe,ZM,ZM-08,AF,medium_airport,1,6562,medium
3,FLHN,LVI,Harry Mwanga Nkumbula International Airport,Livingstone,ZM,ZM-07,AF,large_airport,0,0,international + large
3,FLKK,LUN,Kenneth Kaunda International Airport,Lusaka,ZM,ZM-09,AF,large_airport,0,0,international + large
3,FVMV,MVZ,Masvingo International Airport,Masvingo,ZW,ZW-MV,AF,medium_airport,2,5663,2+ runways + international + medium
3,FVCZ,BFO,Buffalo Range Airport,Chiredzi,ZW,ZW-MV,AF,medium_airport,1,5785,medium
3,FVFA,VFA,Victoria Falls International Airport,Victoria Falls,ZW,ZW-MN,AF,large_airport,1,13123,international + large
3,FVKB,KAB,Kariba Airport,Kariba,ZW,ZW-MW,AF,medium_airport,1,5413,medium
3,FVMT,,Mutoko Airport,Mutoko,ZW,ZW-ME,AF,medium_airport,1,3609,medium
3,FVTL,GWE,Josiah Tungamirai Air Force Base,Gweru,ZW,ZW-MI,AF,medium_airport,1,8766,medium
3,FVWN,HWN,Hwange National Park Airport,Gwayi River Farms,ZW,ZW-MN,AF,medium_airport,1,15091,medium
3,FVJN,BUQ,Joshua Mqabuko Nkomo International Airport,Bulawayo,ZW,ZW-BU,AF,large_airport,0,0,international + large
3,FVRG,HRE,Robert Gabriel Mugabe International Airport,Harare,ZW,ZW-HA,AF,large_airport,0,0,international + large
3,NZWD,,Williams Field Skiway,McMurdo Station,AQ,AQ-U-A,AN,medium_airport,2,10000,2+ runways + medium
3,NZSP,,Amundsen–Scott South Pole Station Airport,Amundsen-Scott South Pole Station,AQ,AQ-U-A,AN,medium_airport,1,12013,medium
3,AQBC,,Boulder Clay Runway,Zucchelli Station,AQ,AQ-U-A,AN,medium_airport,0,0,medium
3,AT03,,Concordia Skyway,Concordia Station,AQ,AQ-U-A,AN,medium_airport,0,0,medium
3,AT28,,Vostok Skiway,Vostok Station,AQ,AQ-U-A,AN,medium_airport,0,0,medium
3,OMAM,DHF,Al Dhafra Air Base,,AE,AE-AZ,AS,medium_airport,3,12012,2+ runways + medium
3,OMAA,AUH,Zayed International Airport,Abu Dhabi,AE,AE-AZ,AS,large_airport,2,13471,2+ runways + international + large
3,OMDB,DXB,Dubai International Airport,Dubai,AE,AE-DU,AS,large_airport,2,14590,2+ runways + international + large
3,OMDW,DWC,Al Maktoum International Airport,Dubai(Jebel Ali),AE,AE-DU,AS,large_airport,2,14764,2+ runways + international + large
3,OMAD,AZI,Al Bateen Executive Airport,Abu Dhabi,AE,AE-AZ,AS,large_airport,1,10499,large
3,OMAL,AAN,Al Ain International Airport,Al Ain,AE,AE-AZ,AS,large_airport,1,13123,international + large
3,OMBY,XSB,Sir Bani Yas Airport,Sir Bani Yas,AE,AE-AZ,AS,medium_airport,1,9272,medium
3,OMDM,NHD,Al Minhad Air Base,Dubai,AE,AE-DU,AS,medium_airport,1,12970,medium
3,OMFJ,FJR,Fujairah International Airport,Fujairah,AE,AE-FU,AS,large_airport,1,10007,international + large
3,OMRK,RKT,Ras Al Khaimah International Airport,Ras Al Khaimah,AE,AE-RK,AS,large_airport,1,12336,international + large
3,OMSJ,SHJ,Sharjah International Airport,Sharjah,AE,AE-SH,AS,large_airport,1,13320,international + large
3,OMNK,,Sas Al Nakheel Air Base,Sas Al Nakheel,AE,AE-AZ,AS,medium_airport,0,0,medium
3,OAIX,OAI,Bagram Airfield,Bagram,AF,AF-PAR,AS,medium_airport,2,11820,2+ runways + medium
3,OAHR,HEA,Herat - Khwaja Abdullah Ansari International Airport,Guzara,AF,AF-HER,AS,large_airport,1,9888,international + large
3,OAJL,JAA,Jalalabad Airport,Jalalabad,AF,AF-NAN,AS,medium_airport,1,7262,medium
3,OAKB,KBL,Kabul International Airport,Kabul,AF,AF-KAB,AS,large_airport,1,11483,international + large
3,OAKN,KDH,Ahmad Shah Baba International Airport,Kandahar,AF,AF-KAN,AS,large_airport,1,10532,international + large
3,OAKS,KHT,Khost International Airport,Khost,AF,AF-KHO,AS,medium_airport,1,8740,international + medium
3,OAMN,MMZ,Maymana Zahiraddin Faryabi Airport,Maymana,AF,AF-FYB,AS,medium_airport,1,5090,medium
3,OAMS,MZR,Mazar-i-Sharif International Airport,Mazar-i-Sharif,AF,AF-BAL,AS,large_airport,1,9843,international + large
3,OAUZ,UND,Kunduz Airport,Kunduz,AF,AF-KDZ,AS,medium_airport,1,6558,medium
3,UDSG,LWN,Shirak International Airport,Gyumri,AM,AM-SH,AS,large_airport,1,10564,international + large
3,UDYE,,Erebuni Airport,Yerevan,AM,AM-ER,AS,medium_airport,1,9134,medium
3,UDYZ,EVN,Zvartnots International Airport,Yerevan,AM,AM-ER,AS,large_airport,1,12631,international + large
3,UBBB,GYD,Heydar Aliyev International Airport,Baku,AZ,AZ-BA,AS,large_airport,2,13123,2+ runways + international + large
3,UBBN,NAJ,Nakhchivan International Airport,Nakhchivan,AZ,AZ-NX,AS,large_airport,2,10826,2+ runways + international + large
3,UB14,,Kyurdamir Air Base,Kyurdamir,AZ,AZ-KUR,AS,medium_airport,1,8200,medium
3,UB18,,Baku Kala Air Base,Baku,AZ,AZ-BA,AS,medium_airport,1,8670,medium
3,UBBG,GNJ,Ganja International Airport,Ganja,AZ,AZ-GA,AS,large_airport,1,10827,international + large
3,UBBQ,GBB,Gabala International Airport,Gabala,AZ,AZ-QAB,AS,medium_airport,1,11811,international + medium
3,UBBY,ZTU,Zaqatala International Airport,Zaqatala,AZ,AZ-ZAQ,AS,medium_airport,1,9843,international + medium
3,UG11,,Dollyar Air Base,Dollyar,AZ,AZ-SKR,AS,medium_airport,1,8182,medium
3,UBBI,,Nasosnaya Air Base,Sumqayit,AZ,AZ-SM,AS,medium_airport,0,0,medium
3,UBBS,,Khojaly Airport,Khojaly,AZ,AZ-XCI,AS,medium_airport,0,0,medium
3,UBLC,LHL,Lachin International Airport,Lachin,AZ,AZ-LAC,AS,medium_airport,0,0,international + medium
3,UBTT,ZXT,Zabrat Airport,Zabrat,AZ,AZ-BA,AS,medium_airport,0,0,medium
3,VGBR,BZL,Barisal Airport,Barisal,BD,BD-A,AS,medium_airport,1,5995,medium
3,VGCB,CXB,Cox's Bazar Airport,Cox's Bazar,BD,BD-B,AS,medium_airport,1,6790,medium
3,VGEG,CGP,Shah Amanat International Airport,Chattogram (Chittagong),BD,BD-B,AS,large_airport,1,9646,international + large
3,VGHS,DAC,Hazrat Shahjalal International Airport,Dhaka,BD,BD-C,AS,large_airport,1,11500,international + large
3,VGIS,IRD,Ishurdi Airport,Ishurdi,BD,BD-E,AS,medium_airport,1,4700,medium
3,VGJR,JSR,Jessore Airport,Jashore (Jessore),BD,BD-D,AS,medium_airport,1,8000,medium
3,VGRJ,RJH,Shah Makhdum Airport,Rajshahi,BD,BD-E,AS,medium_airport,1,6000,medium
3,VGSD,SPD,Saidpur Airport,Saidpur,BD,BD-E,AS,medium_airport,1,6000,medium
3,VGSY,ZYL,Osmany International Airport,Sylhet,BD,BD-G,AS,large_airport,1,9478,international + large
3,OBBI,BAH,Bahrain International Airport,Manama,BH,BH-15,AS,large_airport,2,12979,2+ runways + international + large
3,OBBS,,Sheik Isa Air Base,Sitrah,BH,BH-14,AS,medium_airport,1,12467,medium
3,WBSB,BWN,Brunei International Airport,Bandar Seri Begawan,BN,BN-BM,AS,large_airport,1,12000,international + large
3,VQGP,GLU,Gelephu Airport,Gelephu,BT,BT-31,AS,medium_airport,1,4921,medium
3,VQPR,PBH,Paro International Airport,Paro,BT,BT-11,AS,large_airport,1,7431,international + large
3,YPCC,CCK,Cocos (Keeling) Islands Airport,West Island,CC,CC-U-A,AS,large_airport,1,7999,large
3,ZGGG,CAN,Guangzhou Baiyun International Airport,Guangzhou (Huadu),CN,CN-44,AS,large_airport,5,12467,2+ runways + international + large
3,ZSPD,PVG,Shanghai Pudong International Airport,Shanghai (Pudong),CN,CN-31,AS,large_airport,5,13123,2+ runways + international + large
3,ZBAD,PKX,Beijing Daxing International Airport,Beijing,CN,CN-11,AS,large_airport,4,12467,2+ runways + international + large
3,ZLXY,XIY,Xi'an Xianyang International Airport,Xi'an,CN,CN-61,AS,large_airport,4,12467,2+ runways + international + large
3,ZUCK,CKG,Chongqing Jiangbei International Airport,Chongqing,CN,CN-50,AS,large_airport,4,12467,2+ runways + international + large
3,ZBAA,PEK,Beijing Capital International Airport,Beijing,CN,CN-11,AS,large_airport,3,12467,2+ runways + international + large
3,ZGSZ,SZX,Shenzhen Bao'an International Airport,Shenzhen,CN,CN-44,AS,large_airport,3,12467,2+ runways + international + large
3,ZHHH,WUH,Wuhan Tianhe International Airport,Wuhan (Huangpi),CN,CN-42,AS,large_airport,3,11811,2+ runways + international + large
3,ZLLL,LHW,Lanzhou Zhongchuan International Airport,Lanzhou (Yongdeng),CN,CN-62,AS,large_airport,3,13123,2+ runways + international + large
3,ZULS,LXA,Lhasa Gonggar International Airport,Shannan (Gonggar),CN,CN-54,AS,large_airport,3,13123,2+ runways + international + large
3,ZUTF,TFU,Chengdu Tianfu International Airport,Chengdu (Jianyang),CN,CN-51,AS,large_airport,3,13123,2+ runways + international + large
3,ZWWW,URC,Ürümqi Tianshan International Airport,Ürümqi,CN,CN-65,AS,large_airport,3,11811,2+ runways + international + large
3,ZBTJ,TSN,Tianjin Binhai International Airport,Tianjin,CN,CN-12,AS,large_airport,2,11811,2+ runways + international + large
3,ZBYN,TYN,Taiyuan Wusu International Airport,Taiyuan,CN,CN-14,AS,large_airport,2,11811,2+ runways + international + large
3,ZGHA,CSX,Changsha Huanghua International Airport,Changsha (Changsha),CN,CN-43,AS,large_airport,2,12467,2+ runways + international + large
3,ZHCC,CGO,Zhengzhou Xinzheng International Airport,Zhengzhou,CN,CN-41,AS,large_airport,2,11811,2+ runways + international + large
3,ZHEC,EHU,Ezhou Huahu International Airport,Ezhou,CN,CN-42,AS,large_airport,2,11811,2+ runways + international + large
3,ZJHK,HAK,Haikou Meilan International Airport,Haikou (Meilan),CN,CN-46,AS,large_airport,2,11811,2+ runways + international + large
3,ZPPP,KMG,Kunming Changshui International Airport,Kunming,CN,CN-53,AS,large_airport,2,14764,2+ runways + international + large
3,ZSFZ,FOC,Fuzhou Changle International Airport,Fuzhou (Changle),CN,CN-35,AS,large_airport,2,11811,2+ runways + international + large
3,ZSHC,HGH,Hangzhou Xiaoshan International Airport,Hangzhou,CN,CN-33,AS,large_airport,2,11811,2+ runways + international + large
3,ZSNJ,NKG,Nanjing Lukou International Airport,Nanjing,CN,CN-32,AS,large_airport,2,11811,2+ runways + international + large
3,ZSQD,TAO,Qingdao Jiaodong International Airport,Qingdao (Jiaozhou),CN,CN-37,AS,large_airport,2,11811,2+ runways + international + large
3,ZSSS,SHA,Shanghai Hongqiao International Airport,Shanghai (Minhang),CN,CN-31,AS,large_airport,2,11154,2+ runways + international + large
3,ZUGY,KWE,Guiyang Longdongbao International Airport,Guiyang (Nanming),CN,CN-52,AS,large_airport,2,13123,2+ runways + international + large
3,ZURK,RKZ,Xigaze Peace Airport / Shigatse Air Base,Xigazê (Samzhubzê),CN,CN-54,AS,large_airport,2,16404,2+ runways + large
3,ZUUU,CTU,Chengdu Shuangliu International Airport,Chengdu (Shuangliu),CN,CN-51,AS,large_airport,2,11811,2+ runways + international + large
3,ZYHB,HRB,Harbin Taiping International Airport,Harbin,CN,CN-23,AS,large_airport,2,11811,2+ runways + international + large
3,ZYQQ,NDG,Qiqihar Sanjiazi Airport,Qiqihar,CN,CN-23,AS,large_airport,2,11811,2+ runways + large
3,ZBBB,,Beijing Xijiao Airport,Beijing,CN,CN-11,AS,medium_airport,1,0,medium
3,ZBCD,CDE,Chengde Puning Airport,Chengde,CN,CN-13,AS,medium_airport,1,9186,medium
3,ZBCF,CIF,Chifeng Yulong Airport,Chifeng,CN,CN-15,AS,medium_airport,1,5774,medium
3,ZBDH,BPE,Qinhuangdao Beidaihe Airport,Qinhuangdao (Changli),CN,CN-13,AS,medium_airport,1,8530,medium
3,ZBDS,DSN,Ordos Ejin Horo International Airport,Ordos,CN,CN-15,AS,large_airport,1,10499,international + large
3,ZBDT,DAT,Datong Yungang International Airport,Datong,CN,CN-14,AS,large_airport,1,9843,international + large
3,ZBER,ERL,Erenhot Saiwusu International Airport,Erenhot,CN,CN-15,AS,medium_airport,1,9186,international + medium
3,ZBES,YIE,Arxan Yi'ershi Airport,Arxan,CN,CN-15,AS,medium_airport,1,7874,medium
3,ZBHD,HDG,Handan Airport,Handan,CN,CN-13,AS,medium_airport,1,8530,medium
3,ZBHH,HET,Hohhot Baita International Airport,Hohhot,CN,CN-15,AS,large_airport,1,11811,international + large
3,ZBHZ,HUO,Holingol Huolinhe Airport,Holingol,CN,CN-15,AS,medium_airport,1,8858,medium
3,ZBLA,HLD,Hulunbuir Hailar Airport,Hailar,CN,CN-15,AS,large_airport,1,8530,large
3,ZBLF,LFQ,Linfen Yaodu Airport,Linfen (Yaodu),CN,CN-14,AS,medium_airport,1,8530,medium
3,ZBLL,LLV,Lüliang Dawu Airport,Lüliang,CN,CN-61,AS,medium_airport,1,8530,medium
3,ZBMZ,NZH,Manzhouli Xijiao Airport,Manzhouli,CN,CN-15,AS,medium_airport,1,9186,medium
3,ZBOW,BAV,Baotou Donghe International Airport,Baotou,CN,CN-15,AS,large_airport,1,9186,international + large
3,ZBSG,SZH,Shuozhou Zirun Airport,Shuozhou,CN,CN-14,AS,medium_airport,1,8530,medium
3,ZBSJ,SJW,Shijiazhuang Zhengding International Airport,Shijiazhuang,CN,CN-13,AS,large_airport,1,11155,international + large
3,ZBTL,TGO,Tongliao Airport,Tongliao,CN,CN-15,AS,medium_airport,1,7546,medium
3,ZBUC,UCB,Ulanqab Jining Airport,Ulanqab,CN,CN-15,AS,medium_airport,1,10499,medium
3,ZBUH,WUA,Wuhai Airport,Wuhai,CN,CN-15,AS,medium_airport,1,8530,medium
3,ZBXH,XIL,Xilinhot Airport,Xilinhot,CN,CN-15,AS,medium_airport,1,9186,medium
3,ZBYC,YCU,Yuncheng Yanhu International Airport,Yuncheng (Yanhu),CN,CN-61,AS,large_airport,1,10499,international + large
3,ZBYZ,RLK,Bayannur Tianjitai Airport,Bayannur,CN,CN-15,AS,medium_airport,1,8530,medium
3,ZBZJ,ZQZ,Zhangjiakou Ningyuan Airport,Zhangjiakou,CN,CN-13,AS,medium_airport,1,8202,medium
3,ZBZL,NZL,Zhalantun Genghis Khan Airport,Zhalantun,CN,CN-15,AS,medium_airport,1,8202,medium
3,ZGBH,BHY,Beihai Fucheng Airport,Beihai,CN,CN-45,AS,medium_airport,1,10499,medium
3,ZGBS,AEB,Baise (Bose) Bama Airport,Baise (Tianyang),CN,CN-45,AS,medium_airport,1,8202,medium
3,ZGCD,CGD,Changde Taohuayuan Airport,Changde (Dingcheng),CN,CN-43,AS,medium_airport,1,8366,medium
3,ZGCJ,HJJ,Huaihua Zhijiang Airport,Huaihua,CN,CN-43,AS,medium_airport,1,7218,medium
3,ZGCZ,HCZ,Chenzhou Beihu Airport,Chenzhou,CN,CN-43,AS,medium_airport,1,8530,medium
3,ZGDY,DYG,Zhangjiajie Hehua International Airport,Zhangjiajie (Yongding),CN,CN-43,AS,large_airport,1,8530,international + large
3,ZGFS,FUO,Foshan Shadi Airport,Foshan (Nanhai),CN,CN-44,AS,medium_airport,1,9186,medium
3,ZGHC,HCJ,Hechi Jinchengjiang Airport,Hechi (Jinchengjiang),CN,CN-45,AS,medium_airport,1,7218,medium
3,ZGHZ,HUZ,Huizhou Pingtan Airport,Huizhou (Pingtan),CN,CN-44,AS,medium_airport,1,7874,medium
3,ZGKL,KWL,Guilin Liangjiang International Airport,Guilin (Lingui),CN,CN-45,AS,large_airport,1,10499,international + large
3,ZGLG,LLF,Yongzhou Lingling Airport,Yongzhou,CN,CN-43,AS,medium_airport,1,8530,medium
3,ZGNN,NNG,Nanning Wuxu International Airport,Nanning (Jiangnan),CN,CN-45,AS,large_airport,1,10499,international + large
3,ZGOW,SWA,Jieyang Chaoshan International Airport,Jieyang (Rongcheng),CN,CN-44,AS,large_airport,1,10499,international + large
3,ZGSD,ZUH,Zhuhai Jinwan Airport,Zhuhai (Jinwan),CN,CN-44,AS,large_airport,1,13517,large
3,ZGSY,WGN,Shaoyang Wugang Airport,Shaoyang (Wugang),CN,CN-43,AS,medium_airport,1,8530,medium
3,ZGWZ,WUZ,Wuzhou Xijiang Airport,Tangbu,CN,CN-45,AS,medium_airport,1,8202,medium
3,ZGYL,YLX,Yulin Fumian Airport,Yulin,CN,CN-45,AS,medium_airport,1,8530,medium
3,ZGYY,YYA,Yueyang Sanhe Airport,Yueyang (Yueyanglou),CN,CN-43,AS,medium_airport,1,8530,medium
3,ZGZH,LZH,Liuzhou Bailian Airport / Bailian Air Base,Liuzhou (Liujiang),CN,CN-45,AS,medium_airport,1,8202,medium
3,ZGZJ,ZHA,Zhanjiang Wuchuan International Airport,Zhanjiang,CN,CN-44,AS,large_airport,1,10499,international + large
3,ZHES,ENH,Enshi Xujiaping Airport,Enshi (Enshi),CN,CN-42,AS,medium_airport,1,6890,medium
3,ZHJZ,SHS,Jingzhou Shashi Airport,Jingzhou (Shashi),CN,CN-42,AS,medium_airport,1,8530,medium
3,ZHLY,LYA,Luoyang Beijiao Airport,Luoyang (Laocheng),CN,CN-41,AS,large_airport,1,8202,large
3,ZHSN,HPG,Shennongjia Hongping Airport,Shennongjia (Hongping),CN,CN-42,AS,medium_airport,1,9186,medium
3,ZHSY,WDS,Shiyan Wudangshan Airport,Shiyan (Maojian),CN,CN-42,AS,medium_airport,1,8530,medium
3,ZHXF,XFN,Xiangyang Liuji Airport,Xiangyang (Xiangzhou),CN,CN-42,AS,medium_airport,1,8530,medium
3,ZHXY,XAI,Xinyang Minggang Airport,Xinyang,CN,CN-41,AS,medium_airport,1,8858,medium
3,ZHYC,YIH,Yichang Sanxia Airport,Yichang (Xiaoting),CN,CN-42,AS,medium_airport,1,10499,medium
3,ZJQH,BAR,Qionghai Bo'ao Airport,Qionghai (Basuo),CN,CN-46,AS,medium_airport,1,10499,medium
3,ZJSY,SYX,Sanya Phoenix International Airport,Sanya (Tianya),CN,CN-46,AS,large_airport,1,11155,international + large
3,ZLDH,DNH,Dunhuang Mogao International Airport,Dunhuang,CN,CN-62,AS,large_airport,1,9186,international + large
3,ZLDL,HXD,Haixi Delingha Airport,Delingha,CN,CN-63,AS,medium_airport,1,9843,medium
3,ZLGL,GMQ,Golog Maqên Airport,Golog (Maqên),CN,CN-63,AS,medium_airport,1,12467,medium
3,ZLGM,GOQ,Golmud Airport,Golmud,CN,CN-63,AS,medium_airport,1,15748,medium
3,ZLGY,GYU,Guyuan Liupanshan Airport,Guyuan (Yuanzhou),CN,CN-64,AS,medium_airport,1,9186,medium
3,ZLHX,HTT,Huatugou Airport,Mengnai,CN,CN-63,AS,medium_airport,1,11811,medium
3,ZLHZ,HZG,Hanzhong Chenggu Airport,Hanzhong (Chenggu),CN,CN-61,AS,medium_airport,1,8202,medium
3,ZLIC,INC,Yinchuan Hedong International Airport,Yinchuan,CN,CN-64,AS,large_airport,1,11811,international + large
3,ZLJC,JIC,Jinchang Jinchuan Airport,Jinchang,CN,CN-62,AS,medium_airport,1,9843,medium
3,ZLJQ,JGN,Jiayuguan International Airport,Jiayuguan,CN,CN-62,AS,large_airport,1,9843,international + large
3,ZLLN,LNL,Longnan Chengzhou Airport,Longnan (Cheng),CN,CN-62,AS,medium_airport,1,9186,medium
3,ZLQY,IQN,Qingyang Xifeng Airport,Qingyang (Xifeng),CN,CN-62,AS,medium_airport,1,8530,medium
3,ZLTS,THQ,Tianshui Maijishan Airport,Tianshui (Maiji),CN,CN-62,AS,medium_airport,1,9186,medium
3,ZLXH,GXH,Gannan Xiahe Airport,Gannan (Xiahe),CN,CN-62,AS,medium_airport,1,10499,medium
3,ZLXN,XNN,Xining Caojiabao International Airport,Haidong (Huzhu Tu Autonomous County),CN,CN-63,AS,large_airport,1,12467,international + large
3,ZLYA,ENY,Yan'an Nanniwan Airport,Yan'an (Baota),CN,CN-61,AS,medium_airport,1,9843,medium
3,ZLYL,UYN,Yulin Yuyang Airport,Yulin,CN,CN-61,AS,medium_airport,1,9186,medium
3,ZLYS,YUS,Yushu Batang Airport,Yushu (Batang),CN,CN-63,AS,medium_airport,1,12467,medium
3,ZLZW,ZHY,Zhongwei Shapotou Airport,Zhongwei (Shapotou),CN,CN-64,AS,medium_airport,1,9186,medium
3,ZLZY,YZY,Zhangye Ganzhou Airport,Zhangye (Ganzhou),CN,CN-62,AS,medium_airport,1,9843,medium
3,ZPBS,BSD,Baoshan Yunrui Airport,Baoshan (Longyang),CN,CN-53,AS,medium_airport,1,7874,medium
3,ZPCW,CWJ,Cangyuan Washan Airport,Lincang (Cangyuan),CN,CN-53,AS,medium_airport,1,8530,medium
3,ZPDL,DLU,Dali Fengyi Airport,Dali (Xiaguan),CN,CN-53,AS,medium_airport,1,8202,medium
3,ZPDQ,DIG,Diqing Shangri-La Airport,Diqing (Shangri-La),CN,CN-53,AS,medium_airport,1,11647,medium
3,ZPJH,JHG,Xishuangbanna Gasa International Airport,Jinghong (Gasa),CN,CN-53,AS,large_airport,1,7874,international + large
3,ZPJM,JMJ,Lancang Jingmai Airport,Pu'er (Lancang),CN,CN-53,AS,medium_airport,1,8530,medium
3,ZPLC,LNJ,Lincang Boshang Airport,Lincang,CN,CN-53,AS,medium_airport,1,7874,medium
3,ZPLJ,LJG,Lijiang Sanyi International Airport,Lijiang,CN,CN-53,AS,large_airport,1,9843,international + large
3,ZPMS,LUM,Dehong Mangshi International Airport,Dehong (Mangshi),CN,CN-53,AS,medium_airport,1,7218,international + medium
3,ZPZT,ZAT,Zhaotong Zhaoyang Airport,Zhaotong,CN,CN-53,AS,medium_airport,1,8530,medium
3,ZSAM,XMN,Xiamen Gaoqi International Airport,Xiamen,CN,CN-35,AS,large_airport,1,11155,international + large
3,ZSAQ,AQG,Anqing Tianzhushan Airport / Anqing North Air Base,Anqing,CN,CN-34,AS,medium_airport,1,9186,medium
3,ZSCG,CZX,Changzhou Benniu International Airport,Changzhou,CN,CN-32,AS,medium_airport,1,11155,international + medium
3,ZSCN,KHN,Nanchang Changbei International Airport,Nanchang,CN,CN-36,AS,large_airport,1,11155,international + large
3,ZSDY,DOY,Dongying Shengli Airport,Dongying (Kenli),CN,CN-37,AS,medium_airport,1,9186,medium
3,ZSFY,FUG,Fuyang Xiguan Airport,"Yingzhou, Fuyang",CN,CN-34,AS,medium_airport,1,7874,medium
3,ZSHZ,HZA,Heze Mudan Airport,Heze (Dingtao),CN,CN-37,AS,medium_airport,1,8530,medium
3,ZSJD,JDZ,Jingdezhen Luojia Airport,Jingdezhen,CN,CN-36,AS,medium_airport,1,7874,medium
3,ZSJG,JNG,Jining Da'an Airport,Jining,CN,CN-37,AS,medium_airport,1,9186,medium
3,ZSJN,TNA,Jinan Yaoqiang International Airport,Jinan (Licheng),CN,CN-37,AS,large_airport,1,11812,international + large
3,ZSJU,JUZ,Quzhou Airport,Quzhou (Kezheng),CN,CN-33,AS,medium_airport,1,6234,medium
3,ZSLG,LYG,Lianyungang Huaguoshan International Airport,Lianyungang,CN,CN-32,AS,large_airport,1,9186,international + large
3,ZSLO,LCX,Liancheng Guanzhishan Airport,Longyan (Liancheng),CN,CN-35,AS,medium_airport,1,7874,medium
3,ZSLQ,HYN,Taizhou Luqiao Airport,Taizhou (Luqiao),CN,CN-33,AS,medium_airport,1,8202,medium
3,ZSLY,LYI,Linyi Qiyang Airport,Linyi (Hedong),CN,CN-37,AS,medium_airport,1,10498,medium
3,ZSNB,NGB,Ningbo Lishe International Airport,Ningbo,CN,CN-33,AS,large_airport,1,10499,international + large
3,ZSNT,NTG,Nantong Xingdong International Airport,Nantong (Tongzhou),CN,CN-32,AS,medium_airport,1,11155,international + medium
3,ZSOF,HFE,Hefei Xinqiao International Airport,Hefei,CN,CN-34,AS,large_airport,1,11155,international + large
3,ZSQZ,JJN,Quanzhou Jinjiang International Airport,Quanzhou,CN,CN-35,AS,large_airport,1,8530,international + large
3,ZSRZ,RIZ,Rizhao Shanzihe Airport,Rizhao (Donggang),CN,CN-37,AS,medium_airport,1,8530,medium
3,ZSSH,HIA,Huai'an Lianshui Airport,Huai'an,CN,CN-32,AS,large_airport,1,9186,large
3,ZSSM,SQJ,Sanming Shaxian Airport,Sanming (Sha),CN,CN-35,AS,medium_airport,1,8530,medium
3,ZSSR,SQD,Shangrao Sanqingshan Airport,Shangrao (Hengfeng),CN,CN-36,AS,medium_airport,1,7874,medium
3,ZSTX,TXN,Huangshan Tunxi International Airport,Huangshan,CN,CN-34,AS,large_airport,1,8530,international + large
3,ZSWA,WHA,Wuhu Xuanzhou Airport,Wuhu,CN,CN-34,AS,medium_airport,1,9186,medium
3,ZSWF,WEF,Weifang Nanyuan Airport,Weifang (Kuiwen),CN,CN-37,AS,medium_airport,1,8530,medium
3,ZSWH,WEH,Weihai Dashuibo Airport,Weihai,CN,CN-37,AS,medium_airport,1,8530,medium
3,ZSWX,WUX,Sunan Shuofang International Airport,Wuxi,CN,CN-32,AS,large_airport,1,10499,international + large
3,ZSWY,WUS,Nanping Wuyishan Airport,Wuyishan,CN,CN-35,AS,medium_airport,1,7874,medium
3,ZSWZ,WNZ,Wenzhou Longwan International Airport,Wenzhou (Longwan),CN,CN-33,AS,large_airport,1,10499,international + large
3,ZSXZ,XUZ,Xuzhou Guanyin International Airport,Xuzhou,CN,CN-32,AS,medium_airport,1,11548,international + medium
3,ZSYA,YTY,Yangzhou Taizhou Airport,Yangzhou,CN,CN-32,AS,medium_airport,1,10499,medium
3,ZSYC,YIC,Yichun Mingyueshan Airport,Yichun,CN,CN-36,AS,medium_airport,1,7874,medium
3,ZSYN,YNZ,Yancheng Nanyang International Airport,Yancheng (Tinghu),CN,CN-32,AS,large_airport,1,9186,international + large
3,ZSYT,YNT,Yantai Penglai International Airport,Yantai,CN,CN-37,AS,large_airport,1,11155,international + large
3,ZSYW,YIW,Yiwu Airport,Yiwu/Jinhua,CN,CN-33,AS,large_airport,1,9843,large
3,ZSZS,HSN,Zhoushan Putuoshan International Airport,Zhoushan,CN,CN-33,AS,large_airport,1,8202,international + large
3,ZUAL,NGQ,Ngari Gunsa Airport,Shiquanhe,CN,CN-54,AS,medium_airport,1,14764,medium
3,ZUAS,AVA,Anshun Huangguoshu Airport,Anshun (Xixiu),CN,CN-52,AS,medium_airport,1,9186,medium
3,ZUBD,BPX,Qamdo Bangda Airport,Bangda,CN,CN-54,AS,medium_airport,1,14764,medium
3,ZUBJ,BFJ,Bijie Feixiong Airport,Bijie,CN,CN-52,AS,medium_airport,1,8530,medium
3,ZUDA,DZH,Dazhou Jinya Airport,Dazhou (Dachuan),CN,CN-51,AS,medium_airport,1,8530,medium
3,ZUDC,DCY,Daocheng Yading Airport,Garzê (Daocheng),CN,CN-51,AS,medium_airport,1,13780,medium
3,ZUGH,GHN,Guanghan Airport,Deyang (Guanghan),CN,CN-51,AS,medium_airport,1,7218,medium
3,ZUGU,GYS,Guangyuan Panlong Airport,Guangyuan (Lizhou),CN,CN-51,AS,medium_airport,1,8202,medium
3,ZUHY,AHJ,Hongyuan Airport,Ngawa (Hongyuan),CN,CN-51,AS,medium_airport,1,11811,medium
3,ZUJZ,JZH,Jiuzhai Huanglong Airport,Ngawa (Songpan),CN,CN-51,AS,medium_airport,1,10499,medium
3,ZUKD,KGT,Kangding Airport,Garzê (Kangding),CN,CN-51,AS,medium_airport,1,13123,medium
3,ZUKJ,KJH,Kaili Huangping Airport,Kaili  (Huangping),CN,CN-52,AS,medium_airport,1,8530,medium
3,ZULZ,LZO,Luzhou Yunlong Airport,Luzhou (Yunlong),CN,CN-51,AS,medium_airport,1,8858,medium
3,ZUMT,WMT,Zunyi Maotai Airport,Zunyi,CN,CN-52,AS,medium_airport,1,8530,medium
3,ZUMY,MIG,Mianyang Nanjiao Airport,Mianyang (Fucheng),CN,CN-51,AS,medium_airport,1,7874,medium
3,ZUNP,HZH,Liping Airport,Liping,CN,CN-52,AS,medium_airport,1,7218,medium
3,ZUNZ,LZY,Nyingchi Mainling Airport,Nyingchi (Mainling),CN,CN-54,AS,medium_airport,1,9843,medium
3,ZUPS,LPF,Liupanshui Yuezhao Airport,Liupanshui (Zhongshan),CN,CN-52,AS,medium_airport,1,8202,medium
3,ZUQJ,JIQ,Qianjiang Wulingshan Airport,Qianjiang,CN,CN-50,AS,medium_airport,1,7874,medium
3,ZUTR,TEN,Tongren Fenghuang Airport,Tongren (Daxing),CN,CN-52,AS,medium_airport,1,9022,medium
3,ZUWL,CQW,Chongqing Xiannüshan Airport,Wulong,CN,CN-50,AS,medium_airport,1,9186,medium
3,ZUXC,XIC,Xichang Qingshan Airport,Liangshan (Xichang),CN,CN-51,AS,medium_airport,1,11811,medium
3,ZUYB,YBP,Yibin Wuliangye Airport,Yibin (Cuiping),CN,CN-51,AS,medium_airport,1,8530,medium
3,ZUYI,ACX,Xingyi Wanfenglin Airport,Xingyi,CN,CN-52,AS,medium_airport,1,7546,medium
3,ZUZH,PZI,Panzhihua Bao'anying Airport,Panzhihua (Renhe),CN,CN-51,AS,medium_airport,1,9186,medium
3,ZUZY,ZYI,Zunyi Xinzhou Airport,Zunyi,CN,CN-52,AS,medium_airport,1,9186,medium
3,ZWAK,AKU,Aksu Hongqipo Airport,Aksu (Onsu),CN,CN-65,AS,medium_airport,1,7874,medium
3,ZWAT,AAT,Altay Xuedu Airport,Altay,CN,CN-65,AS,medium_airport,1,7218,medium
3,ZWBL,BPL,Bole Alashankou Airport,Bole,CN,CN-65,AS,medium_airport,1,8530,medium
3,ZWCM,IQM,Qiemo Yudu Airport,Qiemo,CN,CN-65,AS,medium_airport,1,9186,medium
3,ZWFY,FYN,Fuyun Koktokay Airport,Fuyun,CN,CN-65,AS,medium_airport,1,8530,medium
3,ZWHM,HMI,Hami Airport,Hami,CN,CN-65,AS,medium_airport,1,7874,medium
3,ZWKL,KRL,Korla Licheng Airport,Korla,CN,CN-65,AS,medium_airport,1,9121,medium
3,ZWKN,KJI,Burqin Kanas Airport,Burqin,CN,CN-65,AS,medium_airport,1,8202,medium
3,ZWNL,NLT,Xinyuan Nalati Airport,Xinyuan,CN,CN-65,AS,medium_airport,1,7546,medium
3,ZWRQ,RQA,Ruoqiang Loulan Airport,Ruoqiang Town,CN,CN-65,AS,medium_airport,1,9186,medium
3,ZWSC,QSZ,Shache Airport,Shache,CN,CN-65,AS,medium_airport,1,9842,medium
3,ZWSH,KHG,Kashgar Laining International Airport,Kashgar,CN,CN-65,AS,large_airport,1,10499,international + large
3,ZWTL,TLQ,Turpan Jiaohe Airport,Turpan,CN,CN-65,AS,medium_airport,1,9186,medium
3,ZWTN,HTN,Hotan Airport,Hotan,CN,CN-65,AS,medium_airport,1,10499,medium
3,ZWYN,YIN,Ili Yining International Airport,Ili (Yining / Ghulja),CN,CN-65,AS,medium_airport,1,7874,international + medium
3,ZYAS,AOG,Anshan Teng'ao Airport / Anshan Air Base,Anshan,CN,CN-21,AS,medium_airport,1,8530,medium
3,ZYBA,DBC,Baicheng Chang'an Airport,Baicheng,CN,CN-22,AS,medium_airport,1,8202,medium
3,ZYBS,NBS,Changbaishan Airport,Baishan,CN,CN-22,AS,medium_airport,1,8530,medium
3,ZYCC,CGQ,Changchun Longjia International Airport,Changchun,CN,CN-22,AS,large_airport,1,10500,international + large
3,ZYCY,CHG,Chaoyang Airport,"Shuangta, Chaoyang",CN,CN-21,AS,medium_airport,1,6562,medium
3,ZYDD,DDG,Dandong Langtou International Airport,Dandong (Zhenxing),CN,CN-21,AS,medium_airport,1,8530,international + medium
3,ZYDU,DTU,Wudalianchi Dedu Airport,Heihe,CN,CN-23,AS,medium_airport,1,8202,medium
3,ZYFY,FYJ,Fuyuan Dongji Airport,Fuyuan,CN,CN-23,AS,medium_airport,1,8202,medium
3,ZYHE,HEK,Heihe Aihui Airport,Heihe,CN,CN-23,AS,medium_airport,1,8202,medium
3,ZYJD,JGD,Daxing'anling Elunchun Airport,Jiagedaqi,CN,CN-23,AS,medium_airport,1,7546,medium
3,ZYJM,JMU,Jiamusi Songjiang International Airport,Jiamusi,CN,CN-23,AS,medium_airport,1,8202,international + medium
3,ZYJS,JSJ,Jiansanjiang Shidi Airport,Jiansanjiang,CN,CN-23,AS,medium_airport,1,8202,medium
3,ZYJX,JXA,Jixi Xingkaihu Airport,Jixi,CN,CN-23,AS,medium_airport,1,7546,medium
3,ZYJZ,JNZ,Jinzhou Bay Airport,Jinzhou (Linghai),CN,CN-21,AS,medium_airport,1,8202,medium
3,ZYLD,LDS,Yichun Lindu Airport,Yichun,CN,CN-23,AS,medium_airport,1,7546,medium
3,ZYMD,MDG,Mudanjiang Hailang International Airport,Mudanjiang,CN,CN-23,AS,medium_airport,1,8530,international + medium
3,ZYMH,OHE,Mohe Gulian Airport,Mohe,CN,CN-23,AS,medium_airport,1,7218,medium
3,ZYSQ,YSQ,Songyuan Chaganhu Airport,Qian Gorlos Mongol Autonomous County,CN,CN-22,AS,medium_airport,1,8202,medium
3,ZYTL,DLC,Dalian Zhoushuizi International Airport,Dalian (Ganjingzi),CN,CN-21,AS,large_airport,1,10827,international + large
3,ZYTN,TNH,Tonghua Sanyuanpu Airport,Tonghua,CN,CN-22,AS,medium_airport,1,7546,medium
3,ZYTX,SHE,Shenyang Taoxian International Airport,Shenyang,CN,CN-21,AS,large_airport,1,10499,international + large
3,ZYYJ,YNJ,Yanji Chaoyangchuan Airport,Yanji,CN,CN-22,AS,medium_airport,1,8530,medium
3,ZYYK,YKH,Yingkou Lanqi Airport,Yingkou (Laobian),CN,CN-21,AS,medium_airport,1,8202,medium
3,ZBAL,AXF,Alxa Left Banner Bayanhot Airport,Bayanhot,CN,CN-15,AS,medium_airport,0,0,medium
3,ZBLX,,Liangxiangzhen Air Base,Beijing,CN,CN-11,AS,medium_airport,0,0,medium
3,ZBNJ,,Beijing Nanjiao Airport,Beijing,CN,CN-11,AS,medium_airport,0,0,medium
3,ZBXJ,,[Duplicate] Beijing Xijiao Airport,Beijing,CN,CN-11,AS,medium_airport,0,0,medium
3,ZGCS,,Changsha Datuopu Airport / Changsha Air Base,Changsha (Tianxin),CN,CN-43,AS,medium_airport,0,0,medium
3,ZGSG,HSC,Shaoguan Danxia Airport,Shaoguan,CN,CN-44,AS,medium_airport,0,0,medium
3,ZHGH,LHK,Guangzhou MR Air Base / Guanghua Airport,Xiangyang (Laohekou),CN,CN-42,AS,medium_airport,0,0,medium
3,ZLHN,HNG,Hainanzhou Gonghe Airport,Hainan (Gonghe),CN,CN-63,AS,medium_airport,0,0,medium
3,ZLSN,SIA,Xi'an Xiguan Airport,Xi'an (Baqiao),CN,CN-61,AS,medium_airport,0,0,medium
3,ZPNL,NLH,Ninglang Luguhu Airport,Ninglang,CN,CN-53,AS,medium_airport,0,0,medium
3,ZPTC,TCZ,Tengchong Tuofeng Airport,Baoshan (Tengchong),CN,CN-53,AS,medium_airport,0,0,medium
3,ZPYM,YUA,Yuanmou Air Base,Chuxiong (Yuanmou),CN,CN-53,AS,medium_airport,0,0,medium
3,ZSBA,BFY,Bengbu Tenghu Airport,Bengbu,CN,CN-34,AS,medium_airport,0,0,medium
3,ZSBB,BFU,Bengbu Renheji Airport,Bengbu,CN,CN-34,AS,medium_airport,0,0,medium
3,ZSGS,JGS,Jinggangshan Airport,Ji'an,CN,CN-36,AS,medium_airport,0,0,medium
3,ZSJX,JNH,Jiaxing Nanhu Airport,"Xiuzhou, Hangzhou",CN,CN-33,AS,medium_airport,0,0,medium
3,ZSRG,RUG,Rugao Air Base,Rugao (Nantong),CN,CN-32,AS,medium_airport,0,0,medium
3,ZSSZ,SZV,Suzhou Guangfu Airport,Suzhou,CN,CN-32,AS,medium_airport,0,0,medium
3,ZSTZ,,Anji Tianzihu General Airport,Anji,CN,CN-33,AS,medium_airport,0,0,medium
3,ZUBZ,BZX,Bazhong Enyang Airport,Bazhong,CN,CN-51,AS,medium_airport,0,0,medium
3,ZUDJ,DEJ,Tongren Dejiang Airport (Under Construction),Tongren,CN,CN-52,AS,medium_airport,0,0,medium
3,ZUDR,DDR,Shigatse Tingri Airport,Xigazê (Dingri),CN,CN-54,AS,medium_airport,0,0,medium
3,ZULA,LZG,Langzhong Gucheng Airport,Nanchong (Langzhong),CN,CN-51,AS,medium_airport,0,0,medium
3,ZUPL,APJ,Ali Pulan Airport,Burang Town,CN,CN-54,AS,medium_airport,0,0,medium
3,ZWLK,DHH,Barkol Dahe Airport,Barkol,CN,CN-65,AS,medium_airport,0,0,medium
3,ZWML,,Malan Air Base,"Hoxud, Bayingolin",CN,CN-65,AS,medium_airport,0,0,medium
3,ZWSS,SXJ,Shanshan Airport,Shanshan,CN,CN-65,AS,medium_airport,0,0,medium
3,ZWTK,HQL,Tashikuergan Hongqilafu Airport,Tashikuergan,CN,CN-65,AS,medium_airport,0,0,medium
3,ZYSY,,Shenyang Yuhong Quansheng Airport,"Yuhong, Shenyang",CN,CN-21,AS,medium_airport,0,0,medium
3,ZYXC,XEN,Xingcheng Air Base,Huludao (Xingcheng),CN,CN-21,AS,medium_airport,0,0,medium
3,ZYYY,,Shenyang Dongta Airport,"Dadong, Shenyang",CN,CN-21,AS,medium_airport,0,0,medium
3,YPXM,XCH,Christmas Island International Airport,Flying Fish Cove,CX,CX-U-A,AS,medium_airport,1,6900,international + medium
3,LCEN,ECN,Ercan International Airport,Tymbou (Kirklar),CY,CY-02,AS,large_airport,2,10498,2+ runways + international + large
3,LCLK,LCA,Larnaca International Airport,Larnaca,CY,CY-04,AS,large_airport,1,9823,international + large
3,LCPH,PFO,Paphos International Airport,Paphos,CY,CY-06,AS,large_airport,1,8858,international + large
3,LCRA,AKT,RAF Akrotiri,Akrotiri,CY,CY-XX,AS,medium_airport,1,9002,medium
3,LCGK,GEC,Geçitkale Airbase,Lefkoniko (Geçitkale),CY,CY-03,AS,medium_airport,0,0,medium
3,HEAR,AAC,El Arish International Airport,El Arish,EG,EG-SIN,AS,large_airport,2,9905,2+ runways + international + large
3,HESH,SSH,Sharm El Sheikh International Airport,Sharm El Sheikh,EG,EG-JS,AS,large_airport,2,10108,2+ runways + international + large
3,HETB,TCP,Taba International Airport,Taba,EG,EG-JS,AS,medium_airport,2,13123,2+ runways + international + medium
3,HE36,RDL,Bardawil International Airport,El Hassana,EG,EG-SIN,AS,medium_airport,1,8241,international + medium
3,HEGR,EGH,El Jora Airport,El Jora,EG,EG-SIN,AS,medium_airport,1,7874,medium
3,HESC,SKV,Saint Catherine International Airport,Saint Catherine,EG,EG-JS,AS,medium_airport,1,6939,international + medium
3,UG22,,Tbilisi Marneuli Air Base,Tbilisi,GE,GE-KK,AS,medium_airport,1,8170,medium
3,UG24,,Tbilisi Soganlug Air Base,Tbilisi,GE,GE-TB,AS,medium_airport,1,8131,medium
3,UG27,,Vaziani Air Base,Gamarjveba 1,GE,GE-KK,AS,medium_airport,1,8205,medium
3,UG28,,Bolshiye Shiraki Air Base,Bolshiye Shiraki,GE,GE-KA,AS,medium_airport,1,8862,medium
3,UGAM,,Ambrolauri Airport,Ambrolauri,GE,GE-RL,AS,medium_airport,1,3609,medium
3,UGKO,KUT,David the Builder Kutaisi International Airport,Kopitnari,GE,GE-IM,AS,large_airport,1,8202,international + large
3,UGSB,BUS,Alexander Kartveli Batumi International Airport,Batumi,GE,GE-AJ,AS,large_airport,1,8202,international + large
3,UGSS,SUI,Vladislav Ardzinba Sukhum International Airport,Sukhumi,GE,GE-AB,AS,medium_airport,1,12012,international + medium
3,UGTB,TBS,Tbilisi International Airport,Tbilisi,GE,GE-TB,AS,large_airport,1,9843,international + large
3,UGSG,,Gudauta Air Base,Gudauta,GE,GE-AB,AS,medium_airport,0,0,medium
3,LGKO,KGS,"Kos International Airport ""Ippokratis""",Kos Island,GR,GR-L,AS,large_airport,1,7841,international + large
3,LGRP,RHO,"Rhodes International Airport ""Diagoras""",Rhodes,GR,GR-L,AS,large_airport,1,10846,international + large
3,VHHH,HKG,Hong Kong International Airport,Hong Kong,HK,HK-NT,AS,large_airport,3,12467,2+ runways + international + large
3,VHSK,,Shek Kong Air Base,Islands,HK,HK-NT,AS,medium_airport,1,6180,medium
3,WIII,CGK,Soekarno-Hatta International Airport,Jakarta,ID,ID-BT,AS,large_airport,3,12008,2+ runways + international + large
3,WAAA,UPG,Sultan Hasanuddin International Airport,Makassar,ID,ID-SN,AS,large_airport,2,10171,2+ runways + international + large
3,WAJO,OKL,Oksibil Airport,Oksibil,ID,ID-PP,AS,medium_airport,2,2854,2+ runways + medium
3,WARA,MLG,Abdul Rachman Saleh Airport,Malang,ID,ID-JI,AS,medium_airport,2,8202,2+ runways + medium
3,WATT,KOE,El Tari Airport,Kupang,ID,ID-NT,AS,medium_airport,2,8202,2+ runways + medium
3,WABB,BIK,Frans Kaisiepo Airport,Biak,ID,ID-PA,AS,medium_airport,1,11715,medium
3,WADB,BMU,Sultan Muhammad Salahuddin Airport,Bima,ID,ID-NB,AS,medium_airport,1,5405,medium
3,WADD,DPS,Denpasar I Gusti Ngurah Rai International Airport,"Kuta, Badung",ID,ID-BA,AS,large_airport,1,9790,international + large
3,WADL,LOP,Lombok International Airport,"Mataram (Pujut, Lombok Tengah)",ID,ID-NB,AS,large_airport,1,10826,international + large
3,WAEE,TTE,Sultan Babullah Airport,Ternate,ID,ID-MU,AS,medium_airport,1,5875,medium
3,WAEW,OTI,Pitu Airport,Gotalalamo-Morotai Island,ID,ID-MU,AS,medium_airport,1,7880,medium
3,WAFB,TRT,Toraja Airport,Toraja,ID,ID-SN,AS,medium_airport,1,6562,medium
3,WAFF,PLW,Mutiara - SIS Al-Jufrie Airport,Palu,ID,ID-ST,AS,medium_airport,1,6781,medium
3,WAFP,PSJ,Kasiguncu Airport,Poso-Celebes Island,ID,ID-ST,AS,medium_airport,1,3650,medium
3,WAFW,LUW,Syukuran Aminuddin Amir Airport,Luwok,ID,ID-ST,AS,medium_airport,1,6070,medium
3,WAGG,PKY,Tjilik Riwut Airport,Palangkaraya,ID,ID-KT,AS,medium_airport,1,8202,medium
3,WAHI,YIA,Yogyakarta International Airport,Yogyakarta,ID,ID-YO,AS,large_airport,1,10663,international + large
3,WAHL,CXP,Tunggul Wulung Airport,Cilacap,ID,ID-JT,AS,medium_airport,1,4593,medium
3,WAJJ,DJJ,Dortheys Hiyo Eluay International Airport,Sentani,ID,ID-PA,AS,large_airport,1,9842,international + large
3,WAKK,MKQ,Mopah International Airport,Merauke,ID,ID-PS,AS,medium_airport,1,6070,international + medium
3,WALL,BPN,Sultan Aji Muhammad Sulaiman Sepinggan International Airport,Balikpapan,ID,ID-KI,AS,large_airport,1,8202,international + large
3,WALS,AAP,Aji Pangeran Tumenggung Pranoto International Airport,Samarinda,ID,ID-KI,AS,medium_airport,1,7382,international + medium
3,WAMH,NAH,Naha Airport,"Tabukan Utara, Sangihe Islands",ID,ID-SA,AS,medium_airport,1,3597,medium
3,WAMM,MDC,Sam Ratulangi International Airport,Manado,ID,ID-SA,AS,large_airport,1,8693,international + large
3,WAON,TJG,Warukin Airport,Tanta-Tabalong,ID,ID-KS,AS,medium_airport,1,4601,medium
3,WAOO,BDJ,Syamsudin Noor International Airport,Banjarbaru,ID,ID-KS,AS,large_airport,1,8202,international + large
3,WAPF,LUV,Karel Sadsuitubun Airport,Langgur,ID,ID-MA,AS,medium_airport,1,7710,medium
3,WAPN,NAM,Namniwel Airport,Namniwel,ID,ID-MA,AS,medium_airport,1,5249,medium
3,WAPP,AMQ,Pattimura International Airport,Ambon,ID,ID-MA,AS,large_airport,1,8202,international + large
3,WAQT,BEJ,Kalimarau Airport,Tanjung Redeb - Borneo Island,ID,ID-KI,AS,medium_airport,1,4625,medium
3,WARR,SUB,Juanda International Airport,Surabaya,ID,ID-JI,AS,large_airport,1,9843,international + large
3,WASF,FKQ,Fakfak Airport,Fakfak,ID,ID-PB,AS,medium_airport,1,3415,medium
3,WASK,KNG,Utarom Airport,Kaimana,ID,ID-PB,AS,medium_airport,1,5249,medium
3,WASO,BXB,Babo Airport,Babo,ID,ID-PB,AS,medium_airport,1,4280,medium
3,WASS,SOQ,Domine Eduard Osok Airport,Sorong,ID,ID-PB,AS,medium_airport,1,6070,medium
3,WAVV,WMX,Wamena Airport,Wamena,ID,ID-PP,AS,medium_airport,1,7135,medium
3,WAWD,WNI,Matahora Airport,Wangi-wangi Island,ID,ID-SG,AS,medium_airport,1,6959,medium
3,WAWP,KXB,Sangia Nibandera Airport,Kolaka,ID,ID-SG,AS,medium_airport,1,6070,medium
3,WIBB,PKU,Sultan Syarif Kasim II International Airport / Roesmin Nurjadin AFB,Pekanbaru,ID,ID-RI,AS,medium_airport,1,7360,international + medium
3,WIBD,DUM,Pinang Kampai Airport,Dumai,ID,ID-RI,AS,medium_airport,1,5905,medium
3,WIBJ,RGT,Japura Airport,Rengat-Sumatra Island,ID,ID-RI,AS,medium_airport,1,4265,medium
3,WICA,KJT,Kertajati International Airport,Kertajati,ID,ID-JB,AS,medium_airport,1,9843,international + medium
3,WICC,BDO,Husein Sastranegara International Airport,Bandung,ID,ID-JB,AS,medium_airport,1,7381,international + medium
3,WIDD,BTH,Hang Nadim International Airport,Batam,ID,ID-KR,AS,large_airport,1,13218,international + large
3,WIDN,TNJ,Raja Haji Fisabilillah International Airport,Tanjung Pinang-Bintan Island,ID,ID-KR,AS,medium_airport,1,7380,international + medium
3,WIHH,HLP,Halim Perdanakusuma International Airport,Jakarta,ID,ID-JK,AS,large_airport,1,9843,international + large
3,WILL,TKG,Radin Inten II International Airport,Bandar Lampung,ID,ID-LA,AS,medium_airport,1,9088,international + medium
3,WIMB,GNS,Binaka Airport,Gunungsitoli,ID,ID-SU,AS,medium_airport,1,4445,medium
3,WIME,AEG,Aek Godang Airport,Padang Sidempuan,ID,ID-SU,AS,medium_airport,1,4580,medium
3,WIMK,MES,Soewondo Air Force Base,Medan,ID,ID-SU,AS,medium_airport,1,9514,medium
3,WIMM,KNO,Kualanamu International Airport,Beringin,ID,ID-SU,AS,large_airport,1,12303,international + large
3,WIMS,FLZ,Dr. Ferdinand Lumban Tobing Airport,Sibolga (Pinangsori),ID,ID-SU,AS,medium_airport,1,5655,medium
3,WIMU,LSR,Alas Leuser Airport,Kutacane,ID,ID-AC,AS,medium_airport,1,5358,medium
3,WIOG,NPO,Nanga Pinoh Airport,Nanga Pinoh-Borneo Island,ID,ID-KB,AS,medium_airport,1,3272,medium
3,WIOK,KTG,Rahadi Osman Airport,Ketapang,ID,ID-KB,AS,medium_airport,1,4585,medium
3,WIOO,PNK,Supadio International Airport,Pontianak,ID,ID-KB,AS,large_airport,1,7380,international + large
3,WIOP,PSU,Pangsuma Airport,Putussibau-Borneo Island,ID,ID-KB,AS,medium_airport,1,3294,medium
3,WIPP,PLM,Sultan Mahmud Badaruddin II Airport,Palembang,ID,ID-SS,AS,medium_airport,1,8202,medium
3,WIPQ,PDO,Pendopo Airport,Talang Gudang-Sumatra Island,ID,ID-SS,AS,medium_airport,1,4265,medium
3,WITK,TXE,Rembele Airport,Takengon,ID,ID-AC,AS,medium_airport,1,3837,medium
3,WITL,LSX,Lhok Sukon Airport,Lhok Sukon-Sumatra Island,ID,ID-AC,AS,medium_airport,1,3675,medium
3,WITT,BTJ,Sultan Iskandar Muda International Airport,Banda Aceh,ID,ID-AC,AS,large_airport,1,9843,international + large
3,WABO,ZRI,Stevanus Rumbewas Airport,Serui,ID,ID-PA,AS,medium_airport,0,0,medium
3,WAHH,JOG,Adisutjipto International Airport,Yogyakarta,ID,ID-YO,AS,medium_airport,0,0,international + medium
3,WAHQ,SOC,Adisoemarmo International Airport,Surakarta,ID,ID-JT,AS,large_airport,0,0,international + large
3,WAHS,SRG,Jenderal Ahmad Yani Airport,Semarang,ID,ID-JT,AS,large_airport,0,0,large
3,WAKT,TMH,Tanah Merah Airport,Tanah Merah,ID,ID-PS,AS,medium_airport,0,0,medium
3,WALK,,Nusantara International Airport,Nusantara,ID,ID-KI,AS,medium_airport,0,0,international + medium
3,WAQQ,TRK,Juwata International Airport / Suharnoko Harbani AFB,Tarakan,ID,ID-KU,AS,medium_airport,0,0,international + medium
3,WARD,DHX,Dhoho International Airport,Kediri,ID,ID-JI,AS,medium_airport,0,0,international + medium
3,WAUU,MKW,Rendani Airport,Manokwari,ID,ID-PB,AS,medium_airport,0,0,medium
3,WAYB,UGU,Bilorai Airport,Bilogai,ID,ID-PT,AS,medium_airport,0,0,medium
3,WAYY,TIM,Mozes Kilangin Airport,Timika,ID,ID-PT,AS,medium_airport,0,0,medium
3,WIDO,NTX,Ranai Airport,Ranai-Natuna Besar Island,ID,ID-KR,AS,medium_airport,0,0,medium
3,WIEE,PDG,Minangkabau International Airport,Padang (Katapiang),ID,ID-SB,AS,large_airport,0,0,international + large
3,WIGG,BKS,Fatmawati Soekarno Airport,Bengkulu,ID,ID-BE,AS,medium_airport,0,0,medium
3,WIKK,PGK,Depati Amir Airport,Pangkal Pinang,ID,ID-BB,AS,medium_airport,0,0,medium
3,WIOS,SQG,Tebelian Airport,Sintang,ID,ID-KB,AS,medium_airport,0,0,medium
3,WITC,MEQ,Cut Nyak Dhien Airport,Kuala Pesisir,ID,ID-AC,AS,medium_airport,0,0,medium
3,LLNV,VTM,Nevatim Air Base,Beersheba,IL,IL-D,AS,medium_airport,4,10991,2+ runways + medium
3,LLBG,TLV,Ben Gurion International Airport,Tel Aviv,IL,IL-M,AS,large_airport,3,13327,2+ runways + international + large
3,LLEK,,Tel Nof Air Base,Rehovot,IL,IL-M,AS,medium_airport,3,7880,2+ runways + medium
3,LLRD,,Ramat David Air Base,Haifa,IL,IL-Z,AS,medium_airport,3,8550,2+ runways + medium
3,LLRM,,Ramon Air Base,Beersheba,IL,IL-D,AS,medium_airport,2,9876,2+ runways + medium
3,LLER,ETM,Ramon International Airport,Eilat,IL,IL-D,AS,large_airport,1,11811,international + large
3,LLHA,HFA,Uri Michaeli Haifa International Airport,Haifa,IL,IL-HA,AS,medium_airport,1,4324,international + medium
3,LLIB,RPN,Rosh Pina Airport,Rosh Pina,IL,IL-Z,AS,medium_airport,1,3625,medium
3,LLMZ,MTZ,Bar Yehuda Airfield,Masada,IL,IL-D,AS,medium_airport,1,3937,medium
3,FJDG,NKW,Naval Support Facility Diego Garcia,Diego Garcia,IO,IO-U-A,AS,medium_airport,1,12003,main airport of IO + medium
3,ORAA,IQA,Al Asad Air Base,Hīt,IQ,IQ-AN,AS,medium_airport,3,13124,2+ runways + medium
3,ORAT,TQD,Al Taqaddum Air Base,Al Habbaniyah,IQ,IQ-AN,AS,medium_airport,2,13186,2+ runways + medium
3,ORBD,,Balad Southeast Airport / Joint Base Balad,Al Bakr,IQ,IQ-SD,AS,medium_airport,2,11495,2+ runways + medium
3,ORBI,BGW,Baghdad International Airport / New Al Muthana Air Base,Baghdad,IQ,IQ-BG,AS,large_airport,2,13124,2+ runways + international + large
3,ORKK,KIK,Kirkuk International Airport,Kirkuk,IQ,IQ-TS,AS,large_airport,2,9809,2+ runways + international + large
3,ORTL,XNH,Ali Air Base,Nasiriyah,IQ,IQ-DQ,AS,medium_airport,2,10935,2+ runways + medium
3,ORUB,,Ubaydah Bin Al Jarrah Airport,Al Kut,IQ,IQ-WA,AS,medium_airport,2,11666,2+ runways + medium
3,ORBM,OSM,Mosul International Airport,Mosul,IQ,IQ-NI,AS,large_airport,1,8695,international + large
3,ORER,EBL,Erbil International Airport,Arbil,IQ,IQ-AR,AS,large_airport,1,15748,international + large
3,ORMM,BSR,Basra International Airport,Basra,IQ,IQ-BA,AS,large_airport,1,13124,international + large
3,ORNI,NJF,Al Najaf International Airport,Najaf,IQ,IQ-NA,AS,large_airport,1,9842,international + large
3,ORQW,RQW,Qayyarah West Airport,Qayyarah,IQ,IQ-NI,AS,medium_airport,1,11486,medium
3,ORSH,,Al Sahra Army Air Field,Tikrit,IQ,IQ-SD,AS,medium_airport,1,10225,medium
3,ORTF,,Tall Afar Army Air Field,Tall Afar,IQ,IQ-NI,AS,medium_airport,1,9842,medium
3,ORTI,,Al Taji Army Air Field,Taji,IQ,IQ-BG,AS,medium_airport,1,5770,medium
3,ORJA,,Jalibah Southeast Air Base,Jalibah,IQ,IQ-BA,AS,medium_airport,0,0,medium
3,ORSJ,ISU,Jalal Talabani International Airport,Sulaymaniyah,IQ,IQ-SW,AS,medium_airport,0,0,international + medium
3,OIAA,ABD,Abadan Ayatollah Jami International Airport,Abadan,IR,IR-06,AS,large_airport,2,10169,2+ runways + international + large
3,OIAD,DEF,Dezful Airport,Dezful,IR,IR-06,AS,medium_airport,2,12641,2+ runways + medium
3,OIAI,QMJ,Shahid Asiyaee Airport,Masjed Soleyman,IR,IR-06,AS,medium_airport,2,5907,2+ runways + medium
3,OIBB,BUZ,Bushehr Airport,Bushehr,IR,IR-18,AS,medium_airport,2,14664,2+ runways + medium
3,OICC,KSH,Shahid Ashrafi Esfahani Airport,Kermanshah,IR,IR-05,AS,medium_airport,2,11213,2+ runways + medium
3,OIFM,IFN,Isfahan Shahid Beheshti International Airport,Isfahan,IR,IR-10,AS,large_airport,2,14425,2+ runways + international + large
3,OIFP,,Badr Air Base,Esfahan,IR,IR-10,AS,medium_airport,2,10920,2+ runways + medium
3,OIHS,NUJ,Nojeh Air Base,Amirabad,IR,IR-13,AS,medium_airport,2,14300,2+ runways + medium
3,OIIE,IKA,Imam Khomeini International Airport,Tehran,IR,IR-23,AS,large_airport,2,13772,2+ runways + international + large
3,OIII,THR,Mehrabad International Airport,Tehran,IR,IR-23,AS,large_airport,2,13258,2+ runways + international + large
3,OIKB,BND,Bandar Abbas International Airport,Bandar Abbas,IR,IR-22,AS,large_airport,2,12008,2+ runways + international + large
3,OIKK,KER,Ayatollah Hashemi Rafsanjani International Airport,Kerman,IR,IR-08,AS,large_airport,2,12635,2+ runways + international + large
3,OIMB,XBJ,Birjand International Airport,Birjand,IR,IR-29,AS,large_airport,2,9521,2+ runways + international + large
3,OIMM,MHD,Mashhad International Airport,Mashhad,IR,IR-09,AS,large_airport,2,12877,2+ runways + international + large
3,OINR,RZR,Ramsar Airport,Ramsar,IR,IR-02,AS,medium_airport,2,7448,2+ runways + medium
3,OISS,SYZ,Shiraz Shahid Dastghaib International Airport,Shiraz,IR,IR-07,AS,large_airport,2,14345,2+ runways + international + large
3,OITT,TBZ,Tabriz International Airport,Tabriz,IR,IR-03,AS,large_airport,2,11825,2+ runways + international + large
3,OIZC,ZBR,Chabahar Konarak International Airport,Konarak,IR,IR-11,AS,medium_airport,2,12514,2+ runways + international + medium
3,OIZH,ZAH,Zahedan International Airport,Zahedan,IR,IR-11,AS,large_airport,2,14042,2+ runways + international + large
3,OIAG,AKW,Aghajari Airport,Omidiyeh,IR,IR-06,AS,medium_airport,1,6933,medium
3,OIAH,GCH,Gachsaran Airport,Gachsaran,IR,IR-17,AS,medium_airport,1,6070,medium
3,OIAM,MRX,Mahshahr Airport,Mahshahr,IR,IR-06,AS,medium_airport,1,8874,medium
3,OIAW,AWZ,Qasem Soleimani International Airport,Ahvaz,IR,IR-06,AS,large_airport,1,11149,international + large
3,OIBA,AEU,Abu Musa Island Airport,Abu Musa,IR,IR-22,AS,medium_airport,1,9796,medium
3,OIBJ,KNR,Jam Airport,Jam,IR,IR-18,AS,medium_airport,1,7711,medium
3,OIBK,KIH,Kish International Airport,Kish Island,IR,IR-22,AS,large_airport,1,12004,international + large
3,OIBL,BDH,Bandar Lengeh International Airport,Bandar Lengeh,IR,IR-22,AS,medium_airport,1,8203,international + medium
3,OIBP,PGU,Persian Gulf International Airport,Khiyaroo,IR,IR-18,AS,medium_airport,1,13115,international + medium
3,OIBQ,KHK,Khark Airport,Khark,IR,IR-18,AS,medium_airport,1,5922,medium
3,OIBS,SXI,Siri Airport,Siri,IR,IR-22,AS,medium_airport,1,8345,medium
3,OIBV,LVP,Lavan Airport,Lavan Airport,IR,IR-22,AS,medium_airport,1,6815,medium
3,OICI,IIL,Ilam Airport,Ilam,IR,IR-16,AS,medium_airport,1,9183,medium
3,OICK,KHD,Khoram Abad Airport,,IR,IR-15,AS,medium_airport,1,10498,medium
3,OICS,SDG,Sanandaj Airport,,IR,IR-12,AS,medium_airport,1,8660,medium
3,OIFK,KKS,Kashan Airport,Kashan,IR,IR-10,AS,medium_airport,1,8845,medium
3,OIFS,CQD,Shahrekord Airport,Shahrekord,IR,IR-14,AS,medium_airport,1,10819,medium
3,OIGG,RAS,Sardar-e-Jangal Airport,Rasht,IR,IR-01,AS,medium_airport,1,9571,medium
3,OIHH,HDM,Hamadan Airport,Hamadan,IR,IR-13,AS,medium_airport,1,10611,medium
3,OIIK,GZW,Qazvin Airport,Qazvin,IR,IR-26,AS,medium_airport,1,3670,medium
3,OIIP,PYK,Payam International Airport,Karaj,IR,IR-32,AS,large_airport,1,12005,international + large
3,OIKJ,JYR,Jiroft Airport,Jiroft,IR,IR-08,AS,medium_airport,1,7236,medium
3,OIKM,BXR,Bam Airport,Bam,IR,IR-08,AS,medium_airport,1,11107,medium
3,OIKQ,GSM,Qeshm International Airport,Qeshm(Dayrestan),IR,IR-22,AS,large_airport,1,13864,international + large
3,OIKR,RJN,Rafsanjan Airport,Rafsanjan,IR,IR-08,AS,medium_airport,1,9814,medium
3,OIKY,SYJ,Sirjan Airport,Sirjan,IR,IR-08,AS,medium_airport,1,12356,medium
3,OIMC,CKT,Sarakhs Airport,Sarakhs,IR,IR-09,AS,medium_airport,1,13076,medium
3,OIMN,BJB,Bojnord Airport,Bojnord,IR,IR-28,AS,medium_airport,1,10582,medium
3,OIMS,AFZ,Sabzevar National Airport,Sabzevar,IR,IR-09,AS,medium_airport,1,10428,medium
3,OIMT,TCX,Tabas Airport,Tabas,IR,IR-21,AS,medium_airport,1,9977,medium
3,OING,GBT,Gorgan Airport,Gorgan,IR,IR-27,AS,medium_airport,1,10827,medium
3,OINN,NSH,Nowshahr Airport,Nowshahr,IR,IR-02,AS,medium_airport,1,6677,medium
3,OINZ,SRY,Sari Dasht-e Naz International Airport,Sari,IR,IR-02,AS,medium_airport,1,8688,international + medium
3,OISF,FAZ,Fasa Airport,Fasa,IR,IR-07,AS,medium_airport,1,6502,medium
3,OISL,LRR,Lar Airport,Lar,IR,IR-07,AS,medium_airport,1,10397,medium
3,OISR,LFM,Lamerd Airport,Lamerd,IR,IR-07,AS,medium_airport,1,10020,medium
3,OISY,YES,Yasuj Airport,Yasuj,IR,IR-17,AS,medium_airport,1,8522,medium
3,OITL,ADU,Ardabil Airport,Ardabil,IR,IR-24,AS,medium_airport,1,10823,medium
3,OITR,OMH,Urmia Airport,Urmia,IR,IR-04,AS,medium_airport,1,10658,medium
3,OITU,IMQ,Maku National Airport,Showt,IR,IR-04,AS,medium_airport,1,10827,medium
3,OITZ,JWN,Zanjan Airport,Zanjan,IR,IR-19,AS,medium_airport,1,9840,medium
3,OIYY,AZD,Shahid Sadooghi Airport,Yazd,IR,IR-21,AS,medium_airport,1,13446,medium
3,OIZB,ACZ,Zabol Airport,Zabol,IR,IR-11,AS,medium_airport,1,9848,medium
3,OIZI,IHR,Iranshahr Airport,Iranshahr,IR,IR-11,AS,medium_airport,1,7711,medium
3,OJAI,AMM,Queen Alia International Airport,Amman,JO,JO-AM,AS,large_airport,2,12008,2+ runways + international + large
3,OJMS,,Muwaffaq Salti Air Base,Al Azraq,JO,JO-AZ,AS,medium_airport,2,9777,2+ runways + medium
3,OJAM,ADJ,Marka International (Amman Civil) Airport,Amman,JO,JO-AM,AS,large_airport,1,10745,international + large
3,OJAQ,AQJ,King Hussein International Airport,Aqaba,JO,JO-AQ,AS,large_airport,1,9855,international + large
3,OJKF,,King Feisal Air Base,Al-Jafr,JO,JO-MN,AS,medium_airport,0,0,medium
3,RJTT,HND,Tokyo Haneda International Airport,Tokyo,JP,JP-13,AS,large_airport,4,11024,2+ runways + international + large
3,RJSH,HHE,JMSDF Hachinohe Air Base / Hachinohe Airport,Hachinohe,JP,JP-02,AS,medium_airport,3,7380,2+ runways + medium
3,RJAA,NRT,Narita International Airport,Narita,JP,JP-12,AS,large_airport,2,13123,2+ runways + international + large
3,RJAH,IBR,Ibaraki Airport,Omitama,JP,JP-08,AS,large_airport,2,8858,2+ runways + large
3,RJBB,KIX,Kansai International Airport,Osaka,JP,JP-27,AS,large_airport,2,13123,2+ runways + international + large
3,RJCC,CTS,New Chitose Airport,Sapporo,JP,JP-01,AS,large_airport,2,9843,2+ runways + large
3,RJCJ,,JASDF Chitose Air Base,Chitose,JP,JP-01,AS,medium_airport,2,13124,2+ runways + medium
3,RJCT,,Tokachi Airport,Obihiro,JP,JP-01,AS,medium_airport,2,4920,2+ runways + medium
3,RJFF,FUK,Fukuoka Airport,Fukuoka,JP,JP-40,AS,large_airport,2,9186,2+ runways + large
3,RJFY,,JMSDF Kanoya Air Base,Kanoya,JP,JP-46,AS,medium_airport,2,7382,2+ runways + medium
3,RJNO,OKI,Oki Global Geopark Airport,Okinoshima,JP,JP-32,AS,medium_airport,2,6531,2+ runways + medium
3,RJOF,,JASDF Hofu Airfield,Hofu,JP,JP-35,AS,medium_airport,2,4856,2+ runways + medium
3,RJOI,IWK,Iwakuni Kintaikyo Airport,Iwakuni,JP,JP-35,AS,medium_airport,2,8000,2+ runways + medium
3,RJOO,ITM,Osaka Itami International Airport,Osaka,JP,JP-27,AS,large_airport,2,9840,2+ runways + international + large
3,RJOY,,Yao Airport,Yao,JP,JP-27,AS,medium_airport,2,4890,2+ runways + medium
3,RJSN,KIJ,Niigata Airport,Niigata,JP,JP-15,AS,large_airport,2,8200,2+ runways + large
3,RJSS,SDJ,Sendai Airport,Natori,JP,JP-04,AS,large_airport,2,9842,2+ runways + large
3,RJST,,JASDF Matsushima Air Base,Ishinomaki,JP,JP-04,AS,medium_airport,2,8860,2+ runways + medium
3,ROAH,OKA,Naha International Airport,Naha,JP,JP-47,AS,large_airport,2,9840,2+ runways + international + large
3,RODN,DNA,Kadena Air Base,Okinawa,JP,JP-47,AS,large_airport,2,12100,2+ runways + large
3,RJAF,MMJ,Shinshu-Matsumoto Airport,Matsumoto,JP,JP-20,AS,medium_airport,1,6560,medium
3,RJAW,IWO,Ioto (Iwo Jima) Airbase,Ogasawara,JP,JP-13,AS,medium_airport,1,8700,medium
3,RJBD,SHM,Nanki Shirahama Airport,Shirahama,JP,JP-30,AS,medium_airport,1,6560,medium
3,RJBE,UKB,Kobe Airport,Kobe,JP,JP-28,AS,large_airport,1,8202,large
3,RJBT,TJH,Konotori Tajima Airport,Toyooka,JP,JP-28,AS,medium_airport,1,3937,medium
3,RJCB,OBO,Tokachi-Obihiro Airport,Obihiro,JP,JP-01,AS,medium_airport,1,8202,medium
3,RJCH,HKD,Hakodate Airport,Hakodate,JP,JP-01,AS,large_airport,1,9842,large
3,RJCK,KUH,Kushiro Airport,Kushiro,JP,JP-01,AS,medium_airport,1,8202,medium
3,RJCM,MMB,Memanbetsu Airport,Ōzora,JP,JP-01,AS,medium_airport,1,8202,medium
3,RJCN,SHB,Nakashibetsu Airport,Nakashibetsu,JP,JP-01,AS,medium_airport,1,6560,medium
3,RJCO,OKD,Sapporo Okadama Airport,Sapporo,JP,JP-01,AS,medium_airport,1,4920,medium
3,RJCW,WKJ,Wakkanai Airport,Wakkanai,JP,JP-01,AS,medium_airport,1,6560,medium
3,RJDA,AXJ,Amakusa Airport,Amakusa,JP,JP-43,AS,medium_airport,1,3281,medium
3,RJDB,IKI,Iki Airport,Iki,JP,JP-42,AS,medium_airport,1,4331,medium
3,RJDC,UBJ,Yamaguchi Ube Airport,Ube,JP,JP-35,AS,medium_airport,1,8200,medium
3,RJDT,TSJ,Tsushima Airport,Tsushima,JP,JP-42,AS,medium_airport,1,6234,medium
3,RJEB,MBE,Monbetsu Airport,Monbetsu,JP,JP-01,AS,medium_airport,1,6562,medium
3,RJEC,AKJ,Asahikawa Airport,Higashikagura,JP,JP-01,AS,medium_airport,1,8200,medium
3,RJEO,OIR,Okushiri Airport,Okushiri Island,JP,JP-01,AS,medium_airport,1,4922,medium
3,RJER,RIS,Rishiri Airport,Rishiri,JP,JP-01,AS,medium_airport,1,5906,medium
3,RJFA,,JASDF Ashiya Air Base,Ashiya,JP,JP-40,AS,medium_airport,1,5380,medium
3,RJFC,KUM,Yakushima Airport,Yakushima,JP,JP-46,AS,medium_airport,1,4921,medium
3,RJFE,FUJ,Fukue Airport,Goto,JP,JP-42,AS,medium_airport,1,6561,medium
3,RJFG,TNE,New Tanegashima Airport,Tanegashima,JP,JP-46,AS,medium_airport,1,6544,medium
3,RJFK,KOJ,Kagoshima Airport,Kagoshima,JP,JP-46,AS,large_airport,1,9840,large
3,RJFM,KMI,Miyazaki Airport,Miyazaki,JP,JP-45,AS,large_airport,1,8200,large
3,RJFO,OIT,Oita Airport,Oita,JP,JP-44,AS,medium_airport,1,9840,medium
3,RJFR,KKJ,Kitakyushu Airport,Kitakyushu,JP,JP-40,AS,large_airport,1,8202,large
3,RJFS,HSG,Kyushu Saga International Airport,Saga,JP,JP-41,AS,large_airport,1,6562,international + large
3,RJFT,KMJ,Kumamoto Airport,Kumamoto,JP,JP-43,AS,large_airport,1,9840,large
3,RJFU,NGS,Nagasaki Airport,Nagasaki,JP,JP-42,AS,large_airport,1,9840,large
3,RJFZ,,JASDF Tsuiki Air Base,Tsuiki,JP,JP-40,AS,medium_airport,1,7870,medium
3,RJGG,NGO,Chubu Centrair International Airport,Tokoname,JP,JP-23,AS,large_airport,1,11483,international + large
3,RJKA,ASJ,Amami Airport,Amami,JP,JP-46,AS,medium_airport,1,6560,medium
3,RJKB,OKE,Okinoerabu Airport,Wadomari,JP,JP-46,AS,medium_airport,1,4430,medium
3,RJKI,KKX,Kikai Airport,Kikai,JP,JP-46,AS,medium_airport,1,4307,medium
3,RJKN,TKN,Tokunoshima Airport,Amagi,JP,JP-46,AS,medium_airport,1,6561,medium
3,RJNA,NKM,Nagoya Airport / JASDF Komaki Air Base,Nagoya,JP,JP-23,AS,medium_airport,1,8990,medium
3,RJNF,FKJ,Fukui Airport,Fukui,JP,JP-18,AS,medium_airport,1,4329,medium
3,RJNG,QGU,Gifu Airport,Gifu,JP,JP-21,AS,medium_airport,1,8860,medium
3,RJNH,,JASDF Hamamatsu Air Base,Hamamatsu,JP,JP-22,AS,medium_airport,1,8366,medium
3,RJNK,KMQ,Komatsu Airport / JASDF Komatsu Air Base,Kanazawa,JP,JP-17,AS,large_airport,1,8876,large
3,RJNS,FSZ,Mount Fuji Shizuoka Airport,Makinohara / Shimada,JP,JP-22,AS,large_airport,1,7218,large
3,RJNT,TOY,Toyama Kitokito Airport,Toyama,JP,JP-16,AS,medium_airport,1,6562,medium
3,RJNW,NTQ,Noto Satoyama Airport,Wajima,JP,JP-17,AS,medium_airport,1,6562,medium
3,RJNY,,JASDF Shizuhama Air Base,Yaizu,JP,JP-22,AS,medium_airport,1,4920,medium
3,RJOA,HIJ,Hiroshima Airport,Hiroshima,JP,JP-34,AS,large_airport,1,9842,large
3,RJOB,OKJ,Okayama Momotaro Airport,Okayama,JP,JP-33,AS,large_airport,1,9843,large
3,RJOC,IZO,Izumo Enmusubi Airport,Izumo,JP,JP-32,AS,medium_airport,1,6562,medium
3,RJOH,YGJ,Yonago Kitaro Airport / JASDF Miho Air Base,Yonago,JP,JP-31,AS,medium_airport,1,8202,medium
3,RJOK,KCZ,Kochi Ryoma Airport,Nankoku,JP,JP-39,AS,large_airport,1,8203,large
3,RJOM,MYJ,Matsuyama Airport,Matsuyama,JP,JP-38,AS,large_airport,1,8200,large
3,RJOR,TTJ,Tottori Sand Dunes Conan Airport,Tottori,JP,JP-31,AS,medium_airport,1,6562,medium
3,RJOS,TKS,Tokushima Awaodori Airport / JMSDF Tokushima Air Base,Tokushima,JP,JP-36,AS,large_airport,1,6560,large
3,RJOT,TAK,Takamatsu Airport,Takamatsu,JP,JP-37,AS,large_airport,1,8200,large
3,RJOW,IWJ,Iwami Airport,Masuda,JP,JP-32,AS,medium_airport,1,6562,medium
3,RJSA,AOJ,Aomori Airport,Aomori,JP,JP-02,AS,large_airport,1,9846,large
3,RJSC,GAJ,Yamagata Airport,Higashine,JP,JP-06,AS,medium_airport,1,6560,medium
3,RJSD,SDS,Sado Airport,Sado,JP,JP-15,AS,medium_airport,1,3390,medium
3,RJSF,FKS,Fukushima Airport,Sukagawa,JP,JP-07,AS,medium_airport,1,8202,medium
3,RJSI,HNA,Iwate Hanamaki Airport,Hanamaki,JP,JP-03,AS,medium_airport,1,8202,medium
3,RJSK,AXT,Akita Airport,Akita,JP,JP-05,AS,medium_airport,1,8200,medium
3,RJSM,MSJ,Misawa Airport / Misawa Air Base,Misawa,JP,JP-02,AS,medium_airport,1,10000,medium
3,RJSR,ONJ,Odate Noshiro Airport,Kitaakita,JP,JP-05,AS,medium_airport,1,6562,medium
3,RJSY,SYO,Shonai Airport,Shonai,JP,JP-06,AS,medium_airport,1,6560,medium
3,RJTA,NJA,JMSDF Atsugi Air Base / Naval Air Facility Atsugi,Ayase / Yamato,JP,JP-14,AS,medium_airport,1,8000,medium
3,RJTE,,JMSDF Tateyama Air Base,Tateyama,JP,JP-12,AS,medium_airport,1,984,medium
3,RJTF,,Chofu Airport,Chofu,JP,JP-13,AS,medium_airport,1,2625,medium
3,RJTH,HAC,Hachijojima Airport,Hachijojima,JP,JP-13,AS,medium_airport,1,6563,medium
3,RJTJ,,Iruma Air Base,Sayama,JP,JP-13,AS,medium_airport,1,6562,medium
3,RJTK,,JGSDF Kisarazu Airfield,Kisarazu,JP,JP-12,AS,medium_airport,1,6004,medium
3,RJTL,,JMSDF Shimofusa Air Base,Matsudo,JP,JP-12,AS,medium_airport,1,7380,medium
3,RJTO,OIM,Oshima Airport,Izu Oshima,JP,JP-13,AS,medium_airport,1,5905,medium
3,RJTQ,MYE,Miyakejima Airport,Miyakejima,JP,JP-13,AS,medium_airport,1,4350,medium
3,RJTU,,Utsunomiya Air Field,Utsunomiya,JP,JP-09,AS,medium_airport,1,5570,medium
3,RJTY,OKO,Yokota Air Base,Fussa,JP,JP-13,AS,medium_airport,1,11000,medium
3,ROIG,ISG,New Ishigaki Airport,Ishigaki,JP,JP-47,AS,medium_airport,1,6562,medium
3,ROKJ,UEO,Kumejima Airport,Kumejima,JP,JP-47,AS,medium_airport,1,6562,medium
3,ROMD,MMD,Minamidaito Airport,Minamidaito,JP,JP-47,AS,medium_airport,1,4921,medium
3,ROMY,MMY,Miyako Airport,Miyakojima,JP,JP-47,AS,medium_airport,1,6560,medium
3,RORE,IEJ,Iejima Airport,Ie,JP,JP-47,AS,medium_airport,1,4920,medium
3,RORK,KTD,Kitadaito Airport,Kitadaitōjima,JP,JP-47,AS,medium_airport,1,4921,medium
3,RORS,SHI,Shimojishima Airport,Miyakojima,JP,JP-47,AS,medium_airport,1,9842,medium
3,RORT,TRA,Tarama Airport,Tarama,JP,JP-47,AS,medium_airport,1,4921,medium
3,RORY,RNJ,Yoron Airport,Yoron,JP,JP-46,AS,medium_airport,1,4340,medium
3,ROTM,,Futenma Marine Corps Air Station,,JP,JP-47,AS,medium_airport,1,9000,medium
3,ROYN,OGN,Yonaguni Airport,Yonaguni,JP,JP-47,AS,medium_airport,1,4920,medium
3,RJCS,,JASDF Kenebetsu Airfield,Betsukai,JP,JP-01,AS,medium_airport,0,0,medium
3,UAFW,,Kant Air Base,Kant,KG,KG-C,AS,medium_airport,1,8859,medium
3,UCFL,IKU,Issyk-Kul International Airport,Tamchy,KG,KG-Y,AS,large_airport,1,12467,international + large
3,UCFB,,Batken Airport,Batken,KG,KG-B,AS,medium_airport,0,0,medium
3,UCFD,,Jalal-Abad Airport,Jalal-Abad,KG,KG-J,AS,medium_airport,0,0,medium
3,UCFK,IKG,Karakol International Airport,Karakol,KG,KG-Y,AS,medium_airport,0,0,international + medium
3,UCFM,BSZ,Manas International Airport,Bishkek,KG,KG-C,AS,large_airport,0,0,international + large
3,UCFO,OSS,Osh International Airport,Osh,KG,KG-O,AS,large_airport,0,0,international + large
3,VDBG,BBM,Battambang Airport,Battambang,KH,KH-2,AS,medium_airport,1,5250,medium
3,VDPP,PNH,Phnom Penh International Airport,Phnom Penh (Pou Senchey),KH,KH-12,AS,large_airport,1,9843,international + large
3,VDRK,RBE,Ratanakiri Airport,Ratanakiri,KH,KH-16,AS,medium_airport,1,3937,medium
3,VDSA,SAI,Siem Reap-Angkor International Airport,Siem Reap,KH,KH-17,AS,large_airport,1,11827,international + large
3,VDSV,KOS,Sihanouk International Airport,Preah Sihanouk,KH,KH-18,AS,large_airport,1,8202,international + large
3,VDDS,DSY,Dara Sakor International Airport,Ta Noun,KH,KH-9,AS,large_airport,0,0,international + large
3,VDTI,KTI,Techo International Airport,Phnom Penh (Boeng Khyang),KH,KH-8,AS,large_airport,0,0,international + large
3,ZKWS,WOS,Wonsan Kalma Airport,Wonsan,KP,KP-07,AS,medium_airport,2,11482,2+ runways + medium
3,ZKHM,RGO,Orang (Chongjin) Airport,Hoemun-ri,KP,KP-09,AS,medium_airport,1,8202,medium
3,ZKPY,FNJ,Pyongyang Sunan International Airport,Pyongyang,KP,KP-01,AS,large_airport,1,11490,international + large
3,ZKSD,DSO,Sondok Airport,Sŏndŏng-ni,KP,KP-08,AS,medium_airport,1,8210,medium
3,ZKHW,,Hwangju Airbase,Hwangju,KP,KP-06,AS,medium_airport,0,0,medium
3,ZKPN,,Pukchang Air Base,Sunchon,KP,KP-02,AS,medium_airport,0,0,medium
3,ZKSC,,Sunchon Air Base,Sunchon,KP,KP-02,AS,medium_airport,0,0,medium
3,RKSI,ICN,Incheon International Airport,Seoul,KR,KR-28,AS,large_airport,4,13123,2+ runways + international + large
3,RKSW,SWU,Suwon Airport,Suwon,KR,KR-41,AS,medium_airport,3,9000,2+ runways + medium
3,RKJJ,KWJ,Gwangju Airport,Gwangju,KR,KR-29,AS,medium_airport,2,9300,2+ runways + medium
3,RKPC,CJU,Jeju International Airport,Jeju City,KR,KR-49,AS,large_airport,2,10433,2+ runways + international + large
3,RKPD,JDG,Jeongseok Airport,Jeju Island,KR,KR-49,AS,medium_airport,2,7589,2+ runways + medium
3,RKPK,PUS,Gimhae International Airport,Busan,KR,KR-26,AS,large_airport,2,10499,2+ runways + international + large
3,RKPS,HIN,Sacheon Airport / Sacheon Air Base,Sacheon,KR,KR-48,AS,medium_airport,2,9000,2+ runways + medium
3,RKSM,SSN,Seoul Air Base (K-16),Seongnam,KR,KR-41,AS,medium_airport,2,9700,2+ runways + medium
3,RKSO,OSN,Osan Air Base,Pyeongtaek,KR,KR-41,AS,medium_airport,2,9004,2+ runways + medium
3,RKSS,GMP,Seoul Gimpo International Airport,Seoul,KR,KR-11,AS,large_airport,2,11811,2+ runways + international + large
3,RKTI,JWO,Jungwon Air Base/Chungju Airport,Gimseang-ro,KR,KR-43,AS,medium_airport,2,9330,2+ runways + medium
3,RKTN,TAE,Daegu International Airport,Daegu,KR,KR-27,AS,large_airport,2,9039,2+ runways + international + large
3,RKTU,CJJ,Cheongju International Airport/Cheongju Air Base (K-59/G-513),Cheongju,KR,KR-43,AS,large_airport,2,9000,2+ runways + international + large
3,RKJB,MWX,Muan International Airport,Muan (Piseo-ri),KR,KR-46,AS,large_airport,1,9186,international + large
3,RKJK,KUV,Gunsan Airport / Gunsan Air Base,Gunsan,KR,KR-45,AS,medium_airport,1,9000,medium
3,RKJY,RSU,Yeosu Airport,Yeosu,KR,KR-46,AS,medium_airport,1,6890,medium
3,RKNN,KAG,Gangneung Airport (K-18),Gangneung,KR,KR-42,AS,medium_airport,1,9000,medium
3,RKNW,WJU,Wonju Airport / Hoengseong Air Base (K-38/K-46),Wonju,KR,KR-42,AS,medium_airport,1,9000,medium
3,RKNY,YNY,Yangyang International Airport,Gonghang-ro,KR,KR-42,AS,large_airport,1,8202,international + large
3,RKPU,USN,Ulsan Airport,Ulsan,KR,KR-31,AS,medium_airport,1,6561,medium
3,RKSG,,Camp Humphreys (A-511) Desiderio Army Airfield,Pyeongtaek,KR,KR-41,AS,medium_airport,1,8217,medium
3,RKTH,KPO,Pohang Airport (G-815/K-3),Pohang,KR,KR-47,AS,medium_airport,1,7000,medium
3,RKTY,YEC,Yecheon Airbase,Yecheon-ri,KR,KR-47,AS,medium_airport,1,9000,medium
3,OKKK,KWI,Kuwait International Airport,Kuwait City,KW,KW-FA,AS,large_airport,3,15026,2+ runways + international + large
3,OKAS,,Ali Al Salem Air Base,Al Damaikhi,KW,KW-JA,AS,medium_airport,2,9805,2+ runways + medium
3,OKAJ,XIJ,Ahmed Al Jaber Air Base,Ahmed Al Jaber AB,KW,KW-AH,AS,medium_airport,0,0,medium
3,UAAA,ALA,Almaty International Airport,Almaty,KZ,KZ-ALA,AS,large_airport,2,14764,2+ runways + international + large
3,UASK,UKK,Oskemen International Airport,Ust-Kamenogorsk (Oskemen),KZ,KZ-VOS,AS,large_airport,2,8234,2+ runways + international + large
3,UASS,PLX,Semei International Airport,Semey,KZ,KZ-ABA,AS,large_airport,2,10159,2+ runways + international + large
3,UAAH,BXH,Balkhash Airport,Balkhash,KZ,KZ-KAR,AS,medium_airport,1,8208,medium
3,UAAT,TDK,Taldykorgan Airport,Taldykorgan,KZ,KZ-JET,AS,medium_airport,1,9846,medium
3,UACC,NQZ,Nursultan Nazarbayev International Airport,Astana,KZ,KZ-AST,AS,large_airport,1,11484,international + large
3,UACK,KOV,Kokshetau International Airport,Kokshetau,KZ,KZ-AKM,AS,large_airport,1,8325,international + large
3,UACP,PPK,Petropavl International Airport,Petropavl,KZ,KZ-SEV,AS,large_airport,1,8190,international + large
3,UADD,DMB,Taraz International Airport,Taraz,KZ,KZ-ZHA,AS,large_airport,1,9514,international + large
3,UAII,CIT,Shymkent International Airport,Shymkent,KZ,KZ-YUZ,AS,large_airport,1,9186,international + large
3,UAIT,HSA,Hazrat Sultan International Airport,Turkıstan,KZ,KZ-YUZ,AS,large_airport,1,10827,international + large
3,UAKD,DZN,Zhezkazgan National Airport,Zhezkazgan,KZ,KZ-ULY,AS,large_airport,1,8530,large
3,UAKK,KGF,Sary-Arka Airport,Karaganda,KZ,KZ-KAR,AS,large_airport,1,10831,large
3,UAOL,BXY,Baikonur Krayniy International Airport,Baikonur,KZ,KZ-BAY,AS,large_airport,1,10500,international + large
3,UAON,,Yubileyniy Airfield,Töretam,KZ,KZ-KZY,AS,medium_airport,1,14765,medium
3,UAOO,KZO,Korkyt Ata International Airport,Kyzylorda,KZ,KZ-KZY,AS,large_airport,1,8858,international + large
3,UARR,URA,Manshuk Mametova International Airport,Uralsk,KZ,KZ-ZAP,AS,large_airport,1,9183,international + large
3,UASP,PWQ,Pavlodar International Airport,Pavlodar,KZ,KZ-PAV,AS,large_airport,1,8202,international + large
3,UATE,SCO,Aktau International Airport,Aktau,KZ,KZ-MAN,AS,large_airport,1,10013,international + large
3,UATG,GUW,Atyrau International Airport,Atyrau,KZ,KZ-ATY,AS,large_airport,1,9842,international + large
3,UATT,AKX,Aktobe International Airport,Aktobe,KZ,KZ-AKT,AS,large_airport,1,10505,international + large
3,UAUU,KSN,Kostanay International Airport,Kostanay,KZ,KZ-KUS,AS,large_airport,1,9229,international + large
3,UASA,,Ayaguz Airport,Ayaguz,KZ,KZ-ABA,AS,medium_airport,0,0,medium
3,UASB,EKB,Ekibastuz Airport,Ekibastuz,KZ,KZ-PAV,AS,medium_airport,0,0,medium
3,UASD,,Dolon Air Base,Semey,KZ,KZ-ABA,AS,medium_airport,0,0,medium
3,UATR,,Shalkar Airport,Shalkar,KZ,KZ-AKT,AS,medium_airport,0,0,medium
3,VLLB,LPQ,Luang Phabang International Airport,Luang Phabang,LA,LA-LP,AS,large_airport,1,8202,international + large
3,VLPS,PKZ,Pakse International Airport,Pakse,LA,LA-CH,AS,large_airport,1,7874,international + large
3,VLSK,ZVK,Savannakhet Airport,,LA,LA-SV,AS,medium_airport,1,5358,medium
3,VLSN,NEU,Sam Neua Airport,,LA,LA-HO,AS,medium_airport,1,3715,medium
3,VLVT,VTE,Wattay International Airport,Vientiane,LA,LA-VT,AS,large_airport,1,9843,international + large
3,VLBK,BOR,Bokeo International Airport,Ton Phueng,LA,LA-BK,AS,medium_airport,0,0,international + medium
3,OLBA,BEY,Beirut Rafic Hariri International Airport,Beirut,LB,LB-JL,AS,large_airport,3,12467,2+ runways + international + large
3,OLKA,KYE,Rene Mouawad Air Base,Tripoli,LB,LB-AS,AS,medium_airport,1,9843,medium
3,OLRA,,Rayak Air Base,Rayak,LB,LB-BI,AS,medium_airport,1,9740,medium
3,Z19O,,Wujah Al Hajar Air Base,Hamat,LB,LB-AS,AS,medium_airport,1,6000,medium
3,VCBI,CMB,Bandaranaike International Colombo Airport,Colombo,LK,LK-1,AS,large_airport,1,10991,international + large
3,VCCA,ACJ,Anuradhapura Airport,Anuradhapura,LK,LK-7,AS,medium_airport,1,4876,medium
3,VCCB,BTC,Batticaloa International Airport,Batticaloa,LK,LK-5,AS,medium_airport,1,5118,international + medium
3,VCCC,RML,Colombo Ratmalana International Airport,Colombo,LK,LK-1,AS,large_airport,1,6013,international + large
3,VCCG,ADP,Ampara Airport,Ampara,LK,LK-5,AS,medium_airport,1,3600,medium
3,VCCJ,JAF,Jaffna International Airport,Jaffna,LK,LK-4,AS,large_airport,1,4593,international + large
3,VCCK,KCT,Koggala Airport,Galle,LK,LK-3,AS,medium_airport,1,3142,medium
3,VCCT,TRR,China Bay Airport,Trincomalee,LK,LK-5,AS,medium_airport,1,7850,medium
3,VCRI,HRI,Mattala Rajapaksa International Airport,Mattala,LK,LK-3,AS,medium_airport,1,11483,international + medium
3,VCCH,HIM,Hingurakgoda Air Force Base,Polonnaruwa Town,LK,LK-7,AS,medium_airport,0,0,medium
3,VYDW,TVY,Dawei Airport,Dawei,MM,MM-05,AS,medium_airport,1,12013,medium
3,VYHH,HEH,Heho Airport,Heho,MM,MM-17,AS,medium_airport,1,8500,medium
3,VYKG,KET,Kengtung Airport,Kengtung,MM,MM-17,AS,medium_airport,1,7815,medium
3,VYKP,KYP,Kyaukpyu Airport,Kyaukpyu,MM,MM-16,AS,medium_airport,1,4600,medium
3,VYKT,KAW,Kawthoung Airport,Kawthoung,MM,MM-05,AS,medium_airport,1,6000,medium
3,VYLK,LIW,Loikaw Airport,Loikaw,MM,MM-12,AS,medium_airport,1,5200,medium
3,VYLS,LSH,Lashio Airport,Lashio,MM,MM-17,AS,medium_airport,1,5285,medium
3,VYMD,MDL,Mandalay International Airport,Mandalay,MM,MM-04,AS,large_airport,1,14003,international + large
3,VYME,MGZ,Myeik Airport,Mkeik,MM,MM-05,AS,medium_airport,1,8795,medium
3,VYMK,MYT,Myitkyina Airport,Myitkyina,MM,MM-11,AS,medium_airport,1,6100,medium
3,VYMO,MOE,Momeik Airport,,MM,MM-17,AS,medium_airport,1,4498,medium
3,VYMS,MOG,Mong Hsat Airport,Mong Hsat,MM,MM-17,AS,medium_airport,1,5000,medium
3,VYNP,,Nampong Air Base,Myitkyina,MM,MM-11,AS,medium_airport,1,11025,medium
3,VYNS,NMS,Namsang Airport,Namsang,MM,MM-17,AS,medium_airport,1,12005,medium
3,VYNT,NYT,Nay Pyi Taw International Airport,Naypyitaw,MM,MM-04,AS,large_airport,1,12000,international + large
3,VYPT,PBU,Putao Airport,Putao,MM,MM-11,AS,medium_airport,1,7002,medium
3,VYST,,Shante Air Base,Meiktila,MM,MM-04,AS,medium_airport,1,8501,medium
3,VYSW,AKY,Sittwe Airport,Sittwe,MM,MM-16,AS,medium_airport,1,6001,medium
3,VYTD,SNW,Thandwe Airport,Thandwe,MM,MM-16,AS,medium_airport,1,5502,medium
3,VYTL,THL,Tachileik Airport,Tachileik,MM,MM-17,AS,medium_airport,1,7002,medium
3,VYYY,RGN,Yangon International Airport,Yangon,MM,MM-06,AS,large_airport,1,11200,international + large
3,VYML,,Meiktila Air Base,Meiktila,MM,MM-04,AS,medium_airport,0,0,medium
3,ZMUB,ULN,Buyant-Ukhaa International Airport,Ulaanbaatar,MN,MN-1,AS,large_airport,2,10170,2+ runways + international + large
3,ZMAH,AVK,Arvaikheer Airport,Arvaikheer,MN,MN-055,AS,medium_airport,1,7546,medium
3,ZMAT,LTI,Altai Airport,Altai,MN,MN-065,AS,medium_airport,1,7513,medium
3,ZMBH,BYN,Bayankhongor Airport,Bayankhongor,MN,MN-069,AS,medium_airport,1,9186,medium
3,ZMBN,UGA,Bulgan Airport,Bulgan,MN,MN-067,AS,medium_airport,1,6234,medium
3,ZMBU,UUN,Baruun Urt Airport,,MN,MN-051,AS,medium_airport,1,7217,medium
3,ZMCD,COQ,Choibalsan Airport,,MN,MN-061,AS,medium_airport,1,8530,medium
3,ZMCK,UBN,Ulaanbaatar Chinggis Khaan International Airport,Ulaanbaatar (Sergelen),MN,MN-047,AS,large_airport,1,11811,international + large
3,ZMDZ,DLZ,Dalanzadgad Airport,Dalanzadgad,MN,MN-053,AS,medium_airport,1,7545,medium
3,ZMKD,HVD,Khovd Airport,Khovd,MN,MN-043,AS,medium_airport,1,9352,medium
3,ZMMN,MXV,Mörön Airport,Mörön,MN,MN-041,AS,medium_airport,1,7874,medium
3,ZMUG,ULO,Ulaangom Airport,Ulaangom,MN,MN-046,AS,medium_airport,1,8815,medium
3,ZMUL,ULG,Ölgii Mongolei International Airport,Ölgii,MN,MN-071,AS,medium_airport,1,7874,international + medium
3,VMMC,MFM,Macau International Airport,Nossa Senhora do Carmo,MO,MO-CAR,AS,large_airport,1,10544,international + large
3,VRDA,NMF,Maafaru International Airport,Noonu Atoll,MV,MV-25,AS,medium_airport,1,9350,international + medium
3,VRMG,GAN,Gan International Airport,Gan,MV,MV-01,AS,large_airport,1,12000,international + large
3,VRMH,HAQ,Hanimaadhoo International Airport,Haa Dhaalu Atoll,MV,MV-23,AS,large_airport,1,8087,international + large
3,VRMK,KDO,Kadhdhoo Airport,Kadhdhoo,MV,MV-05,AS,medium_airport,1,4003,medium
3,VRMM,MLE,Velana International Airport,Malé,MV,MV-MLE,AS,large_airport,1,11155,international + large
3,VRMT,KDM,Kaadedhdhoo Airport,Huvadhu Atoll,MV,MV-28,AS,medium_airport,1,4003,medium
3,VRMV,VAM,Villa International Airport Maamigili,Maamigili,MV,MV-00,AS,medium_airport,1,5905,international + medium
3,WMKK,KUL,Kuala Lumpur International Airport,Sepang,MY,MY-10,AS,large_airport,3,13530,2+ runways + international + large
3,WBGB,BTU,Bintulu Airport,Bintulu,MY,MY-13,AS,medium_airport,1,9006,medium
3,WBGG,KCH,Kuching International Airport,Kuching,MY,MY-13,AS,large_airport,1,12402,international + large
3,WBGJ,LMN,Limbang Airport,Limbang,MY,MY-13,AS,medium_airport,1,4922,medium
3,WBGK,MKM,Mukah Airport,Mukah,MY,MY-13,AS,medium_airport,1,4921,medium
3,WBGM,MUR,Marudi Airport,Marudi,MY,MY-13,AS,medium_airport,1,3274,medium
3,WBGR,MYY,Miri Airport,Miri,MY,MY-13,AS,medium_airport,1,9006,medium
3,WBGS,SBW,Sibu Airport,Sibu,MY,MY-13,AS,medium_airport,1,9036,medium
3,WBGZ,BBN,Bario Airport,Bario,MY,MY-13,AS,medium_airport,1,2198,medium
3,WBKD,LDU,Lahad Datu Airport,Lahad Datu,MY,MY-12,AS,medium_airport,1,4498,medium
3,WBKK,BKI,Kota Kinabalu International Airport,Kota Kinabalu,MY,MY-12,AS,large_airport,1,12402,international + large
3,WBKL,LBU,Labuan Airport,Labuan,MY,MY-15,AS,medium_airport,1,9006,medium
3,WBKS,SDK,Sandakan Airport,Sandakan,MY,MY-12,AS,medium_airport,1,8202,medium
3,WBKW,TWU,Tawau Airport,Tawau,MY,MY-12,AS,medium_airport,1,8800,medium
3,WBMU,MZV,Mulu Airport,Mulu,MY,MY-13,AS,medium_airport,1,4921,medium
3,WMAP,,Kluang Airport,Kluang,MY,MY-01,AS,medium_airport,1,4101,medium
3,WMBT,TOD,Tioman Airport,Tioman Island,MY,MY-06,AS,medium_airport,1,3255,medium
3,WMKA,AOR,Sultan Abdul Halim Airport,Alor Satar,MY,MY-02,AS,medium_airport,1,9005,medium
3,WMKB,BWH,RMAF Butterworth Air Base,Butterworth,MY,MY-07,AS,medium_airport,1,8000,medium
3,WMKC,KBR,Sultan Ismail Petra Airport,Kota Baharu,MY,MY-03,AS,medium_airport,1,7874,medium
3,WMKD,KUA,Kuantan Airport,Kuantan,MY,MY-06,AS,medium_airport,1,9200,medium
3,WMKE,KTE,Kerteh Airport,Kerteh,MY,MY-11,AS,medium_airport,1,4446,medium
3,WMKI,IPH,Sultan Azlan Shah Airport,Ipoh,MY,MY-08,AS,large_airport,1,5900,large
3,WMKJ,JHB,Senai International Airport,Johor Bahru,MY,MY-01,AS,large_airport,1,12467,international + large
3,WMKL,LGK,Langkawi International Airport,Langkawi,MY,MY-02,AS,large_airport,1,12500,international + large
3,WMKM,MKZ,Malacca International Airport,Malacca,MY,MY-04,AS,medium_airport,1,7005,international + medium
3,WMKN,TGG,Sultan Mahmud Airport,Kuala Terengganu,MY,MY-11,AS,medium_airport,1,11417,medium
3,WMKP,PEN,Penang International Airport,Penang,MY,MY-07,AS,large_airport,1,10997,international + large
3,WMSA,SZB,Sultan Abdul Aziz Shah International Airport,Subang,MY,MY-10,AS,large_airport,1,12401,international + large
3,VNBW,BWA,Gautam Buddha International Airport,Siddharthanagar (Bhairahawa),NP,NP-P5,AS,large_airport,1,9843,international + large
3,VNJP,JKR,Janakpur Airport,Janakpur,NP,NP-P2,AS,medium_airport,1,3300,medium
3,VNKT,KTM,Tribhuvan International Airport,Kathmandu,NP,NP-P3,AS,large_airport,1,10991,international + large
3,VNLK,LUA,Tenzing-Hillary Airport,Lukla,NP,NP-P1,AS,medium_airport,1,1729,medium
3,VNNG,KEP,Nepalgunj Airport,Nepalgunj,NP,NP-P5,AS,medium_airport,1,4935,medium
3,VNPK,PKR,Pokhara Domestic Airport,Pokhara,NP,NP-P4,AS,medium_airport,1,4720,medium
3,VNTJ,TPJ,Taplejung Airport,Taplejung,NP,NP-P1,AS,medium_airport,1,2313,medium
3,VNVT,BIR,Biratnagar Airport,Biratnagar,NP,NP-P1,AS,medium_airport,1,4937,medium
3,VNPR,PHH,Pokhara International Airport,Pokhara,NP,NP-P4,AS,large_airport,0,0,international + large
3,OOMA,MSH,RAFO Masirah,Masirah,OM,OM-SH,AS,medium_airport,2,10005,2+ runways + medium
3,OOMS,MCT,Muscat International Airport,Muscat/Seeb,OM,OM-MA,AS,large_airport,2,13386,2+ runways + international + large
3,OOKB,KHS,Khasab Airport,Khasab,OM,OM-MU,AS,medium_airport,1,8202,medium
3,OOSA,SLL,Salalah International Airport,Salalah,OM,OM-ZU,AS,large_airport,1,13123,international + large
3,OOSH,OHS,Suhar International Airport,Suhar,OM,OM-BA,AS,large_airport,1,13173,international + large
3,OOTH,TTH,Thumrait Air Base,Thumrait,OM,OM-ZU,AS,medium_airport,1,13123,medium
3,OODQ,DQM,Duqm International Airport,Duqm,OM,OM-WU,AS,large_airport,0,0,international + large
3,OOMN,MNH,Mussanah Airport,Al Masna'ah,OM,OM-BA,AS,medium_airport,0,0,medium
3,OORH,,Ras al Hadd Airport,Ras ar Ruays,OM,OM-SH,AS,medium_airport,0,0,medium
3,RPLL,MNL,Ninoy Aquino International Airport,Manila (Pasay),PH,PH-00,AS,large_airport,2,12261,2+ runways + international + large
3,RPVM,CEB,Mactan Cebu International Airport,Cebu City/Lapu-Lapu City,PH,PH-CEB,AS,large_airport,2,10860,2+ runways + international + large
3,RPLB,SFS,Subic Bay International Airport / Naval Air Station Cubi Point,Olongapo,PH,PH-ZMB,AS,large_airport,1,9003,international + large
3,RPLC,CRK,Clark International Airport / Clark Air Base,Mabalacat,PH,PH-PAM,AS,large_airport,1,10499,international + large
3,RPLH,LLC,Cagayan North International Airport,Lal-lo,PH,PH-CAG,AS,medium_airport,1,6890,international + medium
3,RPLI,LAO,Laoag International Airport,Laoag City,PH,PH-ILN,AS,large_airport,1,9120,international + large
3,RPLK,DRP,Bicol International Airport,Legazpi,PH,PH-ALB,AS,large_airport,1,8202,international + large
3,RPLS,SGL,Danilo Atienza Air Base,Cavite,PH,PH-CAV,AS,medium_airport,1,7769,medium
3,RPLT,,Itbayat Jorge Abad Airport,Itbayat,PH,PH-BTN,AS,medium_airport,1,2628,medium
3,RPLU,LBX,Lubang Airport,Lubang,PH,PH-MDC,AS,medium_airport,1,4135,medium
3,RPMA,AAV,Allah Valley Airport,Surallah,PH,PH-SCO,AS,medium_airport,1,4396,medium
3,RPMB,,Rajah Buayan Air Base,General Santos City,PH,PH-SCO,AS,medium_airport,1,5577,medium
3,RPMC,CBO,Cotabato (Awang) Airport,Datu Odin Sinsuat,PH,PH-MDN,AS,medium_airport,1,6234,medium
3,RPMD,DVO,Francisco Bangoy International Airport,Davao,PH,PH-DVO,AS,large_airport,1,9842,international + large
3,RPME,BXU,Bancasi Airport,Butuan,PH,PH-BTC,AS,medium_airport,1,6877,medium
3,RPMF,BPH,Bislig Airport,Bislig,PH,PH-SUR,AS,medium_airport,1,3937,medium
3,RPMG,DPL,Dipolog Airport,Dipolog,PH,PH-ZAN,AS,medium_airport,1,6273,medium
3,RPMH,CGM,Camiguin Airport,Mambajao,PH,PH-CAM,AS,medium_airport,1,3945,medium
3,RPMJ,JOL,Jolo Airport,Jolo,PH,PH-SLU,AS,medium_airport,1,4144,medium
3,RPMN,TWT,Sanga Sanga Airport,Bongao,PH,PH-TAW,AS,medium_airport,1,6102,medium
3,RPMO,OZC,Labo Airport,Ozamiz,PH,PH-MSC,AS,medium_airport,1,5720,medium
3,RPMP,PAG,Pagadian Airport,Pagadian,PH,PH-ZAS,AS,medium_airport,1,6574,medium
3,RPMQ,MXI,Mati National Airport,Mati,PH,PH-DAO,AS,medium_airport,1,5330,medium
3,RPMR,GES,General Santos International Airport,General Santos,PH,PH-SCO,AS,large_airport,1,10587,international + large
3,RPMS,SUG,Surigao Airport,Surigao City,PH,PH-SUN,AS,medium_airport,1,5603,medium
3,RPMW,TDG,Tandag Airport,Tandag,PH,PH-SUR,AS,medium_airport,1,4765,medium
3,RPMY,CGY,Laguindingan International Airport,Laguindingan,PH,PH-MSR,AS,large_airport,1,6890,international + large
3,RPMZ,ZAM,Zamboanga International Airport,Zamboanga,PH,PH-ZMC,AS,large_airport,1,8560,international + large
3,RPSP,TAG,Bohol-Panglao International Airport,Panglao,PH,PH-BOH,AS,large_airport,1,8202,international + large
3,RPUB,BAG,Loakan Airport,Baguio,PH,PH-BAG,AS,medium_airport,1,5912,medium
3,RPUD,DTE,Daet Airport,Daet,PH,PH-CAN,AS,medium_airport,1,3773,medium
3,RPUH,SJI,San Jose Airport,San Jose,PH,PH-MDC,AS,medium_airport,1,6024,medium
3,RPUM,MBO,Mamburao Airport,Mamburao,PH,PH-MDC,AS,medium_airport,1,4265,medium
3,RPUN,WNP,Naga Airport,Naga,PH,PH-CAS,AS,medium_airport,1,4599,medium
3,RPUO,BSO,Basco Airport,Basco,PH,PH-BTN,AS,medium_airport,1,4101,medium
3,RPUR,BQA,Dr. Juan C. Angara Airport,Baler,PH,PH-AUR,AS,medium_airport,1,3937,medium
3,RPUS,SFE,San Fernando Airport,San Fernando,PH,PH-LUN,AS,medium_airport,1,3937,medium
3,RPUT,TUG,Tuguegarao Airport,Tuguegarao City,PH,PH-CAG,AS,medium_airport,1,6455,medium
3,RPUV,VRC,Virac Airport,Virac,PH,PH-CAT,AS,medium_airport,1,5118,medium
3,RPUW,MRQ,Marinduque Airport,Gasan,PH,PH-MAD,AS,medium_airport,1,4785,medium
3,RPUY,CYZ,Cauayan Airport,Cauayan City,PH,PH-ISA,AS,medium_airport,1,6890,medium
3,RPVA,TAC,Daniel Z. Romualdez Airport,Tacloban City,PH,PH-LEY,AS,medium_airport,1,7014,medium
3,RPVB,BCD,Bacolod-Silay International Airport,Bacolod City,PH,PH-NEC,AS,large_airport,1,6562,international + large
3,RPVC,CYP,Calbayog Airport,Calbayog City,PH,PH-WSA,AS,medium_airport,1,4843,medium
3,RPVD,DGT,Sibulan Airport,Dumaguete City,PH,PH-NER,AS,medium_airport,1,6220,medium
3,RPVE,MPH,Godofredo P. Ramos Airport,Caticlan,PH,PH-AKL,AS,medium_airport,1,5905,medium
3,RPVF,CRM,Catarman National Airport,Catarman,PH,PH-NSA,AS,medium_airport,1,4429,medium
3,RPVI,ILO,Iloilo International Airport,Cabatuan,PH,PH-ILI,AS,large_airport,1,8202,international + large
3,RPVJ,MBT,Moises R. Espinosa Airport,Masbate,PH,PH-MAS,AS,medium_airport,1,4199,medium
3,RPVK,KLO,Kalibo International Airport,Kalibo,PH,PH-AKL,AS,large_airport,1,7175,international + large
3,RPVO,OMC,Ormoc Airport,Ormoc City,PH,PH-LEY,AS,medium_airport,1,6120,medium
3,RPVP,PPS,Puerto Princesa International Airport / PAF Antonio Bautista Air Base,Puerto Princesa,PH,PH-PLW,AS,large_airport,1,8530,international + large
3,RPVR,RXS,Roxas Airport,Roxas City,PH,PH-CAP,AS,medium_airport,1,6201,medium
3,RPVS,EUQ,Evelio Javier Airport,San Jose,PH,PH-ANT,AS,medium_airport,1,3937,medium
3,RPVU,TBH,Tugdan Airport,Tablas Island,PH,PH-ROM,AS,medium_airport,1,4560,medium
3,RPVV,USU,Francisco B. Reyes (Busuanga) Airport,Coron,PH,PH-PLW,AS,medium_airport,1,3300,medium
3,OPFA,LYP,Faisalabad International Airport,Faisalabad,PK,PK-PB,AS,large_airport,2,9324,2+ runways + international + large
3,OPGT,GIL,Gilgit Airport,Gilgit,PK,PK-GB,AS,medium_airport,2,5400,2+ runways + medium
3,OPIS,ISB,Islamabad International Airport,Attock,PK,PK-PB,AS,large_airport,2,12001,2+ runways + international + large
3,OPJA,JAG,Shahbaz Air Base,Jacobabad,PK,PK-SD,AS,medium_airport,2,10081,2+ runways + medium
3,OPKC,KHI,Jinnah International Airport,Karachi,PK,PK-SD,AS,large_airport,2,11155,2+ runways + international + large
3,OPLA,LHE,Allama Iqbal International Airport,Lahore,PK,PK-PB,AS,large_airport,2,11024,2+ runways + international + large
3,OPMI,MWD,Mianwali Air Base,Mianwali,PK,PK-PB,AS,medium_airport,2,10348,2+ runways + medium
3,OPMR,,Masroor Air Base,Karachi,PK,PK-SD,AS,medium_airport,2,9022,2+ runways + medium
3,OPQT,UET,Quetta International Airport,Quetta,PK,PK-BA,AS,large_airport,2,12001,2+ runways + international + large
3,OPRQ,,Rafiqui Air Base,Shorkot,PK,PK-PB,AS,medium_airport,2,10000,2+ runways + medium
3,OPRS,,Risalpur Air Base,Risalpur,PK,PK-KP,AS,medium_airport,2,9085,2+ runways + medium
3,OPSD,KDU,Skardu International Airport,Skardu,PK,PK-GB,AS,large_airport,2,11995,2+ runways + international + large
3,OPSU,SUL,Sui Airport,Sui,PK,PK-BA,AS,medium_airport,2,6000,2+ runways + medium
3,OPTU,TUK,Turbat International Airport,Turbat,PK,PK-BA,AS,large_airport,2,9022,2+ runways + international + large
3,OP12,,Shamsi Airfield,Washuk,PK,PK-BA,AS,medium_airport,1,9120,medium
3,OPBW,BHV,Bahawalpur Airport,Bahawalpur,PK,PK-PB,AS,medium_airport,1,9345,medium
3,OPCH,CJL,Chitral Airport,Chitral,PK,PK-KP,AS,medium_airport,1,5741,medium
3,OPDG,DEA,Dera Ghazi Khan Airport,Dera Ghazi Khan,PK,PK-PB,AS,medium_airport,1,6499,medium
3,OPDI,DSK,Dera Ismael Khan Airport [IN-ACTIVE],Dera Ismael Khan,PK,PK-KP,AS,medium_airport,1,5000,medium
3,OPGW,GWD,New Gwadar International Airport,Gurandani,PK,PK-BA,AS,large_airport,1,6503,international + large
3,OPMA,XJM,Mangla Airport,Mangla,PK,PK-PB,AS,medium_airport,1,5000,medium
3,OPMJ,MJD,Moenjodaro Airport,Moenjodaro,PK,PK-SD,AS,medium_airport,1,6512,medium
3,OPMS,ATG,Minhas Air Base,Kamra,PK,PK-PB,AS,medium_airport,1,9950,medium
3,OPMT,MUX,Multan International Airport,Multan,PK,PK-PB,AS,large_airport,1,12353,international + large
3,OPNH,WNS,Shaheed Benazirabad Airport,Nawabashah,PK,PK-SD,AS,medium_airport,1,8999,medium
3,OPPG,PJG,Panjgur Airport,Panjgur,PK,PK-BA,AS,medium_airport,1,5000,medium
3,OPPI,PSI,Pasni Airport,Pasni,PK,PK-BA,AS,medium_airport,1,8999,medium
3,OPPS,PEW,Bacha Khan International Airport,Peshawar,PK,PK-KP,AS,large_airport,1,9000,international + large
3,OPRK,RYK,Shaikh Zaid Airport,Rahim Yar Khan,PK,PK-PB,AS,medium_airport,1,9842,medium
3,OPRN,,PAF Base Nur Khan (Benazir Bhutto International Airport),Rawalpindi,PK,PK-PB,AS,medium_airport,1,10785,international + medium
3,OPRT,RAZ,Rawalakot Airport,Rawalakot,PK,PK-JK,AS,medium_airport,1,2958,medium
3,OPSF,,Faisal Air Base,Karachi,PK,PK-SD,AS,medium_airport,1,8060,medium
3,OPSK,SKZ,Begum Nusrat Bhutto International Airport Sukkur,Sukkur,PK,PK-SD,AS,medium_airport,1,9000,international + medium
3,OPSN,SYW,Sehwan Sharif Airport,Sehwan Sharif,PK,PK-SD,AS,medium_airport,1,6562,medium
3,OPSS,SDT,Saidu Sharif Airport,Saidu Sharif,PK,PK-KP,AS,medium_airport,1,5745,medium
3,OPST,SKT,Sialkot International Airport,Sialkot,PK,PK-PB,AS,large_airport,1,11811,international + large
3,OPZB,PZH,Zhob Airport,Fort Sandeman,PK,PK-BA,AS,medium_airport,1,6001,medium
3,OPSR,SGI,Mushaf Air Base,Sargodha,PK,PK-PB,AS,medium_airport,0,0,medium
3,OTHH,DOH,Hamad International Airport,Doha,QA,QA-DA,AS,large_airport,2,15912,2+ runways + international + large
3,OTBD,DIA,Doha International Airport,Doha,QA,QA-DA,AS,large_airport,1,15000,international + large
3,OTBH,XJD,Al Udeid Air Base,Ar Rayyan,QA,QA-RA,AS,medium_airport,1,12303,medium
3,UWOR,OSW,Orsk Airport,Orsk,RU,RU-ORE,AS,medium_airport,4,9514,2+ runways + medium
3,UNOO,OMS,Omsk Central Airport,Omsk,RU,RU-OMS,AS,large_airport,3,9435,2+ runways + large
3,UHHH,KHV,Khabarovsk Novy Airport,Khabarovsk,RU,RU-KHA,AS,medium_airport,2,13124,2+ runways + medium
3,UIAA,HTA,Chita-Kadala International Airport,Chita,RU,RU-ZAB,AS,large_airport,2,9430,2+ runways + international + large
3,URWA,ASF,Astrakhan Narimanovo Boris M. Kustodiev International Airport,Astrakhan,RU,RU-AST,AS,large_airport,2,10499,2+ runways + international + large
3,USDB,BVJ,Bovanenkovo Airport,Bovanenkovo,RU,RU-YAN,AS,medium_airport,2,8698,2+ runways + medium
3,USSS,SVX,Koltsovo Airport,Yekaterinburg,RU,RU-SVE,AS,large_airport,2,9925,2+ runways + large
3,USTR,TJM,Roshchino International Airport,Tyumen,RU,RU-TYU,AS,large_airport,2,9852,2+ runways + international + large
3,UWKS,CSY,Cheboksary Airport,Cheboksary,RU,RU-CU,AS,medium_airport,2,8241,2+ runways + medium
3,UEEE,YKS,Platon Oyunsky Yakutsk International Airport,Yakutsk,RU,RU-SA,AS,large_airport,1,11155,international + large
3,UELL,NER,Chulman Airport,Neryungri,RU,RU-SA,AS,medium_airport,1,11811,medium
3,UEMA,MQJ,Moma Airport,Khonuu,RU,RU-SA,AS,medium_airport,1,5906,medium
3,UEMM,GYG,Magan Airport,Magan,RU,RU-SA,AS,medium_airport,1,4265,medium
3,UEMO,OLZ,Olyokminsk Airport,Olyokminsk,RU,RU-SA,AS,medium_airport,1,4265,medium
3,UEMT,USR,Ust-Nera Airport,Ust-Nera,RU,RU-SA,AS,medium_airport,1,5020,medium
3,UENW,VYI,Vilyuisk Airport,Vilyuisk,RU,RU-SA,AS,medium_airport,1,5249,medium
3,UERL,ULK,Lensk Airport,Lensk,RU,RU-SA,AS,medium_airport,1,6562,medium
3,UERP,PYJ,Polyarny Airport,Yakutia,RU,RU-SA,AS,medium_airport,1,10170,medium
3,UERR,MJZ,Mirny Airport,Mirny,RU,RU-SA,AS,medium_airport,1,9187,medium
3,UESK,SEK,Srednekolymsk Airport,Srednekolymsk,RU,RU-SA,AS,medium_airport,1,5906,medium
3,UESO,CKH,Chokurdakh Airport,Chokurdah,RU,RU-SA,AS,medium_airport,1,6233,medium
3,UESS,CYX,Cherskiy Airport,Cherskiy,RU,RU-SA,AS,medium_airport,1,5577,medium
3,UEST,IKS,Tiksi Airport,Tiksi,RU,RU-SA,AS,medium_airport,1,9845,medium
3,UHBB,BQS,Ignatyevo Airport,Blagoveschensk,RU,RU-AMU,AS,medium_airport,1,9256,medium
3,UHKD,,Dzemgi Airport,Komsomolsk-na-Amur,RU,RU-KHA,AS,medium_airport,1,8202,medium
3,UHKG,,Kamenny Ruchey Naval Air Base,Sovetskaya Gavan,RU,RU-KHA,AS,medium_airport,1,11154,medium
3,UHKK,KXK,Komsomolsk-on-Amur Airport,Komsomolsk-on-Amur,RU,RU-KHA,AS,medium_airport,1,8202,medium
3,UHKM,GVN,Sovetskaya Gavan (Maygatka) Airport,Sovetskaya Gavan,RU,RU-KHA,AS,medium_airport,1,9842,medium
3,UHMA,DYR,Ugolny Yuri Ryktheu Airport,Anadyr,RU,RU-CHU,AS,medium_airport,1,11483,medium
3,UHMD,PVS,Provideniya Bay Airport,Chukotka,RU,RU-CHU,AS,medium_airport,1,7190,medium
3,UHMG,,Chaybukha Airport,Chaybukha,RU,RU-MAG,AS,medium_airport,1,6561,medium
3,UHMK,KPW,Keperveem Airport,Keperveem,RU,RU-CHU,AS,medium_airport,1,11482,medium
3,UHMM,GDX,Sokol Airport,Magadan,RU,RU-MAG,AS,medium_airport,1,11326,medium
3,UHMP,PWE,Pevek Airport,Apapelgino,RU,RU-CHU,AS,medium_airport,1,8202,medium
3,UHMW,SWV,Severo-Evensk Airport,Evensk,RU,RU-MAG,AS,medium_airport,1,5249,medium
3,UHNN,NLI,Nikolayevsk-na-Amure Airport,Nikolayevsk-na-Amure Airport,RU,RU-KHA,AS,medium_airport,1,6233,medium
3,UHOO,OHO,Okhotsk Airport,Okhotsk,RU,RU-KHA,AS,medium_airport,1,6562,medium
3,UHPP,PKC,Yelizovo Airport,Petropavlovsk-Kamchatsky,RU,RU-KAM,AS,large_airport,1,11155,large
3,UHSS,UUS,Yuzhno-Sakhalinsk International Airport,Yuzhno-Sakhalinsk,RU,RU-SAK,AS,large_airport,1,11155,international + large
3,UHWW,VVO,Vladivostok International Airport,Artyom,RU,RU-PRI,AS,large_airport,1,11483,international + large
3,UIAE,,Krasnokamensk Airport,Krasnokamensk,RU,RU-ZAB,AS,medium_airport,1,8202,medium
3,UIBB,BTK,Bratsk Airport,Bratsk,RU,RU-IRK,AS,medium_airport,1,10368,medium
3,UIBV,,Zheleznogorsk Airport,Zheleznogorsk-Ilimsky,RU,RU-IRK,AS,medium_airport,1,4594,medium
3,UIII,IKT,Irkutsk International Airport,Irkutsk,RU,RU-IRK,AS,large_airport,1,11696,international + large
3,UITT,UKX,Ust-Kut Airport,Ust-Kut,RU,RU-IRK,AS,medium_airport,1,6561,medium
3,UIUU,UUD,Baikal International Airport,Ulan Ude,RU,RU-BU,AS,large_airport,1,11155,international + large
3,ULWU,VUS,Velikiy Ustyug Airport,Velikiy Ustyug,RU,RU-VLG,AS,medium_airport,1,5069,medium
3,UNAA,ABA,Abakan International Airport,Abakan,RU,RU-KK,AS,large_airport,1,10663,international + large
3,UNBB,BAX,Barnaul Gherman Titov International Airport,Barnaul,RU,RU-ALT,AS,large_airport,1,9350,international + large
3,UNEE,KEJ,Alexei Leonov Kemerovo International Airport,Kemerovo,RU,RU-KEM,AS,large_airport,1,10499,international + large
3,UNIB,BKA,Baykit Airport,Baykit,RU,RU-KYA,AS,medium_airport,1,3581,medium
3,UNII,EIE,Yeniseysk Airport,Yeniseysk,RU,RU-KYA,AS,medium_airport,1,7217,medium
3,UNIP,TGP,Podkamennaya Tunguska Airport,Bor,RU,RU-KYA,AS,medium_airport,1,5597,medium
3,UNIS,VEO,Severo-Yeniseysk Airport,Severo-Yeniseysk,RU,RU-KYA,AS,medium_airport,1,4920,medium
3,UNIW,VAQ,Vanavara Airport,Vanavara,RU,RU-KYA,AS,medium_airport,1,4592,medium
3,UNKL,KJA,Krasnoyarsk International Airport,Krasnoyarsk,RU,RU-KYA,AS,large_airport,1,12139,international + large
3,UNKM,KCY,Krasnoyarsk Cheremshanka Airport,Krasnoyarsk,RU,RU-KYA,AS,medium_airport,1,5905,medium
3,UNKS,ACS,Achinsk Airport,Achinsk,RU,RU-KYA,AS,medium_airport,1,8038,medium
3,UNKY,KYZ,Kyzyl Airport,Kyzyl,RU,RU-TY,AS,medium_airport,1,8858,medium
3,UNNE,,Yeltsovka Airport,Novosibirsk,RU,RU-NVS,AS,medium_airport,1,10500,medium
3,UNOS,,Omsk Severny Airport,Omsk,RU,RU-OMS,AS,medium_airport,1,9842,medium
3,UNSS,SWT,Strezhevoy Airport,Strezhevoy,RU,RU-TOM,AS,medium_airport,1,6562,medium
3,UNTT,TOF,Tomsk Kamov Airport,Tomsk,RU,RU-TOM,AS,large_airport,1,8202,large
3,UNWW,NOZ,Spichenkovo Airport,Novokuznetsk,RU,RU-KEM,AS,medium_airport,1,8789,medium
3,UODD,DKS,Dikson Airport,Dikson,RU,RU-KYA,AS,medium_airport,1,4920,medium
3,UOHH,HTG,Khatanga Airport,Khatanga,RU,RU-KYA,AS,medium_airport,1,8872,medium
3,UOIG,SES,Svetlogorsk Airport,Svetlogorsk,RU,RU-KYA,AS,medium_airport,1,5248,medium
3,UOII,IAA,Igarka Airport,Igarka,RU,RU-KYA,AS,medium_airport,1,8202,medium
3,UOOO,NSK,Alykel International Airport,Norilsk,RU,RU-KYA,AS,large_airport,1,11254,international + large
3,URMG,GRV,Akhmat Kadyrov Grozny International Airport,Grozny,RU,RU-CE,AS,large_airport,1,8202,international + large
3,URML,MCX,Makhachkala Uytash International Airport,Makhachkala,RU,RU-DA,AS,large_airport,1,8662,international + large
3,URMS,IGT,Magas Airport,Sunzha,RU,RU-IN,AS,medium_airport,1,9842,medium
3,UROD,,Dudinka Airport,Dudinka,RU,RU-KYA,AS,medium_airport,1,4758,medium
3,USCC,CEK,Kurchatov Chelyabinsk International Airport,Chelyabinsk,RU,RU-CHE,AS,large_airport,1,10499,international + large
3,USCM,MQF,Magnitogorsk International Airport,Magnitogorsk,RU,RU-BA,AS,large_airport,1,10663,international + large
3,USDA,SBT,Sabetta International Airport,Sabetta,RU,RU-YAN,AS,medium_airport,1,8858,international + medium
3,USDD,SLY,Salekhard Airport,Salekhard,RU,RU-YAN,AS,medium_airport,1,8917,medium
3,USHH,HMA,Khanty Mansiysk Airport,Khanty-Mansiysk,RU,RU-KHM,AS,medium_airport,1,9180,medium
3,USHS,OVS,Sovetskiy Airport,Sovetskiy,RU,RU-KHM,AS,medium_airport,1,8202,medium
3,USHU,URJ,Uray Airport,Uray,RU,RU-KHM,AS,medium_airport,1,7218,medium
3,USII,IJK,Izhevsk Airport,Izhevsk,RU,RU-UD,AS,medium_airport,1,8202,medium
3,USMM,NYM,Nadym Airport,Nadym,RU,RU-YAN,AS,medium_airport,1,8360,medium
3,USMU,NUX,Novy Urengoy Airport,Novy Urengoy,RU,RU-YAN,AS,medium_airport,1,8366,medium
3,USNN,NJC,Nizhnevartovsk Airport,Nizhnevartovsk,RU,RU-KHM,AS,large_airport,1,10499,large
3,USPP,PEE,Perm International Airport,Perm,RU,RU-PER,AS,large_airport,1,10520,international + large
3,USRK,KGP,Kogalym International Airport,Kogalym,RU,RU-KHM,AS,medium_airport,1,8225,international + medium
3,USRN,NFG,Nefteyugansk Airport,Nefteyugansk,RU,RU-KHM,AS,medium_airport,1,8858,medium
3,USRO,NOJ,Noyabrsk Airport,Noyabrsk,RU,RU-YAN,AS,medium_airport,1,8202,medium
3,USRR,SGC,Surgut International Airport,Surgut,RU,RU-KHM,AS,large_airport,1,9154,international + large
3,USTJ,RMZ,Tobolsk Remezov Airport,Tobolsk,RU,RU-TYU,AS,medium_airport,1,7875,medium
3,USUU,KRO,Kurgan Airport,Kurgan,RU,RU-KGN,AS,medium_airport,1,8530,medium
3,UUYH,UCT,Ukhta Airport,Ukhta,RU,RU-KO,AS,medium_airport,1,8691,medium
3,UUYK,,Vuktyl Airport,Vuktyl,RU,RU-KO,AS,medium_airport,1,4921,medium
3,UUYS,USK,Usinsk Airport,Usinsk,RU,RU-KO,AS,medium_airport,1,8202,medium
3,UUYV,,Izhma Airport,Izhma,RU,RU-KO,AS,medium_airport,1,4264,medium
3,UUYW,VKT,Vorkuta Airport,Vorkuta,RU,RU-KO,AS,medium_airport,1,7218,medium
3,UUYX,UTS,Ust-Tsylma Airport,Ust-Tsylma,RU,RU-KO,AS,medium_airport,1,4265,medium
3,UWKB,UUA,Bugulma Airport,Bugulma,RU,RU-TA,AS,medium_airport,1,6561,medium
3,UWKD,KZN,Kazan International Airport,Kazan,RU,RU-TA,AS,large_airport,1,12303,international + large
3,UWKE,NBC,Begishevo Airport,Nizhnekamsk,RU,RU-TA,AS,medium_airport,1,8209,medium
3,UWKG,,Borisoglebskoye Airport,Kazan,RU,RU-TA,AS,medium_airport,1,10826,medium
3,UWKJ,JOK,Yoshkar-Ola Airport,Yoshkar-Ola,RU,RU-ME,AS,medium_airport,1,7874,medium
3,UWLW,ULY,Ulyanovsk Vostochny Airport,Cherdakly,RU,RU-ULY,AS,medium_airport,1,16404,medium
3,UWOO,REN,Orenburg Central Airport,Orenburg,RU,RU-ORE,AS,medium_airport,1,8212,medium
3,UWPP,PEZ,Penza Airport,Penza,RU,RU-PNZ,AS,medium_airport,1,9155,medium
3,UWSB,BWO,Balakovo Airport,Balakovo,RU,RU-SAR,AS,medium_airport,1,7710,medium
3,UWSG,GSV,Gagarin International Airport,Saratov,RU,RU-SAR,AS,large_airport,1,9843,international + large
3,XRWL,,Lebyazhye Air Base,Kamyshin,RU,RU-VGG,AS,medium_airport,1,8202,medium
3,UENK,,Kyzyl-Syr Airport,Kyzyl-Syr,RU,RU-SA,AS,medium_airport,0,0,medium
3,UERA,,Aykhal Airport,,RU,RU-SA,AS,medium_airport,0,0,medium
3,UERS,SYS,Saskylakh Airport,Saskylakh,RU,RU-SA,AS,medium_airport,0,0,medium
3,UESG,BGN,Belaya Gora Airport,Belaya Gora,RU,RU-SA,AS,medium_airport,0,0,medium
3,UESU,ZKP,Zyryanka Airport,Zyryanka,RU,RU-SA,AS,medium_airport,0,0,medium
3,UEVV,ZIX,Zhigansk Airport,Zhigansk,RU,RU-SA,AS,medium_airport,0,0,medium
3,UHII,,Chernigovka Air Base,Chernigovka,RU,RU-PRI,AS,medium_airport,0,0,medium
3,UHMF,,Omsukchan Airport,Omsukchan,RU,RU-MAG,AS,medium_airport,0,0,medium
3,UHMS,,Seymchan Airport,Seymchan,RU,RU-MAG,AS,medium_airport,0,0,medium
3,UHMT,,Magadan-13 Airport,Magadan,RU,RU-MAG,AS,medium_airport,0,0,medium
3,UHPL,,Palana Airport,Palana,RU,RU-KAM,AS,medium_airport,0,0,medium
3,UHWV,,Vozdvizhenka Air Base,Vozdvizhenka,RU,RU-PRI,AS,medium_airport,0,0,medium
3,UIAI,,Cheryomushki Air Base,Chita,RU,RU-ZAB,AS,medium_airport,0,0,medium
3,UIID,,Dzhida Air Base,Dzhida,RU,RU-BU,AS,medium_airport,0,0,medium
3,UIIR,,Irkutsk Northwest Airport,Irkutsk,RU,RU-IRK,AS,medium_airport,0,0,medium
3,UODN,,Nagurskoye Airfield,Alexandra Land,RU,RU-ARK,AS,medium_airport,0,0,medium
3,USCU,,Uprun Air Base,Uvelsky,RU,RU-CHE,AS,medium_airport,0,0,medium
3,USHB,EZV,Berezovo Airport,,RU,RU-KHM,AS,medium_airport,0,0,medium
3,USMQ,,Yamburg Airport,Yamburg,RU,RU-YAN,AS,medium_airport,0,0,medium
3,XHIS,,Chuguyevka Air Base,Chuguyevka,RU,RU-PRI,AS,medium_airport,0,0,medium
3,XHSO,,Dolinsk-Sokol Air Base,Dolinsk,RU,RU-SAK,AS,medium_airport,0,0,medium
3,XIAB,,Bada Air Base,Bada,RU,RU-ZAB,AS,medium_airport,0,0,medium
3,XIAS,,Step Air Base,Chita,RU,RU-ZAB,AS,medium_airport,0,0,medium
3,XIUW,,Ulan-Ude East Airport,Ulan Ude,RU,RU-BU,AS,medium_airport,0,0,medium
3,XNKG,,Kansk Air Base,Kansk,RU,RU-KYA,AS,medium_airport,0,0,medium
3,XSSJ,,Yugorsk Sovetsky Air Base,Yugorsk,RU,RU-KHM,AS,medium_airport,0,0,medium
3,XWKD,,Danilovo Air Base,Yoshkar Ola,RU,RU-ME,AS,medium_airport,0,0,medium
3,XWSB,,Bagay-Baranovka Air Base,Sennoy,RU,RU-SAR,AS,medium_airport,0,0,medium
3,XWWO,,Bobrovka Air Base,Kinel,RU,RU-SAM,AS,medium_airport,0,0,medium
3,OEJN,JED,King Abdulaziz International Airport,Jeddah,SA,SA-02,AS,large_airport,3,13123,2+ runways + international + large
3,OEDF,DMM,King Fahd International Airport,Ad Dammam,SA,SA-04,AS,large_airport,2,13124,2+ runways + international + large
3,OEDR,DHA,King Abdulaziz Air Base,Dhahran,SA,SA-04,AS,large_airport,2,12008,2+ runways + large
3,OEKM,KMX,King Khalid Air Base,Khamis Mushait,SA,SA-14,AS,medium_airport,2,12467,2+ runways + medium
3,OEMA,MED,Prince Mohammad Bin Abdulaziz Airport,Medina,SA,SA-03,AS,large_airport,2,14222,2+ runways + large
3,OEPS,AKH,Prince Sultan Air Base,Al Kharj,SA,SA-01,AS,medium_airport,2,13123,2+ runways + medium
3,OERK,RUH,King Khalid International Airport,Riyadh,SA,SA-01,AS,large_airport,2,13796,2+ runways + international + large
3,OETB,TUU,Prince Sultan bin Abdulaziz International Airport,Tabuk,SA,SA-07,AS,large_airport,2,10991,2+ runways + international + large
3,OETF,TIF,Taif International Airport,Taif,SA,SA-02,AS,large_airport,2,12254,2+ runways + international + large
3,OE49,,Mecca East Airport,Mecca,SA,SA-02,AS,medium_airport,1,7865,medium
3,OEAB,AHB,Abha International Airport,Abha,SA,SA-14,AS,large_airport,1,10991,international + large
3,OEAH,HOF,Al-Ahsa International Airport,Hofuf,SA,SA-04,AS,large_airport,1,10039,international + large
3,OEAO,ULH,Al-Ula International Airport,Al-Ula,SA,SA-03,AS,large_airport,1,10007,international + large
3,OEBA,ABT,King Saud Bin Abdulaziz (Al Baha) Airport,Al-Baha,SA,SA-11,AS,medium_airport,1,10991,medium
3,OEBH,BHH,Bisha Airport,Bisha,SA,SA-14,AS,medium_airport,1,10007,medium
3,OEDM,DWD,Dawadmi Domestic Airport,Dawadmi,SA,SA-01,AS,medium_airport,1,10006,medium
3,OEGN,GIZ,Jizan Regional Airport / King Abdullah bin Abdulaziz Airport,Jizan,SA,SA-09,AS,medium_airport,1,10006,medium
3,OEGS,ELQ,Prince Naif bin Abdulaziz International Airport,Qassim,SA,SA-05,AS,large_airport,1,9843,international + large
3,OEGT,URY,Gurayat Domestic Airport,Gurayat,SA,SA-12,AS,medium_airport,1,10007,medium
3,OEHL,HAS,Hail International Airport,Hail,SA,SA-06,AS,large_airport,1,12204,international + large
3,OEJB,,Jubail Airport,Jubail,SA,SA-04,AS,medium_airport,1,13124,medium
3,OEJF,,King Faisal Naval Base,Jeddah,SA,SA-02,AS,medium_airport,1,8964,medium
3,OEKK,KMC,King Khaled Military City Airport,King Khaled Military City,SA,SA-04,AS,medium_airport,1,12005,medium
3,OENG,EAM,Najran Domestic Airport,Najran,SA,SA-10,AS,medium_airport,1,10007,medium
3,OENN,NUM,Neom Bay Airport,Sharma,SA,SA-07,AS,large_airport,1,12326,large
3,OEPA,AQI,Qaisumah–Hafar Al-Batin International Airport,Qaisumah,SA,SA-04,AS,large_airport,1,10007,international + large
3,OERF,RAH,Rafha Domestic Airport,Rafha,SA,SA-08,AS,medium_airport,1,9834,medium
3,OERM,,Ras Mishab Airport,Al Mishab,SA,SA-04,AS,medium_airport,1,11058,medium
3,OERR,RAE,Arar Domestic Airport,Arar,SA,SA-08,AS,medium_airport,1,10007,medium
3,OERT,,Ras Tanura Airport,Ras Tanura,SA,SA-04,AS,medium_airport,1,7063,medium
3,OESH,SHW,Sharurah Domestic Airport,Sharurah,SA,SA-10,AS,medium_airport,1,11975,medium
3,OESK,AJF,Al-Jawf International Airport,Al-Jawf,SA,SA-12,AS,large_airport,1,12011,international + large
3,OETN,,Ras Tanajib Airport,As Saffaniyah,SA,SA-04,AS,medium_airport,1,8005,medium
3,OETR,TUI,Turaif Domestic Airport,Turaif,SA,SA-08,AS,medium_airport,1,9843,medium
3,OEWD,WAE,Wadi Al Dawasir Domestic Airport,Wadi Al Dawasir,SA,SA-01,AS,medium_airport,1,10007,medium
3,OEWJ,EJH,Al Wajh Domestic Airport,Al Wajh,SA,SA-07,AS,medium_airport,1,10007,medium
3,OEYN,YNB,Prince Abdulmohsen Bin Abdulaziz International Airport,Yanbu,SA,SA-03,AS,large_airport,1,10532,international + large
3,OEAD,,Aradah Airport,Ardah,SA,SA-04,AS,medium_airport,0,0,medium
3,OERS,RSI,Red Sea International Airport,Hanak,SA,SA-07,AS,large_airport,0,0,international + large
3,OESN,,King Salman Air Base,Riyadh,SA,SA-01,AS,medium_airport,0,0,medium
3,WSAT,TGA,Tengah Air Base,Western Water Catchment,SG,SG-03,AS,medium_airport,3,8999,2+ runways + medium
3,WSAG,,Sembawang Air Base,Sembawang,SG,SG-03,AS,medium_airport,2,6255,2+ runways + medium
3,WSSS,SIN,Singapore Changi Airport,Singapore,SG,SG-04,AS,large_airport,2,13123,2+ runways + large
3,WSAP,QPG,Paya Lebar Air Base,Paya Lebar,SG,SG-04,AS,medium_airport,1,12401,medium
3,WSSL,XSP,Seletar Airport,Seletar,SG,SG-02,AS,medium_airport,1,6023,medium
3,WSAC,,Changi Air Base (East),Singapore,SG,SG-04,AS,medium_airport,0,0,medium
3,OS69,,Khalkhalah Air Base,Buraq,SY,SY-SU,AS,medium_airport,2,9995,2+ runways + medium
3,OSDZ,DEZ,Deir ez-Zor Airport,Deir ez-Zor,SY,SY-DY,AS,medium_airport,2,9843,2+ runways + medium
3,OS57,,Abu ad Duhur Air Base,Abu ad Duhur,SY,SY-HL,AS,medium_airport,1,9810,medium
3,OS64,,An Nasiriyah Air Base,,SY,SY-DI,AS,medium_airport,1,9842,medium
3,OS70,,Al Qusayr Air Base,Al-Qusayr,SY,SY-HI,AS,medium_airport,1,10000,medium
3,OSAP,ALP,Aleppo International Airport,Aleppo,SY,SY-HL,AS,large_airport,1,9547,international + large
3,OSDI,DAM,Damascus International Airport,Damascus,SY,SY-DI,AS,large_airport,1,11811,international + large
3,OSKL,KAC,Qamishli International Airport,Qamishli,SY,SY-HA,AS,medium_airport,1,11860,international + medium
3,OSLK,LTK,Latakia International Airport,Latakia,SY,SY-LA,AS,medium_airport,1,9175,international + medium
3,OSPR,PMS,Palmyra Airport,Tadmur,SY,SY-HI,AS,medium_airport,1,9449,medium
3,VTBL,KKM,Khok Kathiam Airport,Lop Buri,TH,TH-16,AS,medium_airport,3,7252,2+ runways + medium
3,VTBS,BKK,Suvarnabhumi Airport,Bangkok,TH,TH-10,AS,large_airport,3,13123,2+ runways + large
3,VTBD,DMK,Don Mueang International Airport,Bangkok,TH,TH-10,AS,large_airport,2,12139,2+ runways + international + large
3,VTBK,KDT,Kamphaeng Saen Airport,Nakhon Pathom,TH,TH-72,AS,medium_airport,1,9000,medium
3,VTBO,TDX,Trat Airport,Laem Ngop,TH,TH-23,AS,medium_airport,1,5899,medium
3,VTBU,UTP,U-Tapao–Rayong–Pattaya International Airport,Rayong,TH,TH-21,AS,large_airport,1,11500,international + large
3,VTCC,CNX,Chiang Mai International Airport,Chiang Mai,TH,TH-50,AS,large_airport,1,11155,international + large
3,VTCH,HGN,Mae Hong Son Airport,Mae Hong Son,TH,TH-58,AS,medium_airport,1,6562,medium
3,VTCL,LPT,Lampang Airport,,TH,TH-52,AS,medium_airport,1,6465,medium
3,VTCN,NNT,Nan Airport,,TH,TH-55,AS,medium_airport,1,6562,medium
3,VTCP,PRH,Phrae Airport,,TH,TH-54,AS,medium_airport,1,4921,medium
3,VTCT,CEI,Mae Fah Luang - Chiang Rai International Airport,Chiang Rai,TH,TH-57,AS,large_airport,1,9843,international + large
3,VTPB,PHY,Phetchabun Airport,,TH,TH-67,AS,medium_airport,1,6890,medium
3,VTPH,HHQ,Hua Hin Airport,Hua Hin,TH,TH-76,AS,medium_airport,1,6890,medium
3,VTPI,TKH,Takhli Royal Thai Air Force Base,Takhli,TH,TH-60,AS,medium_airport,1,9843,medium
3,VTPM,MAQ,Mae Sot Airport,,TH,TH-63,AS,medium_airport,1,4921,medium
3,VTPO,THS,Sukhothai Airport,,TH,TH-64,AS,medium_airport,1,6890,medium
3,VTPP,PHS,Phitsanulok Airport,Phitsanulok,TH,TH-65,AS,medium_airport,1,9843,medium
3,VTPT,TKT,Tak Airport,,TH,TH-63,AS,medium_airport,1,4921,medium
3,VTSB,URT,Surat Thani Airport,Surat Thani,TH,TH-84,AS,medium_airport,1,9843,medium
3,VTSC,NAW,Narathiwat Airport,,TH,TH-96,AS,medium_airport,1,8202,medium
3,VTSE,CJM,Chumphon Airport,Chumphon,TH,TH-86,AS,medium_airport,1,6890,medium
3,VTSF,NST,Nakhon Si Thammarat Airport,Nakhon Si Thammarat,TH,TH-80,AS,medium_airport,1,6890,medium
3,VTSG,KBV,Krabi International Airport,Krabi,TH,TH-81,AS,large_airport,1,9842,international + large
3,VTSH,SGZ,Songkhla Airport,,TH,TH-90,AS,medium_airport,1,4954,medium
3,VTSK,PAN,Pattani Airport,,TH,TH-94,AS,medium_airport,1,4593,medium
3,VTSM,USM,Samui International Airport,Na Thon (Ko Samui Island),TH,TH-84,AS,large_airport,1,6759,international + large
3,VTSN,,Cha Eian Airport,Nakhon Si Thammarat,TH,TH-80,AS,medium_airport,1,7546,medium
3,VTSP,HKT,Phuket International Airport,Phuket,TH,TH-83,AS,large_airport,1,10171,international + large
3,VTSR,UNN,Ranong Airport,Ranong,TH,TH-85,AS,medium_airport,1,6562,medium
3,VTSS,HDY,Hat Yai International Airport,Hat Yai,TH,TH-90,AS,large_airport,1,10007,international + large
3,VTST,TST,Trang Airport,Trang,TH,TH-92,AS,medium_airport,1,6890,medium
3,VTUD,UTH,Udon Thani International Airport,Udon Thani,TH,TH-41,AS,large_airport,1,10000,international + large
3,VTUI,SNO,Sakon Nakhon Airport,,TH,TH-47,AS,medium_airport,1,8530,medium
3,VTUJ,PXR,Surin Airport,Surin,TH,TH-32,AS,medium_airport,1,5053,medium
3,VTUK,KKC,Khon Kaen Airport,Khon Kaen,TH,TH-40,AS,medium_airport,1,10007,medium
3,VTUL,LOE,Loei Airport,,TH,TH-42,AS,medium_airport,1,6890,medium
3,VTUO,BFV,Buri Ram Airport,Buriram,TH,TH-31,AS,medium_airport,1,6890,medium
3,VTUQ,NAK,Nakhon Ratchasima Airport,Chaloem Phra Kiat,TH,TH-30,AS,medium_airport,1,6890,medium
3,VTUU,UBP,Ubon Ratchathani Airport,Ubon Ratchathani,TH,TH-34,AS,medium_airport,1,9848,medium
3,VTUV,ROI,Roi Et Airport,Roi Et,TH,TH-45,AS,medium_airport,1,6890,medium
3,VTUW,KOP,Nakhon Phanom Airport,Nakhon Phanom,TH,TH-48,AS,medium_airport,1,8203,medium
3,VTSY,BTZ,Betong International Airport,Betong,TH,TH-95,AS,medium_airport,0,0,international + medium
3,UTDD,DYU,Dushanbe International Airport,Dushanbe,TJ,TJ-DU,AS,large_airport,1,10170,international + large
3,UTDK,TJU,Kulob International Airport,Kulob,TJ,TJ-KT,AS,large_airport,1,9843,international + large
3,UTDL,LBD,Khujand International Airport,Khujand,TJ,TJ-SU,AS,large_airport,1,10433,international + large
3,UTDT,KQT,Bokhtar International Airport,Bokhtar,TJ,TJ-KT,AS,large_airport,1,7497,international + large
3,WPDB,UAI,"Commander in Chief of FALINTIL, Kay Rala Xanana Gusmão, International Airport",Suai,TL,TL-CO,AS,medium_airport,1,4921,international + medium
3,WPDL,DIL,Presidente Nicolau Lobato International Airport,Dili,TL,TL-DI,AS,large_airport,1,6065,international + large
3,WPEC,BCH,Baucau Airport,Baucau,TL,TL-BA,AS,medium_airport,1,8233,medium
3,WPOC,OEC,Oecusse Route of the Sandalwood International Airport,Oecussi-Ambeno,TL,TL-OE,AS,large_airport,1,7218,international + large
3,UTAA,ASB,Ashgabat International Airport,Ashgabat,TM,TM-S,AS,large_airport,2,12467,2+ runways + international + large
3,UTAK,KRW,Turkmenbaşy International Airport,Turkmenbaşy,TM,TM-B,AS,medium_airport,2,11483,2+ runways + international + medium
3,UTAM,MYP,Mary International Airport,Mary,TM,TM-M,AS,medium_airport,2,12467,2+ runways + international + medium
3,UT1G,,Ashgabat Bezmein Air Base,Ashgabat,TM,TM-S,AS,medium_airport,1,8665,medium
3,UTAT,TAZ,Dashoguz International Airport,Daşoguz,TM,TM-D,AS,large_airport,1,12467,international + large
3,UTAV,CRZ,Türkmenabat International Airport,Türkmenabat,TM,TM-L,AS,large_airport,1,12467,international + large
3,UTAN,BKN,Balkanabat International Airport,Balkanabat,TM,TM-B,AS,medium_airport,0,0,international + medium
3,LTAI,AYT,Antalya International Airport,Antalya,TR,TR-07,AS,large_airport,3,11155,2+ runways + international + large
3,LTAC,ESB,Esenboğa International Airport,Ankara,TR,TR-06,AS,large_airport,2,12303,2+ runways + international + large
3,LTAH,AFY,Afyon Air Base,Afyonkarahisar,TR,TR-03,AS,medium_airport,2,12008,2+ runways + medium
3,LTAN,KYA,Konya Airport,Konya,TR,TR-42,AS,large_airport,2,10990,2+ runways + large
3,LTAW,TJK,Tokat Airport,Tokat,TR,TR-60,AS,medium_airport,2,8858,2+ runways + medium
3,LTBJ,ADB,Adnan Menderes International Airport,Gaziemir,TR,TR-35,AS,large_airport,2,10630,2+ runways + international + large
3,LTBR,YEI,Bursa Yenişehir Airport,Yenişehir,TR,TR-16,AS,medium_airport,2,9818,2+ runways + medium
3,LTBT,,Akhisar Airport / Akhisar Air Base,Akhisar,TR,TR-45,AS,medium_airport,2,9815,2+ runways + medium
3,LTBX,,İstanbul Samandıra Army Air Base,"Ümraniye, Istanbul",TR,TR-34,AS,medium_airport,2,4528,2+ runways + medium
3,LTCC,DIY,Diyarbakır Airport,Diyarbakır,TR,TR-21,AS,medium_airport,2,11644,2+ runways + medium
3,LTCE,ERZ,Erzurum International Airport,Erzurum,TR,TR-25,AS,medium_airport,2,12500,2+ runways + international + medium
3,LTDB,COV,Çukurova International Airport,Tarsus,TR,TR-33,AS,large_airport,2,11482,2+ runways + international + large
3,LTFE,BJV,Milas Bodrum International Airport,Bodrum,TR,TR-48,AS,large_airport,2,9843,2+ runways + international + large
3,LTFJ,SAW,Istanbul Sabiha Gökçen International Airport,"Pendik, Istanbul",TR,TR-34,AS,large_airport,2,11614,2+ runways + international + large
3,LTAD,ANK,Etimesgut Air Base,Ankara,TR,TR-06,AS,medium_airport,1,9045,medium
3,LTAE,,Akıncı Air Base,Ankara,TR,TR-06,AS,medium_airport,1,10991,medium
3,LTAG,UAB,İncirlik Air Base,Sarıçam,TR,TR-01,AS,medium_airport,1,10000,medium
3,LTAJ,GZT,Gaziantep Oğuzeli International Airport,Gaziantep,TR,TR-27,AS,large_airport,1,9842,international + large
3,LTAL,KFS,Kastamonu Airport,Kastamonu,TR,TR-37,AS,medium_airport,1,7382,medium
3,LTAP,MZH,Amasya Merzifon Airport,Amasya,TR,TR-05,AS,medium_airport,1,9600,medium
3,LTAR,VAS,Sivas Nuri Demirağ Airport,Sivas,TR,TR-58,AS,medium_airport,1,12503,medium
3,LTAS,ONQ,Zonguldak Çaycuma Airport,Zonguldak,TR,TR-67,AS,medium_airport,1,6991,medium
3,LTAT,MLX,Malatya Erhaç Airport,Malatya,TR,TR-44,AS,medium_airport,1,10990,medium
3,LTAU,ASR,Kayseri Erkilet International Airport,Kayseri,TR,TR-38,AS,large_airport,1,9841,international + large
3,LTAV,,Sivrihisar Airport,Sivrihisar,TR,TR-26,AS,medium_airport,1,11156,medium
3,LTAY,DNZ,Çardak Airport,Denizli,TR,TR-20,AS,medium_airport,1,9842,medium
3,LTAZ,NAV,Nevşehir Kapadokya Airport,Nevşehir,TR,TR-50,AS,large_airport,1,9842,large
3,LTBF,BZI,Balıkesir Airport,Balıkesir,TR,TR-10,AS,medium_airport,1,9810,medium
3,LTBG,BDM,Bandırma Airport,Bandırma,TR,TR-10,AS,medium_airport,1,9875,medium
3,LTBH,CKZ,Çanakkale Airport,Çanakkale,TR,TR-17,AS,medium_airport,1,7710,medium
3,LTBI,ESK,Eskişehir Air Base,Eskişehir,TR,TR-26,AS,medium_airport,1,10006,medium
3,LTBL,IGL,Çiğli Airbase,Çiğli,TR,TR-35,AS,medium_airport,1,9821,medium
3,LTBN,,Kütahya Airport,Kütahya,TR,TR-43,AS,medium_airport,1,4950,medium
3,LTBO,USQ,Uşak Airport,Uşak,TR,TR-64,AS,medium_airport,1,8390,medium
3,LTBQ,KCO,Cengiz Topel Airport,Kartepe,TR,TR-41,AS,medium_airport,1,9842,medium
3,LTBS,DLM,Dalaman International Airport,Dalaman,TR,TR-48,AS,large_airport,1,9842,international + large
3,LTBY,AOE,Hasan Polatkan Airport,Eskişehir,TR,TR-26,AS,large_airport,1,8261,large
3,LTBZ,KZR,Zafer Airport,Altıntaş,TR,TR-43,AS,medium_airport,1,9843,medium
3,LTCA,EZS,Elazığ Airport,Elazığ,TR,TR-23,AS,medium_airport,1,9843,medium
3,LTCB,OGU,Ordu–Giresun Airport,Ordu,TR,TR-52,AS,medium_airport,1,9848,medium
3,LTCD,ERC,Erzincan Airport,Erzincan,TR,TR-24,AS,medium_airport,1,9843,medium
3,LTCF,KSY,Kars Airport,Kars,TR,TR-36,AS,medium_airport,1,11483,medium
3,LTCG,TZX,Trabzon International Airport,Trabzon,TR,TR-61,AS,medium_airport,1,8661,international + medium
3,LTCI,VAN,Van Ferit Melen Airport,Van,TR,TR-65,AS,medium_airport,1,9022,medium
3,LTCJ,BAL,Batman Airport,Batman,TR,TR-72,AS,medium_airport,1,10000,medium
3,LTCK,MSR,Muş Airport,Muş,TR,TR-49,AS,medium_airport,1,11649,medium
3,LTCL,SXZ,Siirt Airport,Siirt,TR,TR-56,AS,medium_airport,1,5905,medium
3,LTCM,NOP,Sinop Airport,Sinop,TR,TR-57,AS,medium_airport,1,6482,medium
3,LTCN,KCM,Kahramanmaraş Airport,Kahramanmaraş,TR,TR-46,AS,medium_airport,1,7546,medium
3,LTCO,AJI,Ağrı Airport,Ağrı,TR,TR-04,AS,medium_airport,1,9843,medium
3,LTCP,ADF,Adıyaman Airport,Adıyaman,TR,TR-02,AS,medium_airport,1,8153,medium
3,LTCR,MQM,Mardin Airport,Mardin,TR,TR-47,AS,medium_airport,1,8204,medium
3,LTCS,GNY,Şanlıurfa GAP Airport,Şanlıurfa,TR,TR-63,AS,large_airport,1,13123,large
3,LTCT,IGD,Iğdır Airport,Iğdır,TR,TR-76,AS,medium_airport,1,9843,medium
3,LTCU,BGG,Bingöl Airport,Bingöl,TR,TR-12,AS,medium_airport,1,7546,medium
3,LTCV,NKT,Şırnak Şerafettin Elçi Airport,Şırnak,TR,TR-73,AS,medium_airport,1,9843,medium
3,LTCW,YKO,Hakkari Yüksekova Airport,Hakkari,TR,TR-30,AS,medium_airport,1,10499,medium
3,LTDA,HTY,Hatay Airport,Antakya,TR,TR-31,AS,medium_airport,1,6830,medium
3,LTFC,ISE,Süleyman Demirel International Airport,Isparta,TR,TR-32,AS,medium_airport,1,9843,international + medium
3,LTFD,EDO,Balıkesir Koca Seyit Airport,Edremit,TR,TR-10,AS,large_airport,1,9842,large
3,LTFG,GZP,Gazipaşa-Alanya Airport,Gazipaşa,TR,TR-07,AS,medium_airport,1,7710,medium
3,LTFH,SZF,Samsun-Çarşamba Airport,Samsun,TR,TR-55,AS,medium_airport,1,9843,medium
3,LTFO,RZV,Rize–Artvin Airport,Rize,TR,TR-53,AS,medium_airport,1,9843,medium
3,RCAY,,Gangshan Air Force Base,Kaohsiung (Gangshan),TW,TW-KHH,AS,medium_airport,3,8019,2+ runways + medium
3,RCKU,CYI,Chiayi Airport,Shuishang,TW,TW-CYQ,AS,medium_airport,3,10007,2+ runways + medium
3,RCNN,TNN,Tainan International Airport / Tainan Air Base,Tainan (Rende),TW,TW-TNN,AS,large_airport,2,10007,2+ runways + international + large
3,RCTP,TPE,Taiwan Taoyuan International Airport,Taoyuan,TW,TW-TAO,AS,large_airport,2,12008,2+ runways + international + large
3,RCYU,HUN,Hualien Chiashan Airport,Hualien City,TW,TW-HUA,AS,large_airport,2,9022,2+ runways + large
3,RCBS,KNH,Kinmen Airport,Shang-I,TW,TW-X-KM,AS,medium_airport,1,9843,medium
3,RCDC,,Pingtung Air Force Base,Pingtung,TW,TW-PIF,AS,medium_airport,1,7828,medium
3,RCFG,LZN,Matsu Nangan Airport,Matsu (Nangan),TW,TW-LIE,AS,medium_airport,1,5180,medium
3,RCFN,TTT,Taitung Airport,Taitung City,TW,TW-TTT,AS,medium_airport,1,7999,medium
3,RCKH,KHH,Kaohsiung International Airport,Kaohsiung (Xiaogang),TW,TW-KHH,AS,large_airport,1,10335,international + large
3,RCKW,HCN,Hengchun Airport,Hengchun,TW,TW-PIF,AS,medium_airport,1,5577,medium
3,RCLY,KYD,Lanyu Airport,Orchid Island,TW,TW-TTT,AS,medium_airport,1,3852,medium
3,RCMQ,RMQ,Taichung International Airport / Ching Chuang Kang Air Base,Taichung (Qingshui),TW,TW-TXG,AS,large_airport,1,12000,international + large
3,RCMT,MFK,Matsu Beigan Airport,Matsu (Beigan),TW,TW-LIE,AS,medium_airport,1,3773,medium
3,RCPO,HSZ,Hsinchu Air Base,Hsinchu City,TW,TW-HSZ,AS,medium_airport,1,11955,medium
3,RCQC,MZG,Penghu Magong Airport,Huxi,TW,TW-PEN,AS,large_airport,1,9843,large
3,RCQS,,Chihhang Air Base,Taitung City,TW,TW-TTT,AS,medium_airport,1,11055,medium
3,RCSQ,,Pingtung Air Force Base North,Pingtung,TW,TW-PIF,AS,medium_airport,1,8012,medium
3,RCSS,TSA,Taipei Songshan International Airport,Taipei (Songshan),TW,TW-TPE,AS,large_airport,1,8547,international + large
3,UZFA,AZN,Andijan International Airport,Andijan,UZ,UZ-AN,AS,medium_airport,0,0,international + medium
3,UZFF,FEG,Fergana International Airport,Fergana,UZ,UZ-FA,AS,medium_airport,0,0,international + medium
3,UZFN,NMA,Namangan International Airport,Namangan,UZ,UZ-NG,AS,large_airport,0,0,international + large
3,UZNN,NCU,Nukus International Airport,Nukus,UZ,UZ-QR,AS,large_airport,0,0,international + large
3,UZNU,UGC,Urgench International Airport,Urgench,UZ,UZ-XO,AS,large_airport,0,0,international + large
3,UZSA,NVI,Navoi International Airport,Navoi,UZ,UZ-NW,AS,medium_airport,0,0,international + medium
3,UZSB,BHK,Bukhara International Airport,Bukhara,UZ,UZ-BU,AS,large_airport,0,0,international + large
3,UZSS,SKD,Samarkand International Airport,Samarkand,UZ,UZ-SA,AS,large_airport,0,0,international + large
3,UZST,TMJ,Termez Airport,Termez,UZ,UZ-SU,AS,medium_airport,0,0,medium
3,UZTP,TVT,Tashkent-Khumo International Airport,Tashkent,UZ,UZ-TO,AS,medium_airport,0,0,international + medium
3,UZTT,TAS,Tashkent International Airport,Tashkent,UZ,UZ-TO,AS,large_airport,0,0,international + large
3,UZTZ,OMN,Zomin Airport,Zomin,UZ,UZ-JI,AS,medium_airport,0,0,medium
3,VVCR,CXR,Cam Ranh International Airport / Cam Ranh Air Base,Nha Trang/nha Trang aiurportCam Ranh,VN,VN-SCC,AS,large_airport,2,10000,2+ runways + international + large
3,VVDN,DAD,Da Nang International Airport,Da Nang,VN,VN-SCC,AS,large_airport,2,11483,2+ runways + international + large
3,VVNB,HAN,Noi Bai International Airport,Hanoi (Soc Son),VN,VN-RRD,AS,large_airport,2,12466,2+ runways + international + large
3,VVTS,SGN,Tan Son Nhat International Airport,Ho Chi Minh City,VN,VN-SE,AS,large_airport,2,12468,2+ runways + international + large
3,VVBM,BMV,Buon Ma Thuot Airport,Buon Ma Thuot,VN,VN-CH,AS,medium_airport,1,9843,medium
3,VVCI,HPH,Cat Bi International Airport,Haiphong (Hai An),VN,VN-RRD,AS,large_airport,1,10007,international + large
3,VVCM,CAH,Cà Mau Airport,Ca Mau City,VN,VN-SW,AS,medium_airport,1,4921,medium
3,VVCS,VCS,Con Dao Airport,Con Dao,VN,VN-SE,AS,medium_airport,1,6004,medium
3,VVCT,VCA,Can Tho International Airport,Can Tho,VN,VN-SW,AS,large_airport,1,9843,international + large
3,VVDB,DIN,Dien Bien Phu Airport,Dien Bien Phu,VN,VN-NW,AS,medium_airport,1,7874,medium
3,VVDH,VDH,Dong Hoi Airport,Dong Hoi,VN,VN-NC,AS,medium_airport,1,7874,medium
3,VVDL,DLI,Lien Khuong Airport,Da Lat,VN,VN-CH,AS,medium_airport,1,10663,medium
3,VVGL,,Gia Lam Air Base,Hanoi  (Long Bien),VN,VN-RRD,AS,medium_airport,1,6571,medium
3,VVPB,HUI,Phu Bai International Airport,Huế,VN,VN-NC,AS,large_airport,1,8775,international + large
3,VVPC,UIH,Phu Cat Airport,Quy Nohn,VN,VN-SCC,AS,medium_airport,1,10010,medium
3,VVPK,PXU,Pleiku Airport,Pleiku,VN,VN-CH,AS,medium_airport,1,7874,medium
3,VVPQ,PQC,Phú Quốc International Airport,Phu Quoc Island,VN,VN-SW,AS,large_airport,1,9843,international + large
3,VVRG,VKG,Rach Gia Airport,Rach Gia,VN,VN-SW,AS,medium_airport,1,4921,medium
3,VVTH,TBB,Dong Tac Airport,Tuy Hoa,VN,VN-SCC,AS,medium_airport,1,9520,medium
3,VVVD,VDO,Van Don International Airport,Van Don,VN,VN-NE,AS,medium_airport,1,11811,international + medium
3,VVVH,VII,Vinh Airport,Vinh,VN,VN-NC,AS,medium_airport,1,7875,medium
3,VVLT,LTH,Long Thanh International Airport (Under Construction),Ho Chi Minh City (Long Thanh),VN,VN-SE,AS,large_airport,0,0,international + large
3,OY74,,Al Anad Air Base,Al Anad,YE,YE-LA,AS,medium_airport,1,9250,medium
3,OYAA,ADE,Aden International Airport,Aden,YE,YE-AD,AS,large_airport,1,10171,international + large
3,OYAT,AXK,Ataq Airport,Ataq,YE,YE-SH,AS,medium_airport,1,9482,medium
3,OYGD,AAY,Al Ghaydah International Airport,Al Ghaydah,YE,YE-MR,AS,medium_airport,1,8858,international + medium
3,OYRN,RIY,Riyan International Airport,Mukalla(Riyan),YE,YE-HD,AS,large_airport,1,9843,international + large
3,OYSN,SAH,Sanaa International Airport,Sanaa,YE,YE-SA,AS,large_airport,1,10669,international + large
3,OYSQ,SCT,Socotra Airport,Mori,YE,YE-SU,AS,medium_airport,1,10827,medium
3,OYSY,GXF,Seiyun Hadhramaut International Airport,Seiyun,YE,YE-HD,AS,large_airport,1,9843,international + large
3,OYTZ,TAI,Taiz International Airport,Taiz,YE,YE-TA,AS,medium_airport,1,10040,international + medium
3,OYHD,,Hodeida International Airport,Hodeida,YE,YE-HU,AS,medium_airport,0,0,international + medium
3,LAKU,KFZ,Kukës International Airport,Kukës,AL,AL-07,EU,medium_airport,1,7211,international + medium
3,LAKV,,Kuçovë Air Base,Kuçovë,AL,AL-01,EU,medium_airport,1,9318,medium
3,LATI,TIA,Tirana International Airport Mother Teresa,Rinas,AL,AL-02,EU,large_airport,1,9843,international + large
3,LOXN,,Wiener Neustadt West Airport,Wiener Neustadt,AT,AT-3,EU,medium_airport,6,5314,2+ runways + medium
3,LOWG,GRZ,Graz Airport,Feldkirchen bei Graz,AT,AT-6,EU,large_airport,3,9842,2+ runways + large
3,LOWL,LNZ,Linz-Hörsching Airport,Linz,AT,AT-4,EU,large_airport,3,9843,2+ runways + large
3,LOWI,INN,Innsbruck Airport,Innsbruck,AT,AT-7,EU,large_airport,2,6562,2+ runways + large
3,LOWK,KLU,Klagenfurt Airport,Klagenfurt am Wörthersee,AT,AT-2,EU,large_airport,2,8924,2+ runways + large
3,LOWW,VIE,Vienna International Airport,Vienna,AT,AT-9,EU,large_airport,2,11811,2+ runways + international + large
3,LOXZ,,Hinterstoisser Air Base,Zeltweg,AT,AT-6,EU,medium_airport,2,9022,2+ runways + medium
3,LOAN,,Wiener Neustadt East Airport,Wiener Neustadt,AT,AT-3,EU,medium_airport,1,3500,medium
3,LOWS,SZG,Salzburg Airport,Salzburg,AT,AT-5,EU,large_airport,1,9022,large
3,LQBK,BNX,Banja Luka International Airport,Mahovljani,BA,BA-SRP,EU,large_airport,1,8202,international + large
3,LQMO,OMO,Mostar International Airport,Mostar,BA,BA-BIH,EU,large_airport,1,7874,international + large
3,LQSA,SJJ,Sarajevo International Airport,Sarajevo,BA,BA-BIH,EU,large_airport,1,8666,international + large
3,LQTZ,TZL,Tuzla International Airport,Dubrave Gornje,BA,BA-BIH,EU,large_airport,1,8152,international + large
3,EBBR,BRU,Brussels Airport,Zaventem,BE,BE-VBR,EU,large_airport,3,11936,2+ runways + large
3,EBBE,,Beauvechain Air Base,Beauvechain,BE,BE-WBR,EU,medium_airport,2,10085,2+ runways + medium
3,EBBL,,Kleine Brogel Air Base,Kleine Brogel,BE,BE-VLI,EU,medium_airport,2,10158,2+ runways + medium
3,EBFN,,Koksijde Air Base,Koksijde,BE,BE-VWV,EU,medium_airport,2,8786,2+ runways + medium
3,EBFS,,Florennes Air Base,Florennes,BE,BE-WNA,EU,medium_airport,2,11105,2+ runways + medium
3,EBLG,LGG,Liège Airport,Grâce-Hollogne,BE,BE-WLG,EU,medium_airport,2,12106,2+ runways + medium
3,EBAW,ANR,Antwerp International Airport (Deurne),Antwerp,BE,BE-VAN,EU,medium_airport,1,4954,international + medium
3,EBCI,CRL,Brussels South Charleroi Airport,Charleroi,BE,BE-WHT,EU,large_airport,1,10023,large
3,EBCV,,Chièvres Air Base,Chièvres,BE,BE-WHT,EU,medium_airport,1,8197,medium
3,EBKT,KJK,Kortrijk-Wevelgem International Airport,Wevelgem,BE,BE-VWV,EU,medium_airport,1,6234,international + medium
3,EBOS,OST,Ostend-Bruges International Airport,Oostende,BE,BE-VWV,EU,large_airport,1,10499,international + large
3,LBPL,,Dolna Mitropoliya Air Base,Dolna Mitropoliya,BG,BG-15,EU,medium_airport,2,7173,2+ runways + medium
3,LBBG,BOJ,Burgas Airport,Burgas,BG,BG-02,EU,large_airport,1,10499,large
3,LBGO,GOZ,Gorna Oryahovitsa Airport,Gorna Oryahovitsa,BG,BG-04,EU,medium_airport,1,8038,medium
3,LBPD,PDV,Plovdiv International Airport,Plovdiv,BG,BG-16,EU,large_airport,1,8202,international + large
3,LBPG,,Graf Ignatievo Air Base,Graf Ignatievo,BG,BG-16,EU,medium_airport,1,9815,medium
3,LBSF,SOF,Sofia Airport,Sofia,BG,BG-22,EU,large_airport,1,11811,large
3,LBWB,,Balchik Airfield,Balchik,BG,BG-08,EU,medium_airport,1,8095,medium
3,LBWN,VAR,Varna Airport,Varna,BG,BG-03,EU,large_airport,1,8258,large
3,LBIA,JAM,Bezmer Air Base,Bezmer,BG,BG-28,EU,medium_airport,0,0,medium
3,UMMG,GNA,Hrodna Airport,Hrodna,BY,BY-HR,EU,medium_airport,2,8399,2+ runways + medium
3,UMMS,MSQ,Minsk National Airport,Minsk,BY,BY-MI,EU,large_airport,2,12139,2+ runways + large
3,UMBB,BQT,Brest International Airport,Brest,BY,BY-BR,EU,large_airport,1,8596,international + large
3,UMGG,GME,Gomel Airport,Gomel,BY,BY-HO,EU,medium_airport,1,8428,medium
3,UMII,VTB,Vitebsk Vostochny Airport,Vitebsk,BY,BY-VI,EU,medium_airport,1,8550,medium
3,UMMA,,Baranavichi Air Base,Baranavichi,BY,BY-BR,EU,medium_airport,1,9836,medium
3,UMNB,,Babruisk Air Base,Babruisk,BY,BY-MA,EU,medium_airport,1,9836,medium
3,UMOO,MVQ,Mogilev Airport,Mogilev,BY,BY-MA,EU,medium_airport,1,8422,medium
3,UMIO,TXC,Orsha Airport - Balbasovo Air Base,Orsha,BY,BY-VI,EU,medium_airport,0,0,medium
3,UMMO,,Osovtsy Air Base,Byaroza,BY,BY-BR,EU,medium_airport,0,0,medium
3,LSZB,BRN,Bern Airport,Bern,CH,CH-BE,EU,medium_airport,5,5676,2+ runways + medium
3,LSZG,,Grenchen Airfield,Grenchen,CH,CH-SO,EU,medium_airport,4,3281,2+ runways + medium
3,LSZH,ZRH,Zürich Airport,Zurich,CH,CH-ZH,EU,large_airport,4,12139,2+ runways + large
3,LSGS,SIR,Sion Airport,Sion,CH,CH-VS,EU,medium_airport,2,6562,2+ runways + medium
3,LSMD,,Dübendorf Air Base,Zurich,CH,CH-ZH,EU,medium_airport,2,7726,2+ runways + medium
3,LSZR,ACH,Sankt Gallen Altenrhein Airport,St. Gallen,CH,CH-SG,EU,medium_airport,2,4774,2+ runways + medium
3,LSGC,,Les Eplatures Airport,La Chaux-de-Fonds,CH,CH-NE,EU,medium_airport,1,3707,medium
3,LSGG,GVA,Geneva International Airport,Geneva,CH,CH-GE,EU,large_airport,1,12795,international + large
3,LSMA,,Alpnach Air Base,Alpnach,CH,CH-OW,EU,medium_airport,1,4914,medium
3,LSME,EML,Emmen Air Base,Emmen,CH,CH-LU,EU,medium_airport,1,8208,medium
3,LSMP,VIP,Payerne Air Base,Payerne,CH,CH-FR,EU,medium_airport,1,9376,medium
3,LSZA,LUG,Lugano Airport,Agno,CH,CH-TI,EU,medium_airport,1,4642,medium
3,LSZS,SMV,Engadin Airport,Samedan,CH,CH-GR,EU,medium_airport,1,5905,medium
3,LKKU,UHE,Kunovice Airport,Uherské Hradiště,CZ,CZ-ZL,EU,medium_airport,3,6562,2+ runways + medium
3,LKCV,,Čáslav Air Base,Chotusice,CZ,CZ-ST,EU,medium_airport,2,7875,2+ runways + medium
3,LKPR,PRG,Václav Havel Airport Prague,Prague,CZ,CZ-PR,EU,large_airport,2,12189,2+ runways + large
3,LKTB,BRQ,Brno-Tuřany Airport,Brno,CZ,CZ-JM,EU,medium_airport,2,8694,2+ runways + medium
3,LKVO,VOD,Vodochody Airport,Vodochody,CZ,CZ-ST,EU,medium_airport,2,8203,2+ runways + medium
3,LKCS,JCL,České Budějovice South Bohemian Airport,České Budějovice,CZ,CZ-JC,EU,large_airport,1,8202,large
3,LKKB,,Prague–Kbely Air Base,Prague,CZ,CZ-PR,EU,medium_airport,1,6562,medium
3,LKKV,KLV,Karlovy Vary Airport,Karlovy Vary,CZ,CZ-KA,EU,large_airport,1,7054,large
3,LKLN,,Plzeň-Líně Airport,Plzen,CZ,CZ-PL,EU,medium_airport,1,4757,medium
3,LKMT,OSR,Leoš Janáček Airport Ostrava,Mošnov,CZ,CZ-MO,EU,large_airport,1,11484,large
3,LKNA,,Náměšť Air Base,Sedlec,CZ,CZ-VY,EU,medium_airport,1,7874,medium
3,LKPD,PED,Pardubice Airport,Pardubice,CZ,CZ-PA,EU,large_airport,1,8203,large
3,LKPO,PRV,Přerov Air Base,Přerov,CZ,CZ-OL,EU,medium_airport,1,8123,medium
3,EDGS,SGE,Siegerland Airport,Burbach,DE,DE-NW,EU,medium_airport,5,5315,2+ runways + medium
3,EDDF,FRA,Frankfurt Main Airport,Frankfurt am Main,DE,DE-HE,EU,large_airport,4,13123,2+ runways + large
3,EDAH,HDF,Heringsdorf Airport,Zirchow,DE,DE-MV,EU,medium_airport,3,7562,2+ runways + medium
3,EDDK,CGN,Cologne Bonn Airport,Köln (Cologne),DE,DE-NW,EU,large_airport,3,12516,2+ runways + large
3,EDDS,STR,Stuttgart Airport,Stuttgart,DE,DE-BW,EU,large_airport,3,10974,2+ runways + large
3,EDDV,HAJ,Hannover Airport,Hannover,DE,DE-NI,EU,large_airport,3,12434,2+ runways + large
3,EDFM,MHG,Mannheim-City Airport,Mannheim,DE,DE-BW,EU,medium_airport,3,3497,2+ runways + medium
3,ETHL,,Laupheim Air Base,Laupheim,DE,DE-BW,EU,medium_airport,3,5400,2+ runways + medium
3,ETHS,,Faßberg Air Base,Faßberg,DE,DE-NI,EU,medium_airport,3,8005,2+ runways + medium
3,ETNW,,Wunstorf Air Base,,DE,DE-NI,EU,medium_airport,3,8199,2+ runways + medium
3,EDBR,,Rothenburg/Görlitz Airfield,Rothenburg/Oberlausitz,DE,DE-SN,EU,medium_airport,2,6562,2+ runways + medium
3,EDDB,BER,Berlin Brandenburg Airport,Berlin,DE,DE-BR,EU,large_airport,2,13123,2+ runways + large
3,EDDH,HAM,Hamburg Helmut Schmidt Airport,Hamburg,DE,DE-HH,EU,large_airport,2,12028,2+ runways + large
3,EDDL,DUS,Düsseldorf Airport,Düsseldorf,DE,DE-NW,EU,large_airport,2,9842,2+ runways + large
3,EDDM,MUC,Munich Airport,Munich,DE,DE-BY,EU,large_airport,2,13123,2+ runways + large
3,EDDP,LEJ,Leipzig/Halle Airport,Schkeuditz,DE,DE-SN,EU,large_airport,2,11811,2+ runways + large
3,EDDW,BRE,Bremen Airport,Bremen,DE,DE-HB,EU,large_airport,2,8642,2+ runways + large
3,EDFE,,Frankfurt-Egelsbach Airport,Egelsbach,DE,DE-HE,EU,medium_airport,2,4593,2+ runways + medium
3,EDFZ,,Mainz-Finthen Airfield,Mainz,DE,DE-RP,EU,medium_airport,2,3281,2+ runways + medium
3,EDHK,KEL,Kiel-Holtenau Airport,Kiel,DE,DE-SH,EU,medium_airport,2,4134,2+ runways + medium
3,EDMA,AGB,Augsburg Airport,Augsburg,DE,DE-BY,EU,medium_airport,2,5230,2+ runways + medium
3,EDNY,FDH,Bodensee Airport Friedrichshafen,Friedrichshafen,DE,DE-BW,EU,large_airport,2,7729,2+ runways + large
3,EDTM,,Mengen-Hohentengen Airfield,Mengen,DE,DE-BW,EU,medium_airport,2,5138,2+ runways + medium
3,EDTY,,Adolf Würth Airport,Schwäbisch Hall,DE,DE-BW,EU,medium_airport,2,5053,2+ runways + medium
3,EDXW,GWT,Westerland Sylt Airport,Sylt,DE,DE-SH,EU,medium_airport,2,6955,2+ runways + medium
3,ETAR,RMS,Ramstein Air Base,Ramstein-Miesenbach,DE,DE-RP,EU,medium_airport,2,10498,2+ runways + medium
3,ETNS,WBG,Schleswig Air Base,Jagel,DE,DE-SH,EU,medium_airport,2,8003,2+ runways + medium
3,ETSI,IGS,Ingolstadt Manching Airport,Manching,DE,DE-BY,EU,medium_airport,2,9646,2+ runways + medium
3,EDAC,AOC,Leipzig–Altenburg Airport,Nobitz,DE,DE-TH,EU,medium_airport,1,7988,medium
3,EDBN,FNB,Neubrandenburg Trollenhagen Airport,Trollenhagen,DE,DE-MV,EU,medium_airport,1,7522,medium
3,EDDC,DRS,Dresden Airport,Dresden,DE,DE-SN,EU,large_airport,1,9350,large
3,EDDE,ERF,Erfurt-Weimar Airport,Erfurt,DE,DE-TH,EU,large_airport,1,8530,large
3,EDDG,FMO,Münster Osnabrück Airport,Greven,DE,DE-NW,EU,large_airport,1,7119,large
3,EDDN,NUE,Nuremberg Airport,Nuremberg,DE,DE-BY,EU,large_airport,1,8858,large
3,EDDR,SCN,Saarbrücken Airport,Saarbrücken,DE,DE-SL,EU,medium_airport,1,6562,medium
3,EDFH,HHN,Frankfurt-Hahn Airport,Frankfurt am Main (Lautzenhausen),DE,DE-RP,EU,large_airport,1,12467,large
3,EDGE,EIB,Eisenach-Kindel Airport,Hörselberg-Hainich,DE,DE-TH,EU,medium_airport,1,5643,medium
3,EDHI,XFW,Hamburg-Finkenwerder Airport,Hamburg,DE,DE-HH,EU,medium_airport,1,8629,medium
3,EDHL,LBC,Lübeck Blankensee Airport,Lübeck,DE,DE-SH,EU,medium_airport,1,6896,medium
3,EDJA,FMM,Memmingen Allgau Airport,Memmingen,DE,DE-BY,EU,large_airport,1,8629,large
3,EDLI,BFE,Bielefeld Airport,Bielefeld,DE,DE-NW,EU,medium_airport,1,4121,medium
3,EDLN,MGL,Mönchengladbach Airport,Mönchengladbach,DE,DE-NW,EU,medium_airport,1,3937,medium
3,EDLP,PAD,Paderborn Lippstadt Airport,Büren,DE,DE-NW,EU,large_airport,1,7152,large
3,EDLV,NRN,Weeze (Niederrhein) Airport,Weeze,DE,DE-NW,EU,large_airport,1,8005,large
3,EDLW,DTM,Dortmund Airport,Dortmund,DE,DE-NW,EU,large_airport,1,6562,large
3,EDML,,Landshut Airfield,Landshut,DE,DE-BY,EU,medium_airport,1,2953,medium
3,EDMO,OBF,Oberpfaffenhofen Airport,Weßling,DE,DE-BY,EU,medium_airport,1,7500,medium
3,EDQA,,Bamberg-Breitenau Airfield,Bamberg,DE,DE-BY,EU,medium_airport,1,3622,medium
3,EDQD,BYU,Bayreuth Airport,Bindlach,DE,DE-BY,EU,medium_airport,1,3392,medium
3,EDQM,HOQ,Hof-Plauen Airport,Hof,DE,DE-BY,EU,medium_airport,1,4856,medium
3,EDSB,FKB,Karlsruhe Baden-Baden Airport,Rheinmünster,DE,DE-BW,EU,large_airport,1,9787,large
3,EDTD,,Donaueschingen-Villingen Airfield,Donaueschingen,DE,DE-BW,EU,medium_airport,1,4232,medium
3,EDTL,LHA,Lahr Airport,Lahr/Schwarzwald,DE,DE-BW,EU,medium_airport,1,9842,medium
3,EDVE,BWE,Braunschweig-Wolfsburg Airport,Braunschweig,DE,DE-NI,EU,medium_airport,1,7546,medium
3,EDVK,KSF,Kassel Airport,Calden,DE,DE-HE,EU,large_airport,1,8202,large
3,ETAD,SPM,Spangdahlem Air Base,Trier,DE,DE-RP,EU,medium_airport,1,10007,medium
3,ETHB,,Bückeburg Air Base,Bückeburg,DE,DE-NI,EU,medium_airport,1,6010,medium
3,ETHC,,Celle Army Airfield,Celle,DE,DE-NI,EU,medium_airport,1,6007,medium
3,ETHF,FRZ,Fritzlar Army Airfield,Fritzlar,DE,DE-HE,EU,medium_airport,1,3413,medium
3,ETHN,,Niederstetten Army Air Base,Niederstetten,DE,DE-BW,EU,medium_airport,1,3320,medium
3,ETIC,,Grafenwöhr Army Air Field,Grafenwöhr,DE,DE-BY,EU,medium_airport,1,3300,medium
3,ETIH,,Hohenfels Army Airfield,Hohenfels,DE,DE-BY,EU,medium_airport,1,2187,medium
3,ETMN,FCN,Sea-Airport Cuxhaven/Nordholz / Nordholz Naval Airbase,Wurster Nordseeküste,DE,DE-NI,EU,medium_airport,1,8002,medium
3,ETND,,Diepholz Air Base,Diepholz,DE,DE-NI,EU,medium_airport,1,4209,medium
3,ETNG,GKE,Geilenkirchen Air Base,Geilenkirchen,DE,DE-NW,EU,medium_airport,1,10009,medium
3,ETNH,,Hohn Air Base,Hohn,DE,DE-SH,EU,medium_airport,1,8005,medium
3,ETNL,RLG,Rostock-Laage Airport,Laage,DE,DE-MV,EU,medium_airport,1,8202,medium
3,ETNN,,Nörvenich Air Base,Nörvenich,DE,DE-NW,EU,medium_airport,1,8003,medium
3,ETNT,,Wittmundhafen Air Base,Wittmund,DE,DE-NI,EU,medium_airport,1,8005,medium
3,ETOU,WIE,Wiesbaden Army Airfield,Wiesbaden,DE,DE-HE,EU,medium_airport,1,7065,medium
3,ETSB,,Büchel Air Base,Alflen,DE,DE-RP,EU,medium_airport,1,8225,medium
3,ETSH,,Holzdorf Air Base,Holzdorf,DE,DE-BR,EU,medium_airport,1,7936,medium
3,ETSL,,Lechfeld Air Base,Graben,DE,DE-BY,EU,medium_airport,1,8012,medium
3,ETSN,,Neuburg Air Base,Neuburg an der Donau,DE,DE-BY,EU,medium_airport,1,8005,medium
3,EDUZ,,Zerbst Airfield,Straguth,DE,DE-ST,EU,medium_airport,0,0,medium
3,EKKA,KRP,Midtjyllands Airport / Air Base Karup,Karup,DK,DK-82,EU,medium_airport,5,9816,2+ runways + medium
3,EKCH,CPH,Copenhagen Kastrup Airport,Copenhagen,DK,DK-84,EU,large_airport,3,11811,2+ runways + large
3,EKAH,AAR,Aarhus Airport,Aarhus,DK,DK-82,EU,large_airport,2,9111,2+ runways + large
3,EKOD,ODE,Odense Hans Christian Andersen Airport,Odense,DK,DK-83,EU,large_airport,2,6053,2+ runways + large
3,EKRK,RKE,Copenhagen Roskilde Airport,Roskilde,DK,DK-85,EU,medium_airport,2,5709,2+ runways + medium
3,EKSP,SKS,Skrydstrup Air Base,Vojens,DK,DK-83,EU,medium_airport,2,9863,2+ runways + medium
3,EKVD,,Kolding Vamdrup Airfield,Kolding / Vamdrup,DK,DK-83,EU,medium_airport,2,3301,2+ runways + medium
3,EKYT,AAL,Aalborg Airport,Aalborg,DK,DK-81,EU,large_airport,2,8707,2+ runways + large
3,EKBI,BLL,Billund Airport,Billund,DK,DK-83,EU,large_airport,1,10172,large
3,EKEB,EBJ,Esbjerg Airport,Esbjerg,DK,DK-83,EU,medium_airport,1,8527,medium
3,EKMB,MRW,Lolland Falster Maribo Airport,Rødby,DK,DK-85,EU,medium_airport,1,3937,medium
3,EKRN,RNN,Bornholm Airport,Rønne,DK,DK-84,EU,medium_airport,1,6568,medium
3,EKSB,SGD,Sønderborg Airport,Sønderborg,DK,DK-83,EU,medium_airport,1,5895,medium
3,EKSN,CNL,Sindal Airport,Sindal,DK,DK-81,EU,medium_airport,1,3934,medium
3,EKSV,SQW,Skive Airport,Skive,DK,DK-82,EU,medium_airport,1,3933,medium
3,EKTS,TED,Thisted Airport,Thisted,DK,DK-81,EU,medium_airport,1,5249,medium
3,EKVJ,STA,Stauning Vestjylland  Airport,Skjern,DK,DK-82,EU,medium_airport,1,4757,medium
3,EEKE,URE,Kuressaare Airport,Kuressaare,EE,EE-74,EU,medium_airport,2,6561,2+ runways + medium
3,EEEI,,Ämari Air Base,Keila,EE,EE-37,EU,medium_airport,1,6562,medium
3,EEKA,KDL,Kärdla Airport,Kärdla,EE,EE-39,EU,medium_airport,1,4987,medium
3,EEPU,EPU,Pärnu Airport,Pärnu,EE,EE-67,EU,medium_airport,1,6463,medium
3,EETN,TLL,Lennart Meri Tallinn Airport,Tallinn,EE,EE-37,EU,large_airport,1,11417,large
3,EETU,TAY,Tartu Airport,Tartu,EE,EE-7B,EU,medium_airport,1,5905,medium
3,LEMD,MAD,Adolfo Suárez Madrid–Barajas Airport,Madrid,ES,ES-MD,EU,large_airport,4,14271,2+ runways + large
3,LEBL,BCN,Josep Tarradellas Barcelona-El Prat Airport,Barcelona,ES,ES-CT,EU,large_airport,3,11000,2+ runways + large
3,LECU,,Madrid-Cuatro Vientos Airport,Madrid,ES,ES-MD,EU,medium_airport,3,4921,2+ runways + medium
3,LEBB,BIO,Bilbao Airport,Bilbao,ES,ES-PV,EU,large_airport,2,8530,2+ runways + large
3,LEGT,,Getafe Air Base,Getafe,ES,ES-MD,EU,medium_airport,2,8136,2+ runways + medium
3,LELC,,San Javier Airport,San Javier,ES,ES-MC,EU,medium_airport,2,7612,2+ runways + medium
3,LEMG,AGP,Málaga-Costa del Sol Airport,Málaga,ES,ES-AN,EU,large_airport,2,10500,2+ runways + large
3,LEPA,PMI,Palma de Mallorca Airport,Palma de Mallorca,ES,ES-IB,EU,large_airport,2,10728,2+ runways + large
3,LEPP,PNA,Pamplona Airport,Pamplona,ES,ES-NC,EU,medium_airport,2,7241,2+ runways + medium
3,LESA,SLM,Salamanca Airport,Salamanca,ES,ES-CL,EU,medium_airport,2,8245,2+ runways + medium
3,LEVD,VLL,Valladolid Airport,Valladolid,ES,ES-CL,EU,medium_airport,2,9843,2+ runways + medium
3,LEZG,ZAZ,Zaragoza Airport,Zaragoza,ES,ES-AR,EU,large_airport,2,12198,2+ runways + large
3,LEAB,ABC,Albacete Airport / Los Llanos Air Base,Albacete,ES,ES-CM,EU,medium_airport,1,8858,medium
3,LEAL,ALC,Alicante-Elche Miguel Hernández Airport,Alicante,ES,ES-VC,EU,large_airport,1,9842,large
3,LEAM,LEI,Almería Airport,Almería,ES,ES-AN,EU,medium_airport,1,10499,medium
3,LEAS,OVD,Asturias Airport,Ranón,ES,ES-AS,EU,large_airport,1,7218,large
3,LEBA,ODB,Córdoba Airport,Córdoba,ES,ES-AN,EU,medium_airport,1,7352,medium
3,LEBG,RGS,Burgos Airport,Burgos,ES,ES-CL,EU,medium_airport,1,6890,medium
3,LEBZ,BJZ,Badajoz Airport,Badajoz,ES,ES-EX,EU,medium_airport,1,9350,medium
3,LECH,CDT,Castellón-Costa Azahar Airport,Castellón de la Plana,ES,ES-VC,EU,medium_airport,1,8858,medium
3,LECO,LCG,A Coruña Airport,Culleredo,ES,ES-GA,EU,medium_airport,1,7178,medium
3,LEDA,ILD,Lleida-Alguaire Airport,Lleida,ES,ES-CT,EU,medium_airport,1,8202,medium
3,LEGA,,Armilla Air Base,Armilla,ES,ES-AN,EU,medium_airport,1,4265,medium
3,LEGE,GRO,Girona-Costa Brava Airport,Girona,ES,ES-CT,EU,large_airport,1,7874,large
3,LEGR,GRX,F.G.L. Airport Granada-Jaén Airport,Granada,ES,ES-AN,EU,medium_airport,1,9514,medium
3,LEIB,IBZ,Ibiza Airport,Ibiza (Eivissa),ES,ES-IB,EU,large_airport,1,9186,large
3,LEJR,XRY,Jerez Airport,Jerez de la Frontera,ES,ES-AN,EU,medium_airport,1,7546,medium
3,LELN,LEN,León Airport,La Virgen del Camino,ES,ES-CL,EU,medium_airport,1,9843,medium
3,LEMH,MAH,Menorca Airport,Mahón (Maó),ES,ES-IB,EU,large_airport,1,8366,large
3,LEMI,RMU,Region of Murcia International Airport,Corvera,ES,ES-MC,EU,large_airport,1,9842,international + large
3,LEMO,OZP,Moron Air Base,Morón,ES,ES-AN,EU,medium_airport,1,11801,medium
3,LERI,,Alcantarilla Air Base,Alcantarilla,ES,ES-MC,EU,medium_airport,1,3077,medium
3,LERL,CQM,Ciudad Real International Airport,Ciudad Real,ES,ES-CM,EU,medium_airport,1,13450,international + medium
3,LERS,REU,Reus Airport,Reus,ES,ES-CT,EU,large_airport,1,8054,large
3,LERT,ROZ,Rota Naval Station Airport,Rota,ES,ES-AN,EU,medium_airport,1,12106,medium
3,LESO,EAS,San Sebastián Airport,Hondarribia,ES,ES-PV,EU,medium_airport,1,5755,medium
3,LEST,SCQ,Santiago-Rosalía de Castro Airport,Santiago de Compostela,ES,ES-GA,EU,large_airport,1,10499,large
3,LESU,LEU,Pirineus - la Seu d'Urgel Airport,La Seu d'Urgell Pyrenees and Andorra,ES,ES-CT,EU,medium_airport,1,4157,medium
3,LETL,TEV,Teruel Airport,Teruel,ES,ES-AR,EU,medium_airport,1,9268,medium
3,LETO,TOJ,Madrid–Torrejón Airport / Torrejón Air Base,Madrid,ES,ES-MD,EU,medium_airport,1,15807,medium
3,LEVC,VLC,Valencia Airport,Valencia,ES,ES-VC,EU,large_airport,1,8858,large
3,LEVT,VIT,Vitoria Airport,Alava,ES,ES-PV,EU,medium_airport,1,11483,medium
3,LEVX,VGO,Vigo Airport,Vigo,ES,ES-GA,EU,medium_airport,1,7874,medium
3,LEXJ,SDR,Seve Ballesteros-Santander Airport,Santander,ES,ES-CB,EU,medium_airport,1,7612,medium
3,LEZL,SVQ,Seville Airport,Seville,ES,ES-AN,EU,large_airport,1,11030,large
3,LERJ,RJL,Logroño-Agoncillo Airport,Logroño,ES,ES-RI,EU,medium_airport,0,0,medium
3,EFHK,HEL,Helsinki Vantaa Airport,Helsinki (Vantaa),FI,FI-18,EU,large_airport,3,11483,2+ runways + large
3,EFIV,IVL,Ivalo Airport,Ivalo,FI,FI-10,EU,large_airport,2,8199,2+ runways + large
3,EFJO,JOE,Joensuu Airport,Joensuu,FI,FI-13,EU,medium_airport,2,8202,2+ runways + medium
3,EFKK,KOK,Kokkola-Pietarsaari Airport,Kokkola / Kruunupyy,FI,FI-07,EU,medium_airport,2,8202,2+ runways + medium
3,EFPO,POR,Pori Airport,Pori,FI,FI-17,EU,medium_airport,2,7713,2+ runways + medium
3,EFET,ENF,Enontekio Airport,Enontekio,FI,FI-10,EU,medium_airport,1,6565,medium
3,EFHA,KEV,Halli Airport,Jämsä,FI,FI-08,EU,medium_airport,1,8533,medium
3,EFIT,KTQ,Kitee Airport,Kitee,FI,FI-13,EU,medium_airport,1,4921,medium
3,EFJY,JYV,Jyväskylä Airport,Jyväskylän Maalaiskunta,FI,FI-08,EU,medium_airport,1,8533,medium
3,EFKA,KAU,Kauhava Airfield,Kauhava,FI,FI-03,EU,medium_airport,1,8858,medium
3,EFKE,KEM,Kemi-Tornio Airport,Kemi / Tornio,FI,FI-10,EU,medium_airport,1,8212,medium
3,EFKI,KAJ,Kajaani Airport,Kajaani,FI,FI-05,EU,medium_airport,1,8199,medium
3,EFKJ,KHJ,Kauhajoki Airfield,Kauhajoki,FI,FI-03,EU,medium_airport,1,3806,medium
3,EFKS,KAO,Kuusamo Airport,Kuusamo,FI,FI-14,EU,medium_airport,1,8202,medium
3,EFKT,KTT,Kittilä International Airport,Kittilä,FI,FI-10,EU,large_airport,1,8202,international + large
3,EFKU,KUO,Kuopio Airport,Kuopio / Siilinjärvi,FI,FI-15,EU,large_airport,1,9186,large
3,EFLP,LPP,Lappeenranta Airport,Lappeenranta,FI,FI-02,EU,large_airport,1,8202,large
3,EFMA,MHQ,Mariehamn Airport,Mariehamn,FI,FI-01,EU,medium_airport,1,6243,medium
3,EFMI,MIK,Mikkeli Airport,Mikkeli,FI,FI-04,EU,medium_airport,1,5584,medium
3,EFOU,OUL,Oulu Airport,Oulu / Oulunsalo,FI,FI-14,EU,large_airport,1,8205,large
3,EFPR,,Helsinki East-Redstone Aerodrome,Helsinki (Pyhtää),FI,FI-09,EU,medium_airport,1,3280,medium
3,EFRO,RVN,Rovaniemi Airport,Rovaniemi,FI,FI-10,EU,large_airport,1,9849,large
3,EFSA,SVL,Savonlinna Airport,Savonlinna,FI,FI-04,EU,medium_airport,1,7546,medium
3,EFSI,SJY,Seinäjoki Airport,Seinäjoki / Ilmajoki,FI,FI-03,EU,medium_airport,1,6562,medium
3,EFSO,SOT,Sodankyla Airport,Sodankyla,FI,FI-10,EU,medium_airport,1,4921,medium
3,EFTP,TMP,Tampere-Pirkkala Airport,Tampere / Pirkkala,FI,FI-11,EU,large_airport,1,8858,large
3,EFTU,TKU,Turku Airport,Turku,FI,FI-19,EU,large_airport,1,8202,large
3,EFUT,UTI,Utti Air Base,Utti / Valkeala,FI,FI-09,EU,medium_airport,1,6562,medium
3,EFVA,VAA,Vaasa Airport,Vaasa,FI,FI-12,EU,large_airport,1,8727,large
3,EFVR,VRK,Varkaus Airport,Varkaus / Joroinen,FI,FI-04,EU,medium_airport,1,6562,medium
3,EFYL,YLI,Ylivieska Airfield,Ylivieska,FI,FI-14,EU,medium_airport,1,4921,medium
3,EKVG,FAE,Vágar Airport,Vágar,FO,FO-U-A,EU,large_airport,1,5905,large
3,LFPG,CDG,Charles de Gaulle International Airport,"Paris (Roissy-en-France, Val-d'Oise)",FR,FR-IDF,EU,large_airport,5,13829,2+ runways + international + large
3,LFMY,,Salon-de-Provence (BA 701) Air Base,Salon,FR,FR-PAC,EU,medium_airport,4,6565,2+ runways + medium
3,LFAV,,Valenciennes-Denain Airfield,Prouvy,FR,FR-HDF,EU,medium_airport,3,5604,2+ runways + medium
3,LFJR,ANE,Angers Marcé airport,Angers,FR,FR-PDL,EU,medium_airport,3,5906,2+ runways + medium
3,LFLC,CFE,Clermont-Ferrand Auvergne airport,Clermont-Ferrand,FR,FR-ARA,EU,large_airport,3,9885,2+ runways + large
3,LFLU,VAF,Valence-Chabeuil Airport,"Chabeuil, Drôme",FR,FR-ARA,EU,medium_airport,3,6890,2+ runways + medium
3,LFMD,CEQ,Cannes Mandelieu Airport,Cannes,FR,FR-PAC,EU,medium_airport,3,5052,2+ runways + medium
3,LFOB,BVA,Beauvais-Tillé airport,Beauvais,FR,FR-HDF,EU,large_airport,3,7972,2+ runways + large
3,LFOI,,Abbeville-Buigny Baie de Somme Airfield,Buigny-Saint-Maclou,FR,FR-HDF,EU,medium_airport,3,4101,2+ runways + medium
3,LFPB,LBG,Paris-Le Bourget International Airport,Paris,FR,FR-IDF,EU,large_airport,3,9843,2+ runways + international + large
3,LFPO,ORY,Paris-Orly Airport,"Paris (Orly, Val-de-Marne)",FR,FR-IDF,EU,large_airport,3,11975,2+ runways + large
3,LFQB,,Troyes-Barberey Airport,"Barberey-Saint-Sulpice, Aube",FR,FR-GES,EU,medium_airport,3,5413,2+ runways + medium
3,LFRL,,Lanvéoc-Poulmic Air Base,Lanvéoc/Poulmic,FR,FR-BRE,EU,medium_airport,3,3635,2+ runways + medium
3,LFRU,MXN,Morlaix-Ploujean Airport,Morlaix/Ploujean,FR,FR-BRE,EU,medium_airport,3,5305,2+ runways + medium
3,LFAC,CQF,Calais Marck Airport,Calais,FR,FR-HDF,EU,medium_airport,2,5036,2+ runways + medium
3,LFBD,BOD,Bordeaux–Mérignac Airport,Bordeaux,FR,FR-NAQ,EU,large_airport,2,10171,2+ runways + large
3,LFBG,CNG,Cognac-Châteaubernard (BA 709) Air Base,Cognac/Châteaubernard,FR,FR-NAQ,EU,medium_airport,2,7949,2+ runways + medium
3,LFBO,TLS,Toulouse-Blagnac Airport,Toulouse/Blagnac,FR,FR-OCC,EU,large_airport,2,11483,2+ runways + large
3,LFCH,,Aérodrome d'Arcachon-La Teste-de-Buch,Arcachon/La Teste-de-Buch,FR,FR-NAQ,EU,medium_airport,2,4416,2+ runways + medium
3,LFDH,,Auch Gers Airfield,Auch,FR,FR-OCC,EU,medium_airport,2,6233,2+ runways + medium
3,LFLL,LYS,Lyon Saint-Exupéry Airport,"Colombier-Saugnieu, Rhône",FR,FR-ARA,EU,large_airport,2,13124,2+ runways + large
3,LFLN,SYT,Saint-Yan Airport,"L'Hôpital-le-Mercier, Saône-et-Loire",FR,FR-BFC,EU,medium_airport,2,6660,2+ runways + medium
3,LFLP,NCY,Annecy Meythet airport,Annecy,FR,FR-ARA,EU,medium_airport,2,5348,2+ runways + medium
3,LFMC,,Le Luc-Le Cannet Airfield,"Le Cannet-des-Maures, Var",FR,FR-PAC,EU,medium_airport,2,4593,2+ runways + medium
3,LFML,MRS,Marseille Provence Airport,"Marignane, Bouches-du-Rhône",FR,FR-PAC,EU,large_airport,2,11483,2+ runways + large
3,LFMN,NCE,Nice-Côte d'Azur Airport,"Nice, Alpes-Maritimes",FR,FR-PAC,EU,large_airport,2,9721,2+ runways + large
3,LFMO,,Orange-Caritat (BA 115) Air Base,"Orange, Vaucluse",FR,FR-PAC,EU,medium_airport,2,7909,2+ runways + medium
3,LFMP,PGF,Perpignan-Rivesaltes (Llabanère) Airport,Perpignan/Rivesaltes,FR,FR-OCC,EU,medium_airport,2,8202,2+ runways + medium
3,LFMT,MPL,Montpellier-Méditerranée Airport,Montpellier/Méditerranée,FR,FR-OCC,EU,large_airport,2,8530,2+ runways + large
3,LFOP,URO,Rouen Vallée de Seine Airport,Boos,FR,FR-NOR,EU,medium_airport,2,5577,2+ runways + medium
3,LFPM,,Melun-Villaroche Airfield,"Moissy-Cramayel, Seine-et-Marne",FR,FR-IDF,EU,medium_airport,2,6480,2+ runways + medium
3,LFPN,TNF,Toussus-le-Noble Airport,"Toussus-le-Noble, Yvelines",FR,FR-IDF,EU,medium_airport,2,3609,2+ runways + medium
3,LFPT,POX,Pontoise-Cormeilles Aerodrome,"Cormeilles-en-Vexin, Val-d'Oise",FR,FR-IDF,EU,medium_airport,2,5541,2+ runways + medium
3,LFQE,,Lieutenant Étienne Mantoux Air Base,Rouvres-en-Woëvre,FR,FR-GES,EU,medium_airport,2,7874,2+ runways + medium
3,LFQQ,LIL,Lille Airport,Lesquin,FR,FR-HDF,EU,large_airport,2,9268,2+ runways + large
3,LFRB,BES,Brest Bretagne airport,Brest,FR,FR-BRE,EU,large_airport,2,10171,2+ runways + large
3,LFRD,DNR,Dinard Pleurtuit Saint-Malo airport,Dinard,FR,FR-BRE,EU,medium_airport,2,7218,2+ runways + medium
3,LFRH,LRT,Lorient South Brittany (Bretagne Sud) Airport,Lorient/Lann/Bihoué,FR,FR-BRE,EU,medium_airport,2,7884,2+ runways + medium
3,LFRK,CFR,Caen Carpiquet airport,Caen,FR,FR-NOR,EU,medium_airport,2,6233,2+ runways + medium
3,LFRM,LME,Le Mans-Arnage Airport,"Le Mans, Sarthe",FR,FR-PDL,EU,medium_airport,2,4658,2+ runways + medium
3,LFRN,RNS,Rennes-Saint-Jacques Airport,"Saint-Jacques-de-la-Lande, Ille-et-Vilaine",FR,FR-BRE,EU,medium_airport,2,6890,2+ runways + medium
3,LFRV,VNE,Vannes-Meucon Airport,Vannes/Meucon,FR,FR-BRE,EU,medium_airport,2,5020,2+ runways + medium
3,LFSB,BSL,EuroAirport Basel–Mulhouse–Freiburg,Bâle / Mulhouse,FR,FR-GES,EU,large_airport,2,12795,2+ runways + large
3,LFSD,DIJ,Dijon Longvic airport,Dijon,FR,FR-BFC,EU,medium_airport,2,7874,2+ runways + medium
3,LFSX,,Luxeuil-Saint-Sauveur (BA 116) Air Base,Saint-Sauveur,FR,FR-BFC,EU,medium_airport,2,7982,2+ runways + medium
3,LFTH,TLN,Toulon-Hyères Airport,"Hyères, Var",FR,FR-PAC,EU,medium_airport,2,6955,2+ runways + medium
3,LFXA,,Ambérieu Air Base (BA 278),Ambérieu,FR,FR-ARA,EU,medium_airport,2,6562,2+ runways + medium
3,LFAG,,Péronne Saint-Quentin Airfield,"Monchy-Lagache, Somme",FR,FR-HDF,EU,medium_airport,1,4560,medium
3,LFAT,LTQ,Le Touquet-Côte d'Opale Airport,Le Touquet-Paris-Plage,FR,FR-HDF,EU,medium_airport,1,6070,medium
3,LFAY,,Amiens Glisy Airfield,Amiens,FR,FR-HDF,EU,medium_airport,1,4265,medium
3,LFBA,AGF,Agen La Garenne airport,Agen,FR,FR-NAQ,EU,medium_airport,1,7103,medium
3,LFBC,,Cazaux (BA 120) Air Base,Cazaux (La Teste-de-Buch),FR,FR-NAQ,EU,medium_airport,1,7900,medium
3,LFBE,EGC,Bergerac Dordogne-Périgord airport,Bergerac,FR,FR-NAQ,EU,medium_airport,1,7234,medium
3,LFBF,,Toulouse-Francazal (BA 101) Air Base,"Toulouse/Francazal, Haute-Garonne",FR,FR-OCC,EU,medium_airport,1,5906,medium
3,LFBH,LRH,La Rochelle Île de Ré Airport,La Rochelle,FR,FR-NAQ,EU,medium_airport,1,7398,medium
3,LFBI,PIS,Poitiers-Biard Airport,Poitiers/Biard,FR,FR-NAQ,EU,medium_airport,1,7710,medium
3,LFBK,MCU,Montluçon-Guéret Airport,"Lépaud, Creuse",FR,FR-NAQ,EU,medium_airport,1,6234,medium
3,LFBL,LIG,Limoges Airport,Limoges/Bellegarde,FR,FR-NAQ,EU,medium_airport,1,8202,medium
3,LFBM,,Mont-de-Marsan (BA 118) Air Base,Mont-de-Marsan,FR,FR-NAQ,EU,medium_airport,1,11821,medium
3,LFBN,NIT,Niort - Marais Poitevin Airport,Niort/Souché,FR,FR-NAQ,EU,medium_airport,1,5774,medium
3,LFBP,PUF,Pau Pyrénées Airport,Pau/Pyrénées (Uzein),FR,FR-NAQ,EU,medium_airport,1,8202,medium
3,LFBT,LDE,Tarbes-Lourdes-Pyrénées Airport,Tarbes/Lourdes/Pyrénées,FR,FR-OCC,EU,medium_airport,1,9843,medium
3,LFBU,ANG,Angoulême Brie-Champniers airport,Angoulême,FR,FR-NAQ,EU,medium_airport,1,5938,medium
3,LFBX,PGX,Périgueux-Bassillac Airport,Périgueux/Bassillac,FR,FR-NAQ,EU,medium_airport,1,5741,medium
3,LFBZ,BIQ,Biarritz Pays Basque airport,Biarritz,FR,FR-NAQ,EU,medium_airport,1,7382,medium
3,LFCC,ZAO,Cahors Lalbenque airport,Cahors,FR,FR-OCC,EU,medium_airport,1,4921,medium
3,LFCG,,Aérodrome de Saint-Girons - Antichan,Saint-Girons/Antichan,FR,FR-OCC,EU,medium_airport,1,3609,medium
3,LFCI,LBI,Albi Le Sequestre airport,Albi,FR,FR-OCC,EU,medium_airport,1,5118,medium
3,LFCK,DCM,Castres Mazamet Airport,Castres,FR,FR-OCC,EU,medium_airport,1,5988,medium
3,LFCR,RDZ,Rodez–Aveyron Airport,Rodez/Marcillac,FR,FR-OCC,EU,medium_airport,1,6693,medium
3,LFCY,RYN,Royan-Médis Airport,Royan/Médis,FR,FR-NAQ,EU,medium_airport,1,4117,medium
3,LFDN,RCO,Rochefort-Saint-Agnant (BA 721) Airport,Rochefort/Saint-Agnant,FR,FR-NAQ,EU,medium_airport,1,7480,medium
3,LFGA,CMR,Colmar Houssen airport,Colmar,FR,FR-GES,EU,medium_airport,1,5282,medium
3,LFGJ,DLE,Dole Tavaux Airport,Dole,FR,FR-BFC,EU,medium_airport,1,7318,medium
3,LFGW,,Verdun-Le Rozelier Airfield,"Sommedieue, Meuse",FR,FR-GES,EU,medium_airport,1,3675,medium
3,LFHO,OBS,Aubenas-South Ardèche Airport,"Lanas, Ardèche",FR,FR-ARA,EU,medium_airport,1,4675,medium
3,LFJL,ETZ,Metz-Nancy-Lorraine Airport,Goin,FR,FR-GES,EU,medium_airport,1,8202,medium
3,LFKB,BIA,Bastia-Poretta International airport,Bastia,FR,FR-COR,EU,large_airport,1,8266,international + large
3,LFKC,CLY,Calvi Sainte Catherine Airport,Calvi,FR,FR-COR,EU,medium_airport,1,7579,medium
3,LFKF,FSC,Figari Sud-Corse Airport,Figari,FR,FR-COR,EU,large_airport,1,8136,large
3,LFKJ,AJA,Ajaccio Napoléon Bonaparte airport,Ajaccio,FR,FR-COR,EU,medium_airport,1,7897,medium
3,LFKS,SOZ,Solenzara (BA 126) Air Base,Solenzara,FR,FR-COR,EU,medium_airport,1,8619,medium
3,LFLA,AUF,Auxerre Branches airport,Auxerre,FR,FR-BFC,EU,medium_airport,1,5413,medium
3,LFLB,CMF,Chambéry Aix les Bains airport,Chambéry,FR,FR-ARA,EU,medium_airport,1,6628,medium
3,LFLD,BOU,Bourges airport,Bourges,FR,FR-CVL,EU,medium_airport,1,5085,medium
3,LFLI,,Annemasse Airfield,Annemasse,FR,FR-ARA,EU,medium_airport,1,4265,medium
3,LFLM,,Mâcon-Charnay Airfield,"Charnay-lès-Mâcon, Saône-et-Loire",FR,FR-BFC,EU,medium_airport,1,4036,medium
3,LFLO,RNE,Roanne-Renaison Airport,Saint-Léger-sur-Roanne,FR,FR-ARA,EU,medium_airport,1,4839,medium
3,LFLS,GNB,Grenoble Alpes Isère Airport,Grenoble,FR,FR-ARA,EU,medium_airport,1,10007,medium
3,LFLV,VHY,Vichy-Charmeil Airport,"Charmeil, Allier",FR,FR-ARA,EU,medium_airport,1,7218,medium
3,LFLW,AUR,Aurillac airport,Aurillac,FR,FR-ARA,EU,medium_airport,1,5577,medium
3,LFLX,CHR,Châteauroux Déols airport,Châteauroux,FR,FR-CVL,EU,medium_airport,1,11483,medium
3,LFLY,LYN,Lyon Bron Airport,"Chassieu, Lyon",FR,FR-ARA,EU,medium_airport,1,5971,medium
3,LFMH,EBU,Saint-Étienne-Bouthéon Airport,"Andrézieux-Bouthéon, Loire",FR,FR-ARA,EU,medium_airport,1,7546,medium
3,LFMI,,Istres-Le Tubé Air Base,"Istres, Bouches-du-Rhône",FR,FR-PAC,EU,medium_airport,1,12303,medium
3,LFMK,CCF,Carcassonne Salvaza Airport,Carcassonne,FR,FR-OCC,EU,medium_airport,1,6726,medium
3,LFMQ,CTT,Le Castellet Airport,"Le Castellet, Var",FR,FR-PAC,EU,medium_airport,1,5069,medium
3,LFMS,,Aérodrome d'Alès Cévennes,Alès/Deaux,FR,FR-OCC,EU,medium_airport,1,4576,medium
3,LFMU,BZR,Béziers Vias airport,Béziers,FR,FR-OCC,EU,medium_airport,1,5971,medium
3,LFMV,AVN,Avignon Caumont airport,Avignon,FR,FR-PAC,EU,medium_airport,1,6168,medium
3,LFNB,MEN,Mende-Brenoux Airfield,Mende/Brénoux,FR,FR-OCC,EU,medium_airport,1,4265,medium
3,LFOA,,Avord (BA 702) Air Base,Avord,FR,FR-CVL,EU,medium_airport,1,11493,medium
3,LFOC,,Châteaudun Airfield,"Châteaudun, Eure-et-Loir",FR,FR-CVL,EU,medium_airport,1,7552,medium
3,LFOE,EVX,Évreux-Fauville (BA 105) Air Base,"Fauville, Eure",FR,FR-NOR,EU,medium_airport,1,9826,medium
3,LFOH,LEH,Le Havre-Octeville Airport,Le Havre,FR,FR-NOR,EU,medium_airport,1,7546,medium
3,LFOJ,,Orléans-Bricy (BA 123) Air Base,"Boulay-les-Barres, Loiret",FR,FR-CVL,EU,medium_airport,1,7887,medium
3,LFOK,XCR,Chalons Vatry airport,Chalons en Champagne,FR,FR-GES,EU,medium_airport,1,12664,medium
3,LFOT,TUF,Tours Val de Loire Airport,"Tours, Indre-et-Loire",FR,FR-CVL,EU,medium_airport,1,7887,medium
3,LFOV,LVA,Laval-Entrammes Airport,"Laval, Mayenne",FR,FR-PDL,EU,medium_airport,1,5453,medium
3,LFPC,CSF,Creil Air Base,Creil,FR,FR-HDF,EU,medium_airport,1,7871,medium
3,LFPV,VIY,Vélizy-Villacoublay Air Base,"Vélizy-Villacoublay, Yvelines",FR,FR-IDF,EU,medium_airport,1,5948,medium
3,LFQG,NVS,Nevers-Fourchambault Airport,"Marzy, Nièvre",FR,FR-BFC,EU,medium_airport,1,5348,medium
3,LFQP,,Phalsbourg-Bourscheid Air Base,Bourscheid,FR,FR-GES,EU,medium_airport,1,7205,medium
3,LFQT,HZB,Merville-Calonne Airport,"Merville, Nord",FR,FR-HDF,EU,medium_airport,1,6037,medium
3,LFQV,,Charleville-Mézières Ardennes-Etienne Riché Airfield,Charleville-Mézières,FR,FR-GES,EU,medium_airport,1,4921,medium
3,LFQW,,Vesoul-Frotey Airfield,"Frotey-lès-Vesoul, Haute-Saône",FR,FR-BFC,EU,medium_airport,1,4731,medium
3,LFRC,CER,Cherbourg Manche airport,Cherbourg,FR,FR-NOR,EU,medium_airport,1,8005,medium
3,LFRE,LBY,La Baule-Escoublac Airport,La Baule-Escoublac,FR,FR-PDL,EU,medium_airport,1,3117,medium
3,LFRF,GFR,Granville Airport,"Bréville-sur-Mer, Manche",FR,FR-NOR,EU,medium_airport,1,3150,medium
3,LFRG,DOL,Deauville Normandie airport,Deauville,FR,FR-NOR,EU,medium_airport,1,8366,medium
3,LFRI,EDM,La Roche-sur-Yon Les Ajoncs Airport,La Roche-sur-Yon,FR,FR-PDL,EU,medium_airport,1,5085,medium
3,LFRJ,LDV,Landivisiau Air Base,Landivisiau,FR,FR-BRE,EU,medium_airport,1,8858,medium
3,LFRO,LAI,Lannion Airport,Lannion,FR,FR-BRE,EU,medium_airport,1,5577,medium
3,LFRQ,UIP,Quimper-Cornouaille Airport,Quimper/Pluguffan,FR,FR-BRE,EU,medium_airport,1,7054,medium
3,LFRS,NTE,Nantes Atlantique Airport,Nantes,FR,FR-PDL,EU,large_airport,1,9514,large
3,LFRT,SBK,Saint-Brieuc-Armor Airport,"Trémuson, Côtes-d'Armor",FR,FR-BRE,EU,medium_airport,1,7218,medium
3,LFRZ,SNR,Saint-Nazaire-Montoir Airport,Saint-Nazaire/Montoir,FR,FR-PDL,EU,medium_airport,1,7874,medium
3,LFSG,EPL,Épinal Mirecourt Airport,Épinal,FR,FR-GES,EU,medium_airport,1,8858,medium
3,LFSI,,Saint-Dizier – Robinson Air Base,Saint-Dizier,FR,FR-GES,EU,medium_airport,1,7913,medium
3,LFSL,BVE,Brive Souillac airport,Brive,FR,FR-NAQ,EU,medium_airport,1,6890,medium
3,LFSM,,Montbéliard-Courcelles Airfield,Courcelles-lès-Montbéliard,FR,FR-BFC,EU,medium_airport,1,5578,medium
3,LFSN,ENC,Nancy-Essey Airport,"Tomblaine, Meurthe-et-Moselle",FR,FR-GES,EU,medium_airport,1,5249,medium
3,LFSO,,Nancy-Ochey (BA 133) Air Base,Thuilley-aux-Groseilles,FR,FR-GES,EU,medium_airport,1,7878,medium
3,LFST,SXB,Strasbourg Airport,Strasbourg,FR,FR-GES,EU,large_airport,1,7874,large
3,LFTW,FNI,Nîmes-Arles-Camargue Airport,Nîmes/Garons,FR,FR-OCC,EU,medium_airport,1,8005,medium
3,EGYD,,RAF Cranwell,"Sleaford, Lincolnshire",GB,GB-ENG,EU,medium_airport,4,6831,2+ runways + medium
3,EGDM,,MoD Boscombe Down,"Salisbury, Wiltshire",GB,GB-ENG,EU,medium_airport,3,10538,2+ runways + medium
3,EGDR,,RNAS Culdrose,Helston,GB,GB-ENG,EU,medium_airport,3,6006,2+ runways + medium
3,EGKA,ESH,Brighton City Airport,"Brighton, East Sussex",GB,GB-ENG,EU,medium_airport,3,3385,2+ runways + medium
3,EGPB,LSI,Sumburgh Airport,"Lerwick, Shetland",GB,GB-SCT,EU,medium_airport,3,4915,2+ runways + medium
3,EGPR,BRR,Barra Airport,Eoligarry,GB,GB-SCT,EU,medium_airport,3,2776,2+ runways + medium
3,EGPU,TRE,Tiree Airport,"Balemartine, Argyll and Bute",GB,GB-SCT,EU,medium_airport,3,4600,2+ runways + medium
3,EGYE,,RAF Barkston Heath,"Grantham, Lincolnshire",GB,GB-ENG,EU,medium_airport,3,5722,2+ runways + medium
3,EGAA,BFS,Belfast International Airport,Belfast,GB,GB-NIR,EU,large_airport,2,9121,2+ runways + international + large
3,EGBJ,GLO,Gloucestershire Airport,"Staverton, Gloucestershire",GB,GB-ENG,EU,medium_airport,2,4695,2+ runways + medium
3,EGBN,NQT,Nottingham City Airport,"Nottingham, Nottinghamshire",GB,GB-ENG,EU,medium_airport,2,3445,2+ runways + medium
3,EGCC,MAN,Manchester Airport,"Manchester, Greater Manchester",GB,GB-ENG,EU,large_airport,2,10007,2+ runways + large
3,EGDY,YEO,RNAS Yeovilton,"Yeovil, Somerset",GB,GB-ENG,EU,medium_airport,2,7580,2+ runways + medium
3,EGED,EOI,Eday Airport,Eday,GB,GB-SCT,EU,medium_airport,2,1896,2+ runways + medium
3,EGFE,HAW,Haverfordwest Airport,Haverfordwest,GB,GB-WLS,EU,medium_airport,2,5000,2+ runways + medium
3,EGFH,SWS,Swansea Airport,Swansea,GB,GB-WLS,EU,medium_airport,2,4429,2+ runways + medium
3,EGKK,LGW,London Gatwick Airport,London,GB,GB-ENG,EU,large_airport,2,10883,2+ runways + large
3,EGLL,LHR,London Heathrow Airport,London,GB,GB-ENG,EU,large_airport,2,12799,2+ runways + large
3,EGNC,CAX,Carlisle Lake District Airport,"Carlisle, Cumbria",GB,GB-ENG,EU,medium_airport,2,6000,2+ runways + medium
3,EGNH,BLK,Blackpool Airport,Blackpool,GB,GB-ENG,EU,medium_airport,2,6129,2+ runways + medium
3,EGNJ,HUY,Humberside Airport,"Grimsby, Lincolnshire",GB,GB-ENG,EU,medium_airport,2,7218,2+ runways + medium
3,EGNL,BWF,Barrow Walney Island Airport,Barrow-in-Furness,GB,GB-ENG,EU,medium_airport,2,3438,2+ runways + medium
3,EGOS,,RAF Shawbury,"Shrewsbury, Shropshire",GB,GB-ENG,EU,medium_airport,2,6018,2+ runways + medium
3,EGOV,VLY,Anglesey Airport,Angelsey,GB,GB-WLS,EU,medium_airport,2,7513,2+ runways + medium
3,EGPA,KOI,Kirkwall Airport,"Kirkwall, Orkney Islands",GB,GB-SCT,EU,medium_airport,2,4690,2+ runways + medium
3,EGPE,INV,Inverness Airport,Inverness,GB,GB-SCT,EU,medium_airport,2,6194,2+ runways + medium
3,EGPI,ILY,Islay Airport,"Isle of Islay, Argyll and Bute",GB,GB-SCT,EU,medium_airport,2,5098,2+ runways + medium
3,EGPK,PIK,Glasgow Prestwick Airport,"Prestwick, South Ayrshire",GB,GB-SCT,EU,large_airport,2,9800,2+ runways + large
3,EGPL,BEB,Benbecula Airport,Balivanich,GB,GB-SCT,EU,medium_airport,2,6027,2+ runways + medium
3,EGPO,SYY,Stornoway Airport,"Stornoway, Western Isles",GB,GB-SCT,EU,medium_airport,2,7218,2+ runways + medium
3,EGQS,LMO,RAF Lossiemouth,"Lossiemouth, Moray",GB,GB-SCT,EU,medium_airport,2,9091,2+ runways + medium
3,EGXZ,,RAF Topcliffe,"Thirsk, North Yorkshire",GB,GB-ENG,EU,medium_airport,2,5948,2+ runways + medium
3,EGYM,KNF,RAF Marham,"King's Lynn, Norfolk",GB,GB-ENG,EU,medium_airport,2,9131,2+ runways + medium
3,EGAB,ENK,Enniskillen/St Angelo Airport,"Enniskillen, Fermanagh and Omagh",GB,GB-NIR,EU,medium_airport,1,3996,medium
3,EGAC,BHD,George Best Belfast City Airport,Belfast,GB,GB-NIR,EU,medium_airport,1,6001,medium
3,EGAE,LDY,City of Derry Airport,"Derry, Derry and Strabane",GB,GB-NIR,EU,medium_airport,1,6460,medium
3,EGBB,BHX,Birmingham Airport,"Birmingham, West Midlands",GB,GB-ENG,EU,large_airport,1,10013,large
3,EGDC,,Royal Marines Base Chivenor,Chivenor,GB,GB-ENG,EU,medium_airport,1,6014,medium
3,EGEC,CAL,Campbeltown Airport,Campbeltown,GB,GB-SCT,EU,medium_airport,1,4633,medium
3,EGFF,CWL,Cardiff International Airport,Cardiff,GB,GB-WLS,EU,large_airport,1,7723,international + large
3,EGGD,BRS,Bristol Airport,Bristol,GB,GB-ENG,EU,large_airport,1,6598,large
3,EGGP,LPL,Liverpool John Lennon Airport,Liverpool,GB,GB-ENG,EU,large_airport,1,7497,large
3,EGGW,LTN,London Luton Airport,"Luton, Luton",GB,GB-ENG,EU,large_airport,1,7093,large
3,EGHH,BOH,Bournemouth Airport,Bournemouth,GB,GB-ENG,EU,medium_airport,1,7454,medium
3,EGHI,SOU,Southampton Airport,Southampton,GB,GB-ENG,EU,medium_airport,1,6191,medium
3,EGHL,,Lasham Airfield,"Alton, Hampshire",GB,GB-ENG,EU,medium_airport,1,5896,medium
3,EGHQ,NQY,Cornwall Airport Newquay,Newquay,GB,GB-ENG,EU,medium_airport,1,9003,medium
3,EGKB,BQH,London Biggin Hill Airport,London,GB,GB-ENG,EU,medium_airport,1,5925,medium
3,EGLC,LCY,London City Airport,London,GB,GB-ENG,EU,medium_airport,1,4948,medium
3,EGLF,FAB,Farnborough Airport,"Farnborough, Hampshire",GB,GB-ENG,EU,medium_airport,1,8005,medium
3,EGLK,BBS,Blackbushe Airport,"Camberley, Surrey",GB,GB-ENG,EU,medium_airport,1,4380,medium
3,EGMC,SEN,London Southend Airport,"Southend-on-Sea, Essex",GB,GB-ENG,EU,medium_airport,1,6089,medium
3,EGMD,LYX,Lydd London Ashford Airport,"Romney Marsh, Kent",GB,GB-ENG,EU,medium_airport,1,4938,medium
3,EGNM,LBA,Leeds Bradford Airport,"Leeds, West Yorkshire",GB,GB-ENG,EU,large_airport,1,7381,large
3,EGNO,WRT,Warton Aerodrome,Warton,GB,GB-ENG,EU,medium_airport,1,7946,medium
3,EGNR,CEG,Hawarden Airport,Broughton,GB,GB-WLS,EU,medium_airport,1,6867,medium
3,EGNT,NCL,Newcastle International Airport,"Newcastle upon Tyne, Tyne and Wear",GB,GB-ENG,EU,large_airport,1,7644,international + large
3,EGNV,MME,Teesside International Airport,"Darlington, Durham",GB,GB-ENG,EU,medium_airport,1,7516,international + medium
3,EGNX,EMA,East Midlands Airport,"Nottingham, Leicestershire",GB,GB-ENG,EU,large_airport,1,9495,large
3,EGPC,WIC,Wick John O'Groats Airport,Wick,GB,GB-SCT,EU,medium_airport,1,6007,medium
3,EGPD,ABZ,Aberdeen International Airport,Aberdeen,GB,GB-SCT,EU,large_airport,1,6407,international + large
3,EGPF,GLA,Glasgow Airport,Glasgow,GB,GB-SCT,EU,large_airport,1,8730,large
3,EGPH,EDI,Edinburgh Airport,"Ingliston, Edinburgh",GB,GB-SCT,EU,large_airport,1,8392,large
3,EGPN,DND,Dundee Airport,Dundee,GB,GB-SCT,EU,medium_airport,1,4593,medium
3,EGQL,ADX,Leuchars Station Airfield,"Leuchars, Fife",GB,GB-SCT,EU,medium_airport,1,8491,medium
3,EGSC,CBG,Cambridge City Airport,"Cambridge, Cambridgeshire",GB,GB-ENG,EU,medium_airport,1,6444,medium
3,EGSH,NWI,Norwich Airport,"Norwich, Norfolk",GB,GB-ENG,EU,medium_airport,1,6043,medium
3,EGSS,STN,London Stansted Airport,"London, Essex",GB,GB-ENG,EU,large_airport,1,10003,large
3,EGTC,,Cranfield Airport,"Cranfield, Central Bedfordshire",GB,GB-ENG,EU,medium_airport,1,5902,medium
3,EGTE,EXT,Exeter International Airport,"Exeter, Devon",GB,GB-ENG,EU,medium_airport,1,6811,international + medium
3,EGTK,OXF,London Oxford Airport,"Kidlington, Oxfordshire",GB,GB-ENG,EU,medium_airport,1,5006,medium
3,EGUB,BEX,RAF Benson,"Wallingford, Oxfordshire",GB,GB-ENG,EU,medium_airport,1,5981,medium
3,EGUL,LKZ,RAF Lakenheath,"Brandon, Suffolk",GB,GB-ENG,EU,medium_airport,1,8998,medium
3,EGUN,MHZ,RAF Mildenhall,"Bury Saint Edmunds, Suffolk",GB,GB-ENG,EU,medium_airport,1,9213,medium
3,EGUW,,Wattisham Airfield,"Ipswich, Suffolk",GB,GB-ENG,EU,medium_airport,1,7953,medium
3,EGVA,FFD,RAF Fairford,"Fairford, Gloucestershire",GB,GB-ENG,EU,medium_airport,1,9994,medium
3,EGVN,BZZ,RAF Brize Norton,"Carterton, Oxfordshire",GB,GB-ENG,EU,medium_airport,1,10007,medium
3,EGVO,ODH,RAF Odiham,"Hook, Hampshire",GB,GB-ENG,EU,medium_airport,1,6030,medium
3,EGWC,,RAF Cosford,"Cosford, Shropshire",GB,GB-ENG,EU,medium_airport,1,3890,medium
3,EGWU,NHT,RAF Northolt,"Northolt, Greater London",GB,GB-ENG,EU,medium_airport,1,5545,medium
3,EGXC,QCY,RAF Coningsby,"Lincoln, Lincolnshire",GB,GB-ENG,EU,medium_airport,1,9003,medium
3,EGXE,,RAF Leeming,"Northallerton, North Yorkshire",GB,GB-ENG,EU,medium_airport,1,7516,medium
3,EGXH,BEQ,RAF Honington,"Bury Saint Edmunds, Suffolk",GB,GB-ENG,EU,medium_airport,1,9012,medium
3,EGXT,,RAF Wittering,"Peterborough, Cambridgeshire",GB,GB-ENG,EU,medium_airport,1,9052,medium
3,EGXW,WTN,RAF Waddington,"Lincoln, Lincolnshire",GB,GB-ENG,EU,medium_airport,1,9642,medium
3,EGCM,,Leeds East Airport,"Tadcaster, North Yorkshire",GB,GB-ENG,EU,medium_airport,0,0,medium
3,EGOM,,RAF Spadeadam,Spadeadam,GB,GB-ENG,EU,medium_airport,0,0,medium
3,EGSY,,MOD St Athan,"St Athan, Vale of Glamorgan",GB,GB-WLS,EU,medium_airport,0,0,medium
3,EGJA,ACI,Alderney Airport,Saint Anne,GG,GG-A,EU,medium_airport,3,2877,2+ runways + medium
3,EGJB,GCI,Guernsey Airport,Saint Peter Port,GG,GG-G,EU,medium_airport,1,5194,medium
3,LXGB,GIB,Gibraltar Airport,Gibraltar,GI,GI-U-A,EU,large_airport,1,6000,large
3,LGAV,ATH,Athens Eleftherios Venizelos International Airport,Spata-Artemida,GR,GR-I,EU,large_airport,2,13123,2+ runways + international + large
3,LGIR,HER,Heraklion International Nikos Kazantzakis Airport,Heraklion,GR,GR-M,EU,large_airport,2,8904,2+ runways + international + large
3,LGKL,KLX,Kalamata Airport,Kalamata,GR,GR-J,EU,medium_airport,2,9843,2+ runways + medium
3,LGTS,SKG,Thessaloniki Macedonia International Airport,Thessaloniki,GR,GR-B,EU,large_airport,2,11286,2+ runways + international + large
3,LGAD,PYR,Andravida Air Base,Andravida,GR,GR-G,EU,medium_airport,1,10299,medium
3,LGAL,AXD,Alexandroupoli Democritus Airport,Alexandroupolis,GR,GR-A,EU,medium_airport,1,8471,medium
3,LGBL,VOL,Nea Anchialos National Airport,Nea Anchialos,GR,GR-E,EU,medium_airport,1,9052,medium
3,LGEL,,Elefsis Air Base,Elefsina,GR,GR-I,EU,medium_airport,1,8985,medium
3,LGHI,JKH,Chios Island National Airport,Chios Island,GR,GR-K,EU,medium_airport,1,4957,medium
3,LGIO,IOA,Ioannina King Pyrrhus National Airport,Ioannina,GR,GR-D,EU,medium_airport,1,7874,medium
3,LGKF,EFL,Kefallinia Airport,Kefallinia Island,GR,GR-F,EU,medium_airport,1,7992,medium
3,LGKP,AOK,Karpathos Airport,Karpathos Island,GR,GR-L,EU,medium_airport,1,7871,medium
3,LGKR,CFU,Corfu Ioannis Kapodistrias International Airport,Kerkyra (Corfu),GR,GR-F,EU,large_airport,1,7792,international + large
3,LGKV,KVA,Kavala Alexander the Great International Airport,Kavala,GR,GR-A,EU,large_airport,1,9844,international + large
3,LGKZ,KZI,Kozani National Airport Filippos,Kozani,GR,GR-C,EU,medium_airport,1,5978,medium
3,LGMK,JMK,Mykonos Island National Airport,Mykonos,GR,GR-L,EU,medium_airport,1,6240,medium
3,LGMT,MJT,Mytilene International Airport,Mytilene,GR,GR-K,EU,medium_airport,1,7894,international + medium
3,LGPZ,PVK,Aktion National Airport,Preveza,GR,GR-D,EU,medium_airport,1,9419,medium
3,LGRX,GPA,Patras Araxos Agamemnon Airport,Patras,GR,GR-G,EU,medium_airport,1,10997,medium
3,LGSA,CHQ,Chania International Airport,Souda,GR,GR-M,EU,large_airport,1,10982,international + large
3,LGSK,JSI,Skiathos Island National Airport,Skiathos,GR,GR-E,EU,medium_airport,1,5341,medium
3,LGSM,SMI,Samos Airport,Samos Island,GR,GR-K,EU,medium_airport,1,6706,medium
3,LGSR,JTR,Santorini International Airport,Santorini Island,GR,GR-L,EU,large_airport,1,7208,international + large
3,LGST,JSH,Sitia Airport,Crete Island,GR,GR-M,EU,medium_airport,1,6804,medium
3,LGTG,,Tanagra Air Base,Tanagra,GR,GR-H,EU,medium_airport,1,9810,medium
3,LGTL,,(*)Kasteli Hellenic Air Force Base,Kasteli,GR,GR-M,EU,medium_airport,1,10563,medium
3,LGZA,ZTH,Zakynthos International Airport Dionysios Solomos,Zakynthos,GR,GR-F,EU,medium_airport,1,7310,international + medium
3,LDZD,ZAD,Zadar Airport,Zadar,HR,HR-13,EU,large_airport,2,8202,2+ runways + large
3,LDDU,DBV,Dubrovnik Ruđer Bošković Airport,Dubrovnik,HR,HR-19,EU,large_airport,1,10597,large
3,LDOS,OSI,Osijek Airport,Osijek(Klisa),HR,HR-14,EU,medium_airport,1,8202,medium
3,LDPL,PUY,Pula Airport,Pula,HR,HR-18,EU,large_airport,1,9678,large
3,LDRI,RJK,Rijeka Airport,Rijeka(Omišalj),HR,HR-08,EU,large_airport,1,8164,large
3,LDSB,BWK,Brač Airport,Gornji Humac,HR,HR-17,EU,medium_airport,1,5774,medium
3,LDSP,SPU,Split Saint Jerome Airport,Split,HR,HR-17,EU,large_airport,1,8366,large
3,LDZA,ZAG,Zagreb Franjo Tuđman International Airport,Velika Gorica,HR,HR-01,EU,large_airport,1,10669,international + large
3,LDZU,,Udbina Airfield,Udbina,HR,HR-09,EU,medium_airport,0,0,medium
3,LHBP,BUD,Budapest Liszt Ferenc International Airport,Budapest,HU,HU-BU,EU,large_airport,2,12162,2+ runways + international + large
3,LHPR,,Győr-Pér Airport,Győr,HU,HU-GS,EU,medium_airport,2,6660,2+ runways + medium
3,LHDC,DEB,Debrecen International Airport,Debrecen,HU,HU-HB,EU,large_airport,1,8196,international + large
3,LHKE,,Kecskemét Air Base,Kecskemét,HU,HU-BK,EU,medium_airport,1,8200,medium
3,LHPP,PEV,Pécs-Pogány International Airport,Pécs,HU,HU-BA,EU,large_airport,1,4922,international + large
3,LHSM,SOB,Hévíz–Balaton Airport,Sármellék,HU,HU-ZA,EU,medium_airport,1,8202,medium
3,LHSN,,Szolnok Air Base,Szolnok,HU,HU-JN,EU,medium_airport,1,6562,medium
3,LHTA,,Taszár Air Base,Taszár,HU,HU-SO,EU,medium_airport,1,8205,medium
3,LHTL,,Tököl Airport,Tököl,HU,HU-PE,EU,medium_airport,1,5800,medium
3,LHKA,,Kalocsa-Foktő Airfield,Kalocsa,HU,HU-BK,EU,medium_airport,0,0,medium
3,EIDW,DUB,Dublin Airport,Dublin,IE,IE-D,EU,large_airport,3,10203,2+ runways + large
3,EICK,ORK,Cork International Airport,Cork,IE,IE-CO,EU,large_airport,2,6998,2+ runways + international + large
3,EIME,,Casement Air Base,Baldonnel,IE,IE-D,EU,medium_airport,2,6001,2+ runways + medium
3,EIDL,CFN,Donegal Airport,Donegal,IE,IE-DL,EU,medium_airport,1,4908,medium
3,EIKN,NOC,Ireland West Airport Knock,Charlestown,IE,IE-MO,EU,large_airport,1,7546,large
3,EIKY,KIR,Kerry Airport,Farranfore,IE,IE-KY,EU,medium_airport,1,6562,medium
3,EINN,SNN,Shannon Airport,Shannon,IE,IE-CE,EU,large_airport,1,10495,large
3,EISG,SXL,Sligo Airport,Sligo,IE,IE-SO,EU,medium_airport,1,3517,medium
3,EIWF,WAT,Waterford Airport,Waterford,IE,IE-WD,EU,medium_airport,1,4701,medium
3,EIWT,,Weston Airport,Leixlip,IE,IE-D,EU,medium_airport,1,3038,medium
3,EGNS,IOM,Isle of Man Airport,Castletown,IM,IM-U-A,EU,large_airport,2,6923,2+ runways + large
3,BIKF,KEF,Keflavik International Airport,Reykjavík,IS,IS-2,EU,large_airport,2,10056,2+ runways + international + large
3,BIRK,RKV,Reykjavík Domestic Airport,Reykjavík,IS,IS-1,EU,medium_airport,2,5138,2+ runways + medium
3,BIVM,VEY,Vestmannaeyjar Airport,Vestmannaeyjar,IS,IS-8,EU,medium_airport,2,3937,2+ runways + medium
3,BIAR,AEY,Akureyri International Airport,Akureyri,IS,IS-6,EU,large_airport,1,8858,international + large
3,BIBD,BIU,Bildudalur Airport,Bildudalur,IS,IS-4,EU,medium_airport,1,3084,medium
3,BIEG,EGS,Egilsstaðir Airport,Egilsstaðir,IS,IS-7,EU,medium_airport,1,7054,medium
3,BIGR,GRY,Grímsey Airport,Grímsey/Sandvík,IS,IS-6,EU,medium_airport,1,3399,medium
3,BIHN,HFN,Hornafjörður Airport,Höfn,IS,IS-8,EU,medium_airport,1,4921,medium
3,BIHU,HZK,Húsavík Airport,Húsavík,IS,IS-6,EU,medium_airport,1,5266,medium
3,BIIS,IFJ,Ísafjörður Airport,Ísafjörður,IS,IS-4,EU,medium_airport,1,4593,medium
3,BIRL,MVA,Mývatn Airport,Myvatn,IS,IS-6,EU,medium_airport,1,3461,medium
3,BISI,SIJ,Siglufjörður Airport,Siglufjörður,IS,IS-6,EU,medium_airport,1,3556,medium
3,BIVO,VPN,Vopnafjörður Airport,Vopnafjörður,IS,IS-7,EU,medium_airport,1,2904,medium
3,LIRF,FCO,Rome–Fiumicino Leonardo da Vinci International Airport,Rome,IT,IT-62,EU,large_airport,3,12801,2+ runways + international + large
3,LIRV,,Viterbo Airport,Viterbo,IT,IT-62,EU,medium_airport,3,4265,2+ runways + medium
3,LIBR,BDS,Brindisi Airport,Brindisi,IT,IT-75,EU,large_airport,2,10000,2+ runways + large
3,LIBV,,Gioia del Colle Antonio Ramirez Air Base,Gioia del Colle (BA),IT,IT-75,EU,medium_airport,2,9846,2+ runways + medium
3,LICG,PNL,Pantelleria Airport,Pantelleria (TP),IT,IT-82,EU,medium_airport,2,5495,2+ runways + medium
3,LICJ,PMO,Falcone–Borsellino Airport,Palermo,IT,IT-82,EU,large_airport,2,10912,2+ runways + large
3,LICR,REG,Reggio Calabria Airport,Reggio Calabria,IT,IT-78,EU,medium_airport,2,6549,2+ runways + medium
3,LICZ,,Sigonella Navy Air Base,Sigonella (CT),IT,IT-82,EU,medium_airport,2,8077,2+ runways + medium
3,LIED,DCI,Decimomannu Air Base,Decimomannu,IT,IT-88,EU,medium_airport,2,9793,2+ runways + medium
3,LIMA,,Torino-Aeritalia Airport,Torino (TO),IT,IT-21,EU,medium_airport,2,3524,2+ runways + medium
3,LIMC,MXP,Milan Malpensa International Airport,Ferno (VA),IT,IT-25,EU,large_airport,2,12861,2+ runways + international + large
3,LIME,BGY,Il Caravaggio International Airport,Orio al Serio (BG),IT,IT-25,EU,large_airport,2,9429,2+ runways + international + large
3,LIPB,BZO,Bolzano Airport,Bolzano (BZ),IT,IT-32,EU,medium_airport,2,5708,2+ runways + medium
3,LIPZ,VCE,Venice Marco Polo Airport,Venezia (VE),IT,IT-34,EU,large_airport,2,10827,2+ runways + large
3,LIRG,,Guidonia Air Base,Guidonia (RM),IT,IT-62,EU,medium_airport,2,4797,2+ runways + medium
3,LIRP,PSA,Pisa International Airport,Pisa (PI),IT,IT-52,EU,large_airport,2,9820,2+ runways + international + large
3,LIRS,GRS,Grosseto Corrado Baccarini Air Base / Grosseto Airport,Grosseto (GR),IT,IT-52,EU,medium_airport,2,9823,2+ runways + medium
3,LIBA,,Amendola Air Base,San Giovanni Rotondo (FG),IT,IT-75,EU,medium_airport,1,8727,medium
3,LIBC,CRV,Crotone Sant'Anna Pythagoras Airport,Isola di Capo Rizzuto (KR),IT,IT-78,EU,medium_airport,1,6562,medium
3,LIBD,BRI,Bari Karol Wojtyła International Airport,Bari,IT,IT-75,EU,large_airport,1,9843,international + large
3,LIBF,FOG,Foggia Gino Lisa Airport,Foggia (FG),IT,IT-75,EU,medium_airport,1,5692,medium
3,LIBG,TAR,Taranto-Grottaglie Marcello Arlotta Airport,Grottaglie,IT,IT-75,EU,medium_airport,1,10499,medium
3,LIBN,LCC,Lecce Galatina Air Base / Galatina Fortunato Cesari Airport,Galatina (LE),IT,IT-75,EU,medium_airport,1,6240,medium
3,LIBP,PSR,Abruzzo Airport,Pescara,IT,IT-65,EU,large_airport,1,7933,large
3,LICA,SUF,Lamezia Terme Sant'Eufemia International Airport,Lamezia Terme (CZ),IT,IT-78,EU,large_airport,1,9898,international + large
3,LICB,CIY,Comiso Airport,Comiso,IT,IT-82,EU,medium_airport,1,8070,medium
3,LICC,CTA,Catania-Fontanarossa Airport,Catania,IT,IT-82,EU,large_airport,1,7989,large
3,LICD,LMP,Lampedusa Airport,Lampedusa,IT,IT-82,EU,medium_airport,1,5906,medium
3,LICP,,Palermo-Boccadifalco Airport,Palermo,IT,IT-82,EU,medium_airport,1,4016,medium
3,LICT,TPS,Vincenzo Florio Airport Trapani-Birgi,Trapani (TP),IT,IT-82,EU,medium_airport,1,8852,medium
3,LIDT,,Trento-Mattarello Airport,Trento (TN),IT,IT-32,EU,medium_airport,1,3707,medium
3,LIEA,AHO,Alghero-Fertilia Airport,Alghero,IT,IT-88,EU,medium_airport,1,9843,medium
3,LIEE,CAG,Cagliari Elmas Airport,Cagliari,IT,IT-88,EU,large_airport,1,9196,large
3,LIEO,OLB,Olbia Costa Smeralda Airport,Olbia (SS),IT,IT-88,EU,large_airport,1,9006,large
3,LIET,,Tortolì Airport,Arbatax,IT,IT-88,EU,medium_airport,1,3898,medium
3,LILE,,Biella-Cerrione Airfield,Cerrione (BI),IT,IT-21,EU,medium_airport,1,4331,medium
3,LILN,,Varese-Venegono Airport,Venegono Superiore (VA),IT,IT-25,EU,medium_airport,1,4659,medium
3,LIMF,TRN,Turin Airport,Caselle Torinese (TO),IT,IT-21,EU,large_airport,1,10827,large
3,LIMG,,Riviera Villanova d'Albenga International Airport,Villanova d'Albenga (SV),IT,IT-42,EU,medium_airport,1,4698,international + medium
3,LIMJ,GOA,Genoa Cristoforo Colombo Airport,Genova (GE),IT,IT-42,EU,large_airport,1,9564,large
3,LIML,LIN,Milano Linate Airport,Segrate (MI),IT,IT-25,EU,large_airport,1,8012,large
3,LIMN,,Cameri Air Base,Cameri (NO),IT,IT-21,EU,medium_airport,1,9818,medium
3,LIMP,PMF,Parma Airport,Parma (PR),IT,IT-45,EU,medium_airport,1,6962,medium
3,LIMR,,Novi Ligure Eugenio Mossi Airfield,Novi Ligure (AL),IT,IT-21,EU,medium_airport,1,3035,medium
3,LIMS,,Piacenza San Damiano Air Base,San Damiano (PC),IT,IT-45,EU,medium_airport,1,9828,medium
3,LIMW,AOT,Aosta Corrado Gex Airport,Saint-Christophe (AO),IT,IT-23,EU,medium_airport,1,4088,medium
3,LIMZ,CUF,Cuneo International Airport,Levaldigi (CN),IT,IT-21,EU,medium_airport,1,6903,international + medium
3,LIPA,AVB,Aviano Air Base,Aviano (PN),IT,IT-36,EU,medium_airport,1,8551,medium
3,LIPC,,Cervia Air Base,Cervia (RA),IT,IT-45,EU,medium_airport,1,10007,medium
3,LIPE,BLQ,Bologna Guglielmo Marconi Airport,Bologna,IT,IT-45,EU,large_airport,1,9196,large
3,LIPH,TSF,Treviso Airport,Treviso (TV),IT,IT-34,EU,large_airport,1,7941,large
3,LIPI,,Udine-Rivolto Air Base,Codroipo (UD),IT,IT-36,EU,medium_airport,1,8365,medium
3,LIPK,FRL,Forlì-Luigi Ridolfi International Airport,Forlì (FC),IT,IT-45,EU,medium_airport,1,7907,international + medium
3,LIPL,,Ghedi Air Base,Ghedi (BS),IT,IT-25,EU,medium_airport,1,9813,medium
3,LIPO,VBS,Brescia Gabriele d'Annunzio Airport,Montichiari (BS),IT,IT-25,EU,medium_airport,1,9810,medium
3,LIPQ,TRS,Trieste Airport,Ronchi dei Legionari/Trieste,IT,IT-36,EU,large_airport,1,9843,large
3,LIPR,RMI,Federico Fellini International Airport,Rimini (RN),IT,IT-45,EU,large_airport,1,9828,international + large
3,LIPS,,Istrana Air Base,Istrana (TV),IT,IT-34,EU,medium_airport,1,9816,medium
3,LIPU,,Padova Gino Allegri Airfield,Padova (PD),IT,IT-34,EU,medium_airport,1,3681,medium
3,LIPX,VRN,Verona Villafranca Valerio Catullo Airport,Caselle (VR),IT,IT-34,EU,large_airport,1,10064,large
3,LIPY,AOI,Marche Airport,Falconara Marittima (AN),IT,IT-57,EU,medium_airport,1,9718,medium
3,LIQS,,Siena-Ampugnano Airport,Ampugnano (SI),IT,IT-52,EU,medium_airport,1,4570,medium
3,LIQW,,Sarzana-Luni Bartolomeo Arrigoni Airport,Sarzana (SP),IT,IT-42,EU,medium_airport,1,2969,medium
3,LIRA,CIA,Ciampino–G. B. Pastine International Airport,Rome,IT,IT-62,EU,large_airport,1,7226,international + large
3,LIRE,,Pratica di Mare Air Base,Pomezia (RM),IT,IT-62,EU,medium_airport,1,8138,medium
3,LIRI,QSR,Salerno Costa d'Amalfi Airport,Salerno,IT,IT-72,EU,medium_airport,1,6437,medium
3,LIRJ,EBA,Marina di Campo Airport,Campo nell'Elba (LI),IT,IT-52,EU,medium_airport,1,3114,medium
3,LIRL,,Latina Air Base,Latina,IT,IT-62,EU,medium_airport,1,5577,medium
3,LIRM,,Grazzanise Air Base,Caserta,IT,IT-72,EU,medium_airport,1,9813,medium
3,LIRN,NAP,Naples International Airport,Napoli,IT,IT-72,EU,large_airport,1,8622,international + large
3,LIRQ,FLR,"Florence Airport, Peretola",Firenze (FI),IT,IT-52,EU,large_airport,1,5118,large
3,LIRU,,Rome Urbe Airport,Rome,IT,IT-62,EU,medium_airport,1,3556,medium
3,LIRZ,PEG,Perugia San Francesco d'Assisi – Umbria International Airport,Perugia (PG),IT,IT-55,EU,large_airport,1,7215,international + large
3,EGJJ,JER,Jersey Airport,St. Peter,JE,JE-U-A,EU,medium_airport,1,5594,main airport of JE + medium
3,EYSA,SQQ,Šiauliai International Airport,Šiauliai,LT,LT-SA,EU,medium_airport,2,11483,2+ runways + international + medium
3,EYKA,KUN,Kaunas International Airport,Kaunas,LT,LT-KU,EU,large_airport,1,10663,international + large
3,EYKD,,Kėdainiai Air Base,Kėdainiai,LT,LT-KU,EU,medium_airport,1,6562,medium
3,EYPA,PLQ,Palanga International Airport,Palanga,LT,LT-KL,EU,large_airport,1,7480,international + large
3,EYPP,PNV,Panevėžys Air Base,Panevėžys,LT,LT-PN,EU,medium_airport,1,6562,medium
3,EYSB,,Barysiai Airfield,Šiauliai,LT,LT-SA,EU,medium_airport,1,3281,medium
3,EYVI,VNO,Vilnius International Airport,Vilnius,LT,LT-VL,EU,large_airport,1,8251,international + large
3,ELLX,LUX,Luxembourg-Findel International Airport,Luxembourg,LU,LU-L,EU,large_airport,1,13123,international + large
3,EVKA,,Jēkabpils Air Base,Jēkabpils,LV,LV-042,EU,medium_airport,1,2361,medium
3,EVLA,LPX,Liepāja International Airport,Liepāja,LV,LV-112,EU,large_airport,1,6568,international + large
3,EVRA,RIX,Riga International Airport,Riga,LV,LV-062,EU,large_airport,1,10499,international + large
3,EVJA,,Jūrmala Airport,Tukums,LV,LV-099,EU,medium_airport,0,0,medium
3,LUKK,RMO,Chişinău International Airport,Chişinău,MD,MD-CU,EU,large_airport,2,11778,2+ runways + international + large
3,LUBL,BZY,Bălți-Leadoveni International Airport,Bălți,MD,MD-RS,EU,medium_airport,1,7251,international + medium
3,LUBM,,Mărculești Air Base,Mărculeşti,MD,MD-FR,EU,medium_airport,1,8235,medium
3,LUCH,,Cahul International Airport,Cahul,MD,MD-CH,EU,medium_airport,0,0,international + medium
3,LUTR,,Tiraspol Airfield,Tiraspol,MD,MD-SN,EU,medium_airport,0,0,medium
3,LYPG,TGD,Podgorica Airport / Podgorica Golubovci Airbase,Podgorica,ME,ME-16,EU,large_airport,1,8202,large
3,LYTV,TIV,Tivat Airport,Tivat,ME,ME-19,EU,medium_airport,1,8208,medium
3,LWOH,OHD,Ohrid St. Paul the Apostle Airport,Ohrid,MK,MK-003,EU,large_airport,1,8366,large
3,LWSK,SKP,Skopje International Airport,Ilinden,MK,MK-008,EU,large_airport,1,9678,international + large
3,LMML,MLA,Malta International Airport,Valletta,MT,MT-25,EU,large_airport,2,10991,2+ runways + international + large
3,EHAM,AMS,Amsterdam Airport Schiphol,Amsterdam,NL,NL-NH,EU,large_airport,6,12467,2+ runways + large
3,EHBD,,Kempen Airport Budel,Weert,NL,NL-NB,EU,medium_airport,2,3934,2+ runways + medium
3,EHGR,GLZ,Gilze Rijen Air Base,Rijen,NL,NL-NB,EU,medium_airport,2,9081,2+ runways + medium
3,EHLW,LWR,Leeuwarden Air Base,Leeuwarden,NL,NL-FR,EU,medium_airport,2,8045,2+ runways + medium
3,EHVK,UDE,Volkel Air Base,Uden,NL,NL-NB,EU,medium_airport,2,9931,2+ runways + medium
3,EHWO,WOE,Woensdrecht Air Base,Hoogerheide,NL,NL-NB,EU,medium_airport,2,8015,2+ runways + medium
3,EHBK,MST,Maastricht Aachen Airport,Maastricht,NL,NL-LI,EU,large_airport,1,9022,large
3,EHDL,,Deelen Air Base,Arnhem,NL,NL-GE,EU,medium_airport,1,3431,medium
3,EHEH,EIN,Eindhoven Airport,Eindhoven,NL,NL-NB,EU,large_airport,1,9843,large
3,EHGG,GRQ,Groningen Airport Eelde,Groningen,NL,NL-DR,EU,large_airport,1,8202,large
3,EHKD,DHR,De Kooy Airfield / Den Helder Naval Air Station,Den Helder,NL,NL-NH,EU,medium_airport,1,4183,medium
3,EHLE,LEY,Lelystad Airport,Lelystad,NL,NL-FL,EU,medium_airport,1,8858,medium
3,EHRD,RTM,Rotterdam The Hague Airport,Rotterdam,NL,NL-ZH,EU,large_airport,1,7218,large
3,EHTW,ENS,Twente Airport,Enschede,NL,NL-OV,EU,medium_airport,1,9801,medium
3,ENAN,ANX,"Andøya Airport, Andenes",Andenes,NO,NO-18,EU,medium_airport,2,8097,2+ runways + medium
3,ENGM,OSL,Oslo-Gardermoen International Airport,Oslo (Gardermoen),NO,NO-32,EU,large_airport,2,11811,2+ runways + international + large
3,ENZV,SVG,"Stavanger Airport, Sola",Stavanger,NO,NO-11,EU,large_airport,2,9369,2+ runways + large
3,ENAL,AES,Ålesund Airport,Ålesund,NO,NO-15,EU,large_airport,1,7592,large
3,ENAT,ALF,Alta Airport,Alta,NO,NO-56,EU,medium_airport,1,7165,medium
3,ENBN,BNN,"Brønnøysund Airport, Brønnøy",Brønnøy,NO,NO-18,EU,medium_airport,1,3937,medium
3,ENBO,BOO,Bodø Airport,Bodø,NO,NO-18,EU,large_airport,1,9167,large
3,ENBR,BGO,"Bergen Airport, Flesland",Bergen,NO,NO-46,EU,large_airport,1,9810,large
3,ENBS,BJF,Båtsfjord Airport,Båtsfjord,NO,NO-56,EU,medium_airport,1,3281,medium
3,ENBV,BVG,Berlevåg Airport,Berlevåg,NO,NO-56,EU,medium_airport,1,3372,medium
3,ENCN,KRS,Kristiansand Airport,Kristiansand(Kjevik),NO,NO-42,EU,large_airport,1,6677,large
3,ENDU,BDU,Bardufoss Airport,Målselv,NO,NO-55,EU,medium_airport,1,8015,medium
3,ENEV,EVE,Harstad/Narvik Airport,Evenes,NO,NO-18,EU,large_airport,1,9236,large
3,ENFL,FRO,Florø Airport,Florø,NO,NO-46,EU,medium_airport,1,4144,medium
3,ENHD,HAU,"Haugesund Airport, Karmøy",Karmøy,NO,NO-11,EU,medium_airport,1,6957,medium
3,ENHF,HFT,Hammerfest Airport,Hammerfest,NO,NO-56,EU,medium_airport,1,3061,medium
3,ENHV,HVG,"Honningsvåg Airport, Valan",Honningsvåg,NO,NO-56,EU,medium_airport,1,2887,medium
3,ENKB,KSU,"Kristiansund Airport, Kvernberget",Kvernberget,NO,NO-15,EU,medium_airport,1,7841,medium
3,ENKR,KKN,"Kirkenes Airport, Høybuktmoen",Kirkenes,NO,NO-56,EU,medium_airport,1,6939,medium
3,ENLK,LKN,Leknes Airport,Leknes,NO,NO-18,EU,medium_airport,1,2881,medium
3,ENMH,MEH,Mehamn Airport,Mehamn,NO,NO-56,EU,medium_airport,1,2887,medium
3,ENML,MOL,"Molde Airport, Årø",Årø,NO,NO-15,EU,medium_airport,1,6922,medium
3,ENMS,MJF,"Mosjøen Airport, Kjærstad",Mosjøen,NO,NO-18,EU,medium_airport,1,3015,medium
3,ENNA,LKL,"Lakselv Airport, Banak",Lakselv,NO,NO-56,EU,medium_airport,1,9147,medium
3,ENNO,NTB,Notodden Airport,Notodden,NO,NO-40,EU,medium_airport,1,5745,medium
3,ENOL,OLA,Ørland Airport,Ørland,NO,NO-50,EU,medium_airport,1,10755,medium
3,ENOV,HOV,"Ørsta-Volda Airport, Hovden",Ørsta,NO,NO-15,EU,medium_airport,1,3510,medium
3,ENRA,MQN,"Mo i Rana Airport, Røssvoll",Mo i Rana,NO,NO-18,EU,medium_airport,1,2759,medium
3,ENRM,RVK,"Rørvik Airport, Ryum",Rørvik,NO,NO-50,EU,medium_airport,1,2887,medium
3,ENRO,RRS,Røros Airport,Røros,NO,NO-50,EU,medium_airport,1,5643,medium
3,ENRY,,"Moss Airport, Rygge",Oslo,NO,NO-31,EU,medium_airport,1,8012,medium
3,ENSB,LYR,"Svalbard Airport, Longyear",Longyearbyen,NO,NO-21,EU,medium_airport,1,7608,medium
3,ENSH,SVJ,"Svolvær Airport, Helle",Svolvær,NO,NO-18,EU,medium_airport,1,3104,medium
3,ENSK,SKN,"Stokmarknes Airport, Skagen",Hadsel,NO,NO-18,EU,medium_airport,1,3031,medium
3,ENSN,,Skien Airport,Geiteryggen,NO,NO-40,EU,medium_airport,1,4596,medium
3,ENSO,SRP,"Stord Airport, Sørstokken",Leirvik,NO,NO-46,EU,medium_airport,1,3937,medium
3,ENSR,SOJ,Sørkjosen Airport,Sørkjosen,NO,NO-55,EU,medium_airport,1,3015,medium
3,ENSS,VAW,"Vardø Airport, Svartnes",Vardø,NO,NO-56,EU,medium_airport,1,3707,medium
3,ENST,SSJ,"Sandnessjøen Airport, Stokka",Alstahaug,NO,NO-18,EU,medium_airport,1,4619,medium
3,ENTC,TOS,Tromsø Airport,Tromsø,NO,NO-55,EU,large_airport,1,8041,large
3,ENTO,TRF,"Sandefjord Airport, Torp",Sandefjord(Torp),NO,NO-39,EU,large_airport,1,9216,large
3,ENVA,TRD,"Trondheim Airport, Værnes",Trondheim,NO,NO-50,EU,large_airport,1,9052,large
3,ENVD,VDS,Vadsø Airport,Vadsø,NO,NO-56,EU,medium_airport,1,3278,medium
3,EPRZ,RZE,Rzeszów-Jasionka Airport,Jasionka,PL,PL-PK,EU,large_airport,4,10498,2+ runways + large
3,EPPW,,Powidz Military Air Base,Powidz,PL,PL-WP,EU,medium_airport,2,11565,2+ runways + medium
3,EPWA,WAW,Warsaw Chopin Airport,Warsaw,PL,PL-MZ,EU,large_airport,2,12106,2+ runways + large
3,EPBY,BZG,Ignacy Jan Paderewski Bydgoszcz Airport,Bydgoszcz,PL,PL-KP,EU,medium_airport,1,8202,medium
3,EPCE,,Cewice Naval Air Base,Siemirowice,PL,PL-PM,EU,medium_airport,1,8214,medium
3,EPDE,,Deblin Military Air Base,Dęblin,PL,PL-LU,EU,medium_airport,1,8202,medium
3,EPGD,GDN,Gdańsk Lech Wałęsa Airport,Gdańsk,PL,PL-PM,EU,large_airport,1,9186,large
3,EPIR,,Inowroclaw Military Air Base,,PL,PL-KP,EU,medium_airport,1,1312,medium
3,EPKK,KRK,Kraków John Paul II International Airport,Balice,PL,PL-MA,EU,large_airport,1,8366,international + large
3,EPKS,,Krzesiny Military Air Base,Poznań,PL,PL-WP,EU,medium_airport,1,8202,medium
3,EPKT,KTW,Katowice Wojciech Korfanty International Airport,Katowice,PL,PL-SL,EU,large_airport,1,10499,international + large
3,EPLB,LUZ,Lublin Airport,Lublin,PL,PL-LU,EU,large_airport,1,8268,large
3,EPLK,,Łask Air Base,Łask,PL,PL-LD,EU,medium_airport,1,9843,medium
3,EPLL,LCJ,Łódź Władysław Reymont Airport,Łódź,PL,PL-LD,EU,large_airport,1,8202,large
3,EPLY,,Leźnica Wielka Air Base,Leźnica Wielka,PL,PL-LD,EU,medium_airport,1,8202,medium
3,EPMB,,Malbork Królewo Air Base,Królewo,PL,PL-PM,EU,medium_airport,1,8202,medium
3,EPMI,,Miroslawiec Military Air Base,Mirosławiec,PL,PL-ZP,EU,medium_airport,1,8202,medium
3,EPMM,,Minsk Mazowiecki Military Air Base,,PL,PL-MZ,EU,medium_airport,1,8245,medium
3,EPMO,WMI,Warsaw Modlin Airport,Nowy Dwór Mazowiecki,PL,PL-MZ,EU,large_airport,1,8202,large
3,EPPO,POZ,Poznań-Ławica Airport,Poznań,PL,PL-WP,EU,large_airport,1,8215,large
3,EPRA,RDO,Warsaw Radom Airport,Radom,PL,PL-MZ,EU,medium_airport,1,8202,medium
3,EPSC,SZZ,Solidarity Szczecin–Goleniów Airport,Szczecin(Glewice),PL,PL-ZP,EU,large_airport,1,8202,large
3,EPSN,,Swidwin Military Air Base,,PL,PL-ZP,EU,medium_airport,1,8200,medium
3,EPSY,SZY,Olsztyn-Mazury Airport,Szymany,PL,PL-WN,EU,medium_airport,1,8202,medium
3,EPTM,,Tomaszów Mazowiecki Military Air Base,Nowy Glinnik,PL,PL-LD,EU,medium_airport,1,6560,medium
3,EPWR,WRO,Copernicus Wrocław Airport,Wrocław,PL,PL-DS,EU,large_airport,1,8212,large
3,EPZG,IEG,Zielona Góra-Babimost Airport,Nowe Kramsko,PL,PL-LB,EU,medium_airport,1,8202,medium
3,LPBJ,BYJ,Beja Airport / Airbase,Beja,PT,PT-02,EU,medium_airport,2,11319,2+ runways + medium
3,LPMT,,Montijo Air Base,Montijo,PT,PT-15,EU,medium_airport,2,8005,2+ runways + medium
3,LPTN,,Tancos Airbase,Tancos,PT,PT-14,EU,medium_airport,2,7530,2+ runways + medium
3,LPAR,,Alverca Air Base,Vila Franca de Xira,PT,PT-11,EU,medium_airport,1,9810,medium
3,LPAZ,SMA,Santa Maria Airport,Vila do Porto,PT,PT-20,EU,medium_airport,1,10000,medium
3,LPBG,BGC,Bragança Airport,Bragança,PT,PT-04,EU,medium_airport,1,5600,medium
3,LPBR,,Braga Municipal Aerodrome,Braga,PT,PT-03,EU,medium_airport,1,3081,medium
3,LPCB,,Aerodromo de Castelo Branco,Castelo Branco,PT,PT-05,EU,medium_airport,1,4790,medium
3,LPCO,,Aerodromo Municipal de Coimbra,Coimbra,PT,PT-06,EU,medium_airport,1,3018,medium
3,LPCS,CAT,Cascais Airport,Cascais,PT,PT-11,EU,medium_airport,1,4593,medium
3,LPEV,,Évora Airfield,Évora,PT,PT-07,EU,medium_airport,1,4265,medium
3,LPFL,FLW,Flores Airport,Santa Cruz das Flores,PT,PT-20,EU,medium_airport,1,4593,medium
3,LPFR,FAO,Faro - Gago Coutinho International Airport,Faro,PT,PT-08,EU,large_airport,1,8169,international + large
3,LPGR,GRW,Graciosa Airport,Santa Cruz da Graciosa,PT,PT-20,EU,medium_airport,1,4529,medium
3,LPHR,HOR,Horta Airport,Horta,PT,PT-20,EU,medium_airport,1,5233,medium
3,LPLA,TER,Lajes Airport,Praia da Vitória,PT,PT-20,EU,medium_airport,1,10870,medium
3,LPMA,FNC,Cristiano Ronaldo International Airport,Funchal,PT,PT-30,EU,large_airport,1,9110,international + large
3,LPMR,,Monte Real Air Base,,PT,PT-10,EU,medium_airport,1,9816,medium
3,LPOV,,Ovar Air Base,Ovar,PT,PT-01,EU,medium_airport,1,8005,medium
3,LPPD,PDL,João Paulo II Airport,Ponta Delgada,PT,PT-20,EU,large_airport,1,8192,large
3,LPPI,PIX,Pico Airport,Pico Island,PT,PT-20,EU,medium_airport,1,5725,medium
3,LPPM,PRM,Portimão Airport,Portimão,PT,PT-08,EU,medium_airport,1,2822,medium
3,LPPR,OPO,Francisco de Sá Carneiro Airport,Porto,PT,PT-13,EU,large_airport,1,11417,large
3,LPPS,PXO,Porto Santo Airport,Vila Baleira,PT,PT-30,EU,medium_airport,1,9861,medium
3,LPPT,LIS,Lisbon Humberto Delgado Airport,Lisbon,PT,PT-11,EU,large_airport,1,12500,large
3,LPSJ,SJZ,São Jorge Airport,Velas,PT,PT-20,EU,medium_airport,1,4633,medium
3,LPSO,,Aeródromo Municipal de Ponte de Sor,Ponte de Sor,PT,PT-12,EU,medium_airport,1,5906,medium
3,LPST,,Sintra Air Base,Sintra,PT,PT-11,EU,medium_airport,1,5906,medium
3,LPVL,,Vilar de Luz Airfield,Maia,PT,PT-13,EU,medium_airport,1,5606,medium
3,LPVR,VRL,Vila Real Airport,Vila Real,PT,PT-17,EU,medium_airport,1,3107,medium
3,LPVZ,VSE,Aerodromo Goncalves Lobato (Viseu Airport),Viseu,PT,PT-18,EU,medium_airport,1,4035,medium
3,LRCL,CLJ,Avram Iancu Cluj International Airport,Cluj-Napoca,RO,RO-CJ,EU,large_airport,2,6693,2+ runways + international + large
3,LROP,OTP,Bucharest Henri Coandă International Airport,Otopeni,RO,RO-IF,EU,large_airport,2,11484,2+ runways + international + large
3,LRAR,ARW,Arad International Airport,Arad,RO,RO-AR,EU,medium_airport,1,6562,international + medium
3,LRBC,BCM,Bacău George Enescu International  Airport,Bacău,RO,RO-BC,EU,large_airport,1,8203,international + large
3,LRBM,BAY,Maramureș International Airport,Tăuții-Măgherăuș,RO,RO-MM,EU,medium_airport,1,7054,international + medium
3,LRBS,BBU,Bucharest Băneasa Aurel Vlaicu International Airport,Bucharest,RO,RO-B,EU,large_airport,1,10499,international + large
3,LRBV,GHV,Brașov-Ghimbav International Airport,Brașov (Ghimbav),RO,RO-BV,EU,large_airport,1,9252,international + large
3,LRCK,CND,Mihail Kogălniceanu International Airport,Constanța,RO,RO-CT,EU,large_airport,1,11483,international + large
3,LRCS,CSB,Caransebeş Airport,Caransebeş,RO,RO-CS,EU,medium_airport,1,6562,medium
3,LRCT,,Câmpia Turzii Air Base,Câmpia Turzii,RO,RO-CJ,EU,medium_airport,1,8202,medium
3,LRCV,CRA,Craiova International Airport,Craiova,RO,RO-DJ,EU,large_airport,1,8203,international + large
3,LRIA,IAS,Iaşi International Airport,Iaşi,RO,RO-IS,EU,large_airport,1,7874,international + large
3,LROD,OMR,Oradea International Airport,Oradea,RO,RO-BH,EU,large_airport,1,8267,international + large
3,LRSB,SBZ,Sibiu International Airport,Sibiu,RO,RO-SB,EU,large_airport,1,8629,international + large
3,LRSM,SUJ,Satu Mare International Airport,Satu Mare,RO,RO-SM,EU,medium_airport,1,8160,international + medium
3,LRSV,SCV,Suceava Ștefan cel Mare International Airport,Suceava,RO,RO-SV,EU,large_airport,1,8070,international + large
3,LRTC,TCE,Tulcea Danube Delta Airport,Mihail Kogălniceanu,RO,RO-TL,EU,medium_airport,1,6517,medium
3,LRTM,TGM,Târgu Mureş Transilvania International Airport,Recea,RO,RO-MS,EU,medium_airport,1,6562,international + medium
3,LRTR,TSR,Timișoara Traian Vuia International Airport,Timişoara,RO,RO-TM,EU,large_airport,1,11483,international + large
3,LRBO,,Boboc Air Base,Boboc,RO,RO-BZ,EU,medium_airport,0,0,medium
3,LRFT,,Feteşti Borcea Air Base,Borcea,RO,RO-CL,EU,medium_airport,0,0,medium
3,LYBE,BEG,Belgrade Nikola Tesla Airport,Belgrade,RS,RS-00,EU,large_airport,2,11483,2+ runways + large
3,LYBT,BJY,Batajnica Air Base,Zemun,RS,RS-00,EU,medium_airport,2,8181,2+ runways + medium
3,LYKV,KVO,Morava Airport,Kraljevo,RS,RS-18,EU,medium_airport,1,7431,medium
3,LYNI,INI,Niš Constantine the Great Airport,Niš,RS,RS-20,EU,large_airport,1,8202,large
3,LYUZ,UZC,Ponikve Airport,Stapari,RS,RS-16,EU,medium_airport,1,10130,medium
3,UWGG,GOJ,Nizhny Novgorod / Strigino International Airport,Nizhny Novgorod,RU,RU-NIZ,EU,large_airport,4,9843,2+ runways + international + large
3,UUEE,SVO,Sheremetyevo International Airport,Moscow,RU,RU-MOS,EU,large_airport,3,12139,2+ runways + international + large
3,ULLI,LED,Pulkovo Airport,St. Petersburg,RU,RU-SPE,EU,large_airport,2,12402,2+ runways + large
3,UNNT,OVB,Novosibirsk Tolmachevo Airport,Novosibirsk,RU,RU-NVS,EU,large_airport,2,11818,2+ runways + large
3,URKK,KRR,Krasnodar Pashkovsky International Airport,Krasnodar,RU,RU-KDA,EU,large_airport,2,9835,2+ runways + international + large
3,URSS,AER,Sochi International Airport,Sochi,RU,RU-KDA,EU,large_airport,2,9498,2+ runways + international + large
3,URWI,ESL,Elista Airport,Elista,RU,RU-KL,EU,medium_airport,2,10499,2+ runways + medium
3,USKK,KVX,Pobedilovo Airport,Kirov,RU,RU-KIR,EU,medium_airport,2,7230,2+ runways + medium
3,UUDD,DME,Domodedovo International Airport,Moscow,RU,RU-MOS,EU,large_airport,2,11483,2+ runways + international + large
3,UUMU,CKL,Chkalovskiy Air Base,Moscow,RU,RU-MOS,EU,medium_airport,2,11811,2+ runways + medium
3,UUOB,EGO,Belgorod International Airport,Belgorod,RU,RU-BEL,EU,medium_airport,2,8202,2+ runways + international + medium
3,UUOO,VOZ,Voronezh International Airport,Voronezh,RU,RU-VOR,EU,medium_airport,2,7546,2+ runways + international + medium
3,UUWW,VKO,Vnukovo International Airport,Moscow,RU,RU-MOW,EU,large_airport,2,11483,2+ runways + international + large
3,UWUU,UFA,Ufa International Airport,Ufa,RU,RU-BA,EU,large_airport,2,12339,2+ runways + international + large
3,UWWW,KUF,Kurumoch International Airport,Samara,RU,RU-SAM,EU,large_airport,2,9846,2+ runways + international + large
3,ULAA,ARH,Talagi Airport,Archangelsk,RU,RU-ARK,EU,medium_airport,1,8202,medium
3,ULAH,VKV,Vaskovo Airport,Arkhangelsk,RU,RU-ARK,EU,medium_airport,1,7875,medium
3,ULAM,NNM,Naryan Mar Airport,Naryan Mar,RU,RU-NEN,EU,medium_airport,1,8202,medium
3,ULKK,KSZ,Kotlas Airport,Kotlas,RU,RU-ARK,EU,medium_airport,1,4757,medium
3,ULLP,,Pushkin Airport,St. Petersburg,RU,RU-SPE,EU,medium_airport,1,8202,medium
3,ULMM,MMK,Emperor Nicholas II Murmansk Airport,Murmansk,RU,RU-MUR,EU,large_airport,1,8202,large
3,ULOO,PKV,Princess Olga Pskov International Airport,Pskov,RU,RU-PSK,EU,medium_airport,1,8281,international + medium
3,ULPB,PES,Petrozavodsk Airport,Petrozavodsk,RU,RU-KR,EU,medium_airport,1,8202,medium
3,ULPP,,Peski Airfield,Petrozavodsk,RU,RU-KR,EU,medium_airport,1,2295,medium
3,ULWC,CEE,Cherepovets Airport,Cherepovets,RU,RU-VLG,EU,medium_airport,1,8202,medium
3,ULWW,VGD,Vologda Airport,Vologda,RU,RU-VLG,EU,medium_airport,1,4921,medium
3,UMKK,KGD,Khrabrovo Airport,Kaliningrad,RU,RU-KGD,EU,large_airport,1,10991,large
3,UNBG,RGK,Gorno-Altaysk Airport,Gorno-Altaysk,RU,RU-AL,EU,medium_airport,1,7546,medium
3,URKA,AAQ,Anapa Vityazevo Airport,Krasnyi Kurgan,RU,RU-KDA,EU,medium_airport,1,8202,medium
3,URKG,GDZ,Gelendzhik Airport,Gelendzhik,RU,RU-KDA,EU,medium_airport,1,10171,medium
3,URMM,MRV,Mineralnye Vody Airport,Mineralnyye Vody,RU,RU-STA,EU,large_airport,1,12795,large
3,URMN,NAL,Nalchik Airport,Nalchik,RU,RU-KB,EU,medium_airport,1,7218,medium
3,URMO,OGZ,Vladikavkaz Beslan International Airport,Beslan,RU,RU-SE,EU,medium_airport,1,9843,international + medium
3,URMT,STW,Stavropol Shpakovskoye Airport,Stavropol,RU,RU-STA,EU,medium_airport,1,8530,medium
3,URRP,ROV,Platov International Airport,Rostov-on-Don,RU,RU-ROS,EU,large_airport,1,11811,international + large
3,URWW,VOG,Volgograd International Airport,Volgograd,RU,RU-VGG,EU,large_airport,1,9186,international + large
3,USHN,NYA,Nyagan Airport,Nyagan,RU,RU-KHM,EU,medium_airport,1,8307,medium
3,USHQ,EYK,Beloyarskiy Airport,,RU,RU-KHM,EU,medium_airport,1,7028,medium
3,USSK,,Uktus Airport,Yekaterinburg,RU,RU-SVE,EU,medium_airport,1,5905,medium
3,UUBA,KMW,Kostroma Sokerkino Airport,Kostroma,RU,RU-KOS,EU,medium_airport,1,5577,medium
3,UUBC,KLF,Grabtsevo Airport,Kaluga,RU,RU-KLU,EU,medium_airport,1,6885,medium
3,UUBI,IWA,Ivanovo South Airport,Ivanovo,RU,RU-IVA,EU,medium_airport,1,8202,medium
3,UUBP,BZK,Bryansk International Airport,Bryansk,RU,RU-BRY,EU,medium_airport,1,7874,international + medium
3,UUBW,ZIA,Zhukovsky International Airport,Moscow,RU,RU-MOS,EU,large_airport,1,15092,international + large
3,UUDL,IAR,Golden Ring Yaroslavl International Airport,Tunoshna,RU,RU-YAR,EU,large_airport,1,9870,international + large
3,UUEM,KLD,Migalovo Air Base,Tver,RU,RU-TVE,EU,medium_airport,1,8202,medium
3,UUMT,,Tretyakovo Airport,Lukhovitsy,RU,RU-MOS,EU,medium_airport,1,9842,medium
3,UUOK,URS,Kursk East Airport,Kursk,RU,RU-KRS,EU,medium_airport,1,8202,medium
3,UUOL,LPK,Lipetsk Airport,Lipetsk,RU,RU-LIP,EU,medium_airport,1,7546,medium
3,UUOT,TBW,Donskoye Airport,Tambov,RU,RU-TAM,EU,medium_airport,1,6889,medium
3,UUYP,PEX,Pechora Airport,Pechora,RU,RU-KO,EU,medium_airport,1,5905,medium
3,UUYY,SCW,Syktyvkar Airport,Syktyvkar,RU,RU-KO,EU,medium_airport,1,8203,medium
3,UWLL,ULV,Ulyanovsk Baratayevka Airport,Ulyanovsk,RU,RU-ULY,EU,medium_airport,1,12533,medium
3,UWPS,SKX,Saransk International Airport,Saransk,RU,RU-MO,EU,large_airport,1,9186,international + large
3,UWWB,,Buguruslan Severny Airport,Buguruslan,RU,RU-ORE,EU,medium_airport,1,7217,medium
3,UWWG,,Bezymyanka Airfield,Samara,RU,RU-SAM,EU,medium_airport,1,11482,medium
3,XRMU,,Khankala Air Base,Grozny,RU,RU-CE,EU,medium_airport,1,8210,medium
3,ULDA,,Rogachyovo Air Base,Belaya,RU,RU-ARK,EU,medium_airport,0,0,medium
3,ULDD,AMV,Amderma Airport,Amderma,RU,RU-NEN,EU,medium_airport,0,0,medium
3,ULLK,,Krechevitsy Air Base,Novgorod,RU,RU-NGR,EU,medium_airport,0,0,medium
3,ULNR,,Staraya Russa Air Base,Staraya Russa,RU,RU-NGR,EU,medium_airport,0,0,medium
3,ULOL,VLU,Velikiye Luki Airport,Velikiye Luki,RU,RU-PSK,EU,medium_airport,0,0,medium
3,URKE,EIK,Yeysk Airport,Yeysk,RU,RU-KDA,EU,medium_airport,0,0,medium
3,URMB,,Budyonnovsk Air Base,Budyonnovsk,RU,RU-STA,EU,medium_airport,0,0,medium
3,UUBD,,Dyagilevo Air Base,Ryazan,RU,RU-RYA,EU,medium_airport,0,0,medium
3,UUBL,,Semyazino Airport,Vladimir,RU,RU-VLA,EU,medium_airport,0,0,medium
3,UUBM,,Myachkovo Airfield,Moscow,RU,RU-MOS,EU,medium_airport,0,0,medium
3,UUFO,,Oreshkovo Airfield,Kaluga,RU,RU-KLU,EU,medium_airport,0,0,medium
3,UUMB,,Kubinka Air Base,Kubinka,RU,RU-MOS,EU,medium_airport,0,0,medium
3,UUWE,,Yermolino Air Base,Balabanovo,RU,RU-KLU,EU,medium_airport,0,0,medium
3,UUYI,INA,Inta Airport,Inta,RU,RU-KO,EU,medium_airport,0,0,medium
3,XLLL,,Soltsy-2 Air Base,Soltsy,RU,RU-NGR,EU,medium_airport,0,0,medium
3,XRRT,TGK,Taganrog Yuzhny Airport,Taganrog,RU,RU-ROS,EU,medium_airport,0,0,medium
3,XUBK,RYB,Staroselye Airport,Rybinsk,RU,RU-YAR,EU,medium_airport,0,0,medium
3,ESSA,ARN,Stockholm-Arlanda Airport,Stockholm,SE,SE-AB,EU,large_airport,3,10830,2+ runways + large
3,ESCF,,Malmen Air Base,Linköping,SE,SE-E,EU,medium_airport,2,7265,2+ runways + medium
3,ESGJ,JKG,Jönköping Airport,Jönköping,SE,SE-F,EU,medium_airport,2,7228,2+ runways + medium
3,ESIB,,Såtenäs Air Base,Såtenäs,SE,SE-Q,EU,medium_airport,2,7428,2+ runways + medium
3,ESKN,NYO,Stockholm Skavsta Airport,Nyköping,SE,SE-D,EU,large_airport,2,9442,2+ runways + large
3,ESMQ,KLR,Kalmar Airport,Kalmar,SE,SE-H,EU,medium_airport,2,6726,2+ runways + medium
3,ESMS,MMX,Malmö Sturup Airport,Malmö,SE,SE-M,EU,large_airport,2,9186,2+ runways + large
3,ESOK,KSD,Karlstad Airport,Karlstad,SE,SE-S,EU,medium_airport,2,8255,2+ runways + medium
3,ESSP,NRK,Norrköping Airport,Norrköping,SE,SE-E,EU,medium_airport,2,7228,2+ runways + medium
3,ESSV,VBY,Visby Airport,Visby,SE,SE-I,EU,large_airport,2,6562,2+ runways + large
3,ESTL,,Ljungbyhed Airfield,Ljungbyhed,SE,SE-M,EU,medium_airport,2,7449,2+ runways + medium
3,ESDF,RNB,Ronneby Airport,Ronneby,SE,SE-K,EU,medium_airport,1,7648,medium
3,ESFR,,Råda Air Base,Råda,SE,SE-Q,EU,medium_airport,1,6517,medium
3,ESGG,GOT,Göteborg Landvetter Airport,Göteborg,SE,SE-Q,EU,large_airport,1,10823,large
3,ESGP,GSE,Säve Airport,Göteborg,SE,SE-Q,EU,medium_airport,1,3560,medium
3,ESGR,KVB,Skövde Airport,Skövde,SE,SE-Q,EU,medium_airport,1,5696,medium
3,ESGT,THN,Trollhättan-Vänersborg Airport,Trollhättan,SE,SE-Q,EU,medium_airport,1,5610,medium
3,ESKK,KSK,Karlskoga Airport,Karlskoga,SE,SE-T,EU,medium_airport,1,4919,medium
3,ESKM,MXX,Mora Airport,Mora,SE,SE-W,EU,medium_airport,1,5951,medium
3,ESKS,SCR,Scandinavian Mountains Airport,Malung-Sälen,SE,SE-W,EU,large_airport,1,8202,large
3,ESMK,KID,Kristianstad Airport,Kristianstad,SE,SE-M,EU,medium_airport,1,7267,medium
3,ESMT,HAD,Halmstad Airport,Halmstad,SE,SE-N,EU,medium_airport,1,7419,medium
3,ESMX,VXO,Växjö Kronoberg Airport,Växjö,SE,SE-G,EU,medium_airport,1,6900,medium
3,ESNG,GEV,Gällivare Airport,Gällivare,SE,SE-BD,EU,medium_airport,1,5623,medium
3,ESNK,KRF,Kramfors-Sollefteå Höga Kusten Airport,Nyland,SE,SE-Y,EU,medium_airport,1,6565,medium
3,ESNL,LYC,Lycksele Airport,Lycksele,SE,SE-AC,EU,medium_airport,1,6564,medium
3,ESNN,SDL,Sundsvall-Härnösand Airport,Sundsvall/ Härnösand,SE,SE-Y,EU,medium_airport,1,6857,medium
3,ESNO,OER,Örnsköldsvik Airport,Örnsköldsvik,SE,SE-Y,EU,medium_airport,1,6607,medium
3,ESNQ,KRN,Kiruna Airport,Kiruna,SE,SE-BD,EU,large_airport,1,8209,large
3,ESNS,SFT,Skellefteå Airport,Skellefteå,SE,SE-AC,EU,medium_airport,1,8268,medium
3,ESNU,UME,Umeå Airport,Umeå,SE,SE-AC,EU,large_airport,1,7551,large
3,ESNV,VHM,Vilhelmina South Lapland Airport,Vilhelmina,SE,SE-AC,EU,medium_airport,1,4928,medium
3,ESNX,AJR,Arvidsjaur Airport,Arvidsjaur,SE,SE-BD,EU,medium_airport,1,8201,medium
3,ESNY,SOO,Söderhamn Airport,Söderhamn,SE,SE-X,EU,medium_airport,1,8281,medium
3,ESNZ,OSD,Åre Östersund Airport,Östersund,SE,SE-Z,EU,medium_airport,1,8202,medium
3,ESOE,ORB,Örebro Airport,Örebro,SE,SE-T,EU,medium_airport,1,10728,medium
3,ESOW,VST,Stockholm Västerås Airport,Stockholm / Västerås,SE,SE-U,EU,large_airport,1,8468,large
3,ESPA,LLA,Luleå Airport,Luleå,SE,SE-BD,EU,large_airport,1,10990,large
3,ESSB,BMA,Stockholm-Bromma Airport,Stockholm,SE,SE-AB,EU,medium_airport,1,5472,medium
3,ESSD,BLE,Dala Airport,Borlange,SE,SE-W,EU,medium_airport,1,7579,medium
3,ESSL,LPI,Linköping City Airport,Linköping,SE,SE-E,EU,large_airport,1,7004,large
3,ESST,TYF,Torsby Airport,Torsby,SE,SE-S,EU,medium_airport,1,5219,medium
3,ESSU,EKT,Eskilstuna Airport,Eskilstuna,SE,SE-D,EU,medium_airport,1,6187,medium
3,ESTA,AGH,Ängelholm-Helsingborg Airport,Ängelholm,SE,SE-M,EU,medium_airport,1,6381,medium
3,ESUD,SQO,Storuman Airport,Storuman,SE,SE-AC,EU,medium_airport,1,7490,medium
3,LJMB,MBX,Maribor Edvard Rusjan Airport,Maribor,SI,SI-160,EU,medium_airport,2,8202,2+ runways + medium
3,LJCE,,Cerklje ob Krki Air Base,Cerklje ob Krki,SI,SI-009,EU,medium_airport,1,9843,medium
3,LJLJ,LJU,Ljubljana Jože Pučnik Airport,Zgornji Brnik,SI,SI-012,EU,large_airport,1,10827,large
3,LJPZ,POW,Portorož Airport,Sečovlje,SI,SI-090,EU,medium_airport,1,3939,medium
3,LZTT,TAT,Poprad-Tatry Airport,Poprad,SK,SK-PV,EU,medium_airport,3,8530,2+ runways + medium
3,LZIB,BTS,M. R. Štefánik Airport,Bratislava,SK,SK-BL,EU,large_airport,2,10466,2+ runways + large
3,LZKZ,KSC,Košice International Airport,Košice,SK,SK-KI,EU,medium_airport,1,10171,international + medium
3,LZMC,,Malacky/Kuchyňa Air Base,Kuchyňa,SK,SK-BL,EU,medium_airport,1,8202,medium
3,LZPP,PZY,Piešťany Airport,Piešťany,SK,SK-TA,EU,medium_airport,1,6562,medium
3,LZSL,SLD,Sliač Airport,Sliač,SK,SK-BC,EU,medium_airport,1,7874,medium
3,LZZI,ILZ,Žilina-Dolný Hričov Airport,Dolný Hričov,SK,SK-ZI,EU,medium_airport,1,3773,medium
3,LTFM,IST,İstanbul Airport,Istanbul,TR,TR-34,EU,large_airport,6,13451,2+ runways + large
3,LTBA,ISL,İstanbul Atatürk Airport,Istanbul(Bakırköy),TR,TR-34,EU,large_airport,1,8530,large
3,LTBU,TEQ,Tekirdağ Çorlu Airport,Çorlu,TR,TR-59,EU,medium_airport,1,9844,medium
3,LTFL,,Keşan Air Base,Keşan,TR,TR-22,EU,medium_airport,0,0,medium
3,UKBB,KBP,Boryspil International Airport,Boryspil,UA,UA-32,EU,large_airport,2,13123,2+ runways + international + large
3,UKCM,MPW,Mariupol International Airport,Mariupol,UA,UA-14,EU,medium_airport,2,8431,2+ runways + international + medium
3,UKFF,SIP,Simferopol International Airport,Simferopol,UA,UA-43,EU,large_airport,2,12142,2+ runways + international + large
3,UKON,NLV,Mykolaiv International Airport [CLOSED],Mykolaiv,UA,UA-48,EU,medium_airport,2,8438,2+ runways + international + medium
3,UKOO,ODS,Odesa International Airport,Odesa,UA,UA-51,EU,large_airport,2,9186,2+ runways + international + large
3,UKDB,ERD,Berdyansk Airport,Berdyansk,UA,UA-23,EU,medium_airport,1,8202,medium
3,UKDD,DNK,Dnipro International Airport,Dnipro,UA,UA-12,EU,medium_airport,1,9320,international + medium
3,UKDE,OZH,Zaporizhzhia International Airport,Zaporizhia,UA,UA-23,EU,medium_airport,1,8210,international + medium
3,UKDR,KWG,Kryvyi Rih International Airport,Kryvyi Rih,UA,UA-12,EU,medium_airport,1,8202,international + medium
3,UKHH,HRK,Kharkiv International Airport,Kharkiv,UA,UA-U-A,EU,medium_airport,1,7285,international + medium
3,UKKE,CKC,Cherkasy International Airport,Cherkasy,UA,UA-71,EU,medium_airport,1,8180,international + medium
3,UKKK,IEV,Igor Sikorsky Kyiv International Airport (Zhuliany),Kyiv,UA,UA-30,EU,medium_airport,1,7579,international + medium
3,UKKM,,Hostomel Airport,Kiev,UA,UA-32,EU,medium_airport,1,11483,medium
3,UKLH,HMJ,Khmelnytskyi Airport,Khmelnytskyi,UA,UA-68,EU,medium_airport,1,7219,medium
3,UKLI,IFO,Ivano-Frankivsk International Airport,Ivano-Frankivsk,UA,UA-26,EU,medium_airport,1,8226,international + medium
3,UKLL,LWO,Lviv International Airport,Lviv,UA,UA-46,EU,large_airport,1,10843,international + large
3,UKLN,CWC,Chernivtsi International Airport,Chernivtsi,UA,UA-77,EU,medium_airport,1,7270,international + medium
3,UKLR,RWN,Rivne International Airport,Rivne,UA,UA-19,EU,medium_airport,1,8615,international + medium
3,UKLU,UDJ,Uzhhorod International Airport,Uzhhorod,UA,UA-21,EU,medium_airport,1,6686,international + medium
3,UKOH,KHE,Kherson International Airport,Kherson,UA,UA-65,EU,medium_airport,1,8202,international + medium
3,UKWW,VIN,Vinnytsia/Gavyryshivka International Airport,Vinnitsa,UA,UA-05,EU,medium_airport,1,8175,international + medium
3,UKBC,,Bila Tserkva Air Base,Bila Tserkva,UA,UA-32,EU,medium_airport,0,0,medium
3,UKDM,,Melitopol Air Base,Melitopol,UA,UA-23,EU,medium_airport,0,0,medium
3,UKFB,UKS,Sevastopol International Airport / Belbek Air Base,Sevastopol,UA,UA-43,EU,medium_airport,0,0,international + medium
3,UKFG,,Gvardeyskoye (Hvardiiske) Air Base,Hvardiiske,UA,UA-43,EU,medium_airport,0,0,medium
3,UKFI,,Saky Air Base,Novofedorivka,UA,UA-43,EU,medium_airport,0,0,medium
3,UKFY,,Dzhankoy Air Base,Dzhankoy,UA,UA-43,EU,medium_airport,0,0,medium
3,UKHP,PLV,Suprunovka Airport,Poltava,UA,UA-53,EU,medium_airport,0,0,medium
3,UKKA,,Kacha Air Base,Kacha,UA,UA-43,EU,medium_airport,0,0,medium
3,UKKO,,Ozerne Air Base,Zhytomyr,UA,UA-18,EU,medium_airport,0,0,medium
3,UKKV,ZTR,Zhytomyr Airport,Zhytomyr,UA,UA-18,EU,medium_airport,0,0,medium
3,UKOD,,Zhovtneve Air Base,Bolgrad,UA,UA-51,EU,medium_airport,0,0,medium
3,UKRN,,Nizhyn Air Base,Nizhyn,UA,UA-74,EU,medium_airport,0,0,medium
3,BKPR,PRN,Priština Adem Jashari International Airport,Prishtina,XK,XK-01,EU,large_airport,1,9974,international + large
3,TAPA,ANU,V. C. Bird International Airport,Osbourn,AG,AG-03,NA,large_airport,1,9003,international + large
3,TAPB,BBQ,Burton-Nibbs International Airport,Codrington,AG,AG-10,NA,medium_airport,0,0,international + medium
3,TQPF,AXA,Clayton J. Lloyd International Airport,The Valley,AI,AI-U-A,NA,medium_airport,1,5462,international + medium
3,TNCA,AUA,Queen Beatrix International Airport,Oranjestad,AW,AW-U-A,NA,large_airport,1,9000,international + large
3,TBPB,BGI,Grantley Adams International Airport,Bridgetown,BB,BB-01,NA,large_airport,1,11000,international + large
3,TFFJ,SBH,St. Jean Airport,Gustavia,BL,BL-U-A,NA,medium_airport,1,2119,main airport of BL + medium
3,TXKF,BDA,L.F. Wade International Airport,Hamilton,BM,BM-U-A,NA,large_airport,1,9705,international + large
3,TNCB,BON,Flamingo International Airport,Kralendijk,BQ,BQ-BO,NA,large_airport,1,9449,international + large
3,TNCE,EUX,F. D. Roosevelt Airport,Oranjestad,BQ,BQ-SE,NA,medium_airport,1,4265,medium
3,TNCS,SAB,Juancho E. Yrausquin Airport,Zion's Hill,BQ,BQ-SA,NA,medium_airport,1,1312,medium
3,MYCA,ATC,Arthur's Town Airport,Arthur's Town,BS,BS-CI,NA,medium_airport,2,7015,2+ runways + medium
3,MYIG,IGA,Inagua Airport,Matthew Town,BS,BS-IN,NA,medium_airport,2,7020,2+ runways + medium
3,MYNN,NAS,Lynden Pindling International Airport,Nassau,BS,BS-NP,NA,large_airport,2,11353,2+ runways + international + large
3,MYAB,MAY,Clarence A. Bain Airport,Mangrove Cay,BS,BS-SA,NA,medium_airport,1,5000,medium
3,MYAF,ASD,Andros Town Airport,Andros Town,BS,BS-NS,NA,medium_airport,1,4058,medium
3,MYAK,TZN,Congo Town Airport,Andros,BS,BS-SA,NA,medium_airport,1,5300,medium
3,MYAM,MHH,Leonard M. Thompson International Airport,Marsh Harbour,BS,BS-CO,NA,medium_airport,1,6100,international + medium
3,MYAN,SAQ,San Andros Airport,Andros Island,BS,BS-NS,NA,medium_airport,1,5025,medium
3,MYAP,AXP,Spring Point Airport,Spring Point,BS,BS-AK,NA,medium_airport,1,5000,medium
3,MYAT,TCB,Treasure Cay Airport,Treasure Cay,BS,BS-CO,NA,medium_airport,1,7001,medium
3,MYBC,CCZ,Chub Cay Airport,Chub Cay,BS,BS-NS,NA,medium_airport,1,5000,medium
3,MYBG,GHC,Great Harbour Cay Airport,Bullocks Harbour,BS,BS-BY,NA,medium_airport,1,4536,medium
3,MYBS,BIM,South Bimini Airport,South Bimini,BS,BS-BI,NA,medium_airport,1,5409,medium
3,MYCB,TBI,New Bight Airport,Cat Island,BS,BS-CI,NA,medium_airport,1,5050,medium
3,MYCI,CRI,Colonel Hill Airport,Colonel Hill,BS,BS-CK,NA,medium_airport,1,4061,medium
3,MYEF,GGT,Exuma International Airport,Moss Town,BS,BS-EX,NA,medium_airport,1,7051,international + medium
3,MYEH,ELH,North Eleuthera Airport,North Eleuthera,BS,BS-HI,NA,medium_airport,1,6020,medium
3,MYEM,GHB,Governor's Harbour Airport,Governor's Harbour,BS,BS-CE,NA,medium_airport,1,8024,medium
3,MYEN,NMC,Normans Cay Airport,Normans Cay,BS,BS-EX,NA,medium_airport,1,4703,medium
3,MYER,RSD,Rock Sound International Airport,Rock Sound,BS,BS-SE,NA,medium_airport,1,7213,international + medium
3,MYES,TYM,Staniel Cay Airport,Staniel Cay,BS,BS-EX,NA,medium_airport,1,3030,medium
3,MYGF,FPO,Grand Bahama International Airport,Freeport,BS,BS-FP,NA,large_airport,1,11019,international + large
3,MYLD,LGI,Deadman's Cay Airport,Deadman's Cay,BS,BS-LI,NA,medium_airport,1,4000,medium
3,MYLS,SML,Stella Maris Airport,Stella Maris,BS,BS-LI,NA,medium_airport,1,4000,medium
3,MYMM,MYG,Mayaguana Airport,Abraham Bay Settlement,BS,BS-MG,NA,medium_airport,1,7297,medium
3,MYRD,DCT,Duncan Town Airport,Duncan Town,BS,BS-RI,NA,medium_airport,1,3800,medium
3,MYSM,ZSA,San Salvador International Airport,San Salvador,BS,BS-SS,NA,large_airport,1,8000,international + large
3,MYLR,,Hard Bargain Airport,,BS,BS-LI,NA,medium_airport,0,0,medium
3,MZBZ,BZE,Philip S. W. Goldson International Airport,Belize City,BZ,BZ-BZ,NA,large_airport,1,9678,international + large
3,MZPL,PLJ,Placencia Airport,Placencia,BZ,BZ-SC,NA,medium_airport,1,2133,medium
3,MZBE,TZA,Sir Barry Bowen Municipal Airport,Belize City,BZ,BZ-BZ,NA,medium_airport,0,0,medium
3,MZCK,CUK,Caye Caulker Airport,Caye Caulker,BZ,BZ-BZ,NA,medium_airport,0,0,medium
3,MZCP,CYC,Caye Chapel Airport,Caye Chapel,BZ,BZ-BZ,NA,medium_airport,0,0,medium
3,MZCZ,CZH,Corozal Airport,Corozal,BZ,BZ-CZL,NA,medium_airport,0,0,medium
3,MZPB,DGA,Dangriga Airport,Dangriga,BZ,BZ-SC,NA,medium_airport,0,0,medium
3,MZSJ,SJX,Sartaneja Airport,Sartaneja,BZ,BZ-CZL,NA,medium_airport,0,0,medium
3,MZSP,SPR,John Greif II Airport,San Pedro,BZ,BZ-CY,NA,medium_airport,0,0,medium
3,CYYZ,YYZ,Toronto Pearson International Airport,Toronto,CA,CA-ON,NA,large_airport,5,11120,2+ runways + international + large
3,CYPG,YPG,Portage-la-Prairie / Southport Airport,Portage la Prairie,CA,CA-MB,NA,medium_airport,4,7000,2+ runways + medium
3,CYAV,,Winnipeg / St. Andrews Airport,Winnipeg/Saint Andrews,CA,CA-MB,NA,medium_airport,3,3000,2+ runways + medium
3,CYAZ,YAZ,Tofino / Long Beach Airport,Tofino,CA,CA-BC,NA,medium_airport,3,5000,2+ runways + medium
3,CYDN,YDN,Dauphin Barker Airport,Dauphin,CA,CA-MB,NA,medium_airport,3,5000,2+ runways + medium
3,CYFD,,Brantford Municipal Airport,Brantford,CA,CA-ON,NA,medium_airport,3,5000,2+ runways + medium
3,CYGD,,Goderich Airport,Goderich,CA,CA-ON,NA,medium_airport,3,5000,2+ runways + medium
3,CYHU,YHU,Montréal / Saint-Hubert Metropolitan Airport,Montréal,CA,CA-QC,NA,medium_airport,3,7840,2+ runways + medium
3,CYJN,YJN,St Jean Airport,St Jean,CA,CA-QC,NA,medium_airport,3,4000,2+ runways + medium
3,CYMJ,YMJ,Moose Jaw Air Vice Marshal C. M. McEwen Airport,Moose Jaw,CA,CA-SK,NA,medium_airport,3,8326,2+ runways + medium
3,CYOD,YOD,CFB Cold Lake,Cold Lake,CA,CA-AB,NA,medium_airport,3,12600,2+ runways + medium
3,CYOW,YOW,Ottawa Macdonald-Cartier International Airport,Ottawa,CA,CA-ON,NA,large_airport,3,10000,2+ runways + international + large
3,CYPK,,Pitt Meadows Regional Airport,Pitt Meadows,CA,CA-BC,NA,medium_airport,3,5003,2+ runways + medium
3,CYQS,YQS,St Thomas Municipal Airport,St Thomas,CA,CA-ON,NA,medium_airport,3,5013,2+ runways + medium
3,CYSN,YCM,Niagara District Airport,Niagara-on-the-Lake,CA,CA-ON,NA,medium_airport,3,5000,2+ runways + medium
3,CYVR,YVR,Vancouver International Airport,Vancouver,CA,CA-BC,NA,large_airport,3,11500,2+ runways + international + large
3,CYXS,YXS,Prince George (International) Airport,Prince George,CA,CA-BC,NA,medium_airport,3,11450,2+ runways + international + medium
3,CYYB,YYB,North Bay Jack Garland Airport,North Bay,CA,CA-ON,NA,medium_airport,3,10000,2+ runways + medium
3,CYYC,YYC,Calgary International Airport,Calgary,CA,CA-AB,NA,large_airport,3,14000,2+ runways + international + large
3,CYYJ,YYJ,Victoria International Airport,Victoria,CA,CA-BC,NA,large_airport,3,7000,2+ runways + international + large
3,CYZT,YZT,Port Hardy Airport,Port Hardy,CA,CA-BC,NA,medium_airport,3,5000,2+ runways + medium
3,CNC3,,Brampton-Caledon Airport,,CA,CA-ON,NA,medium_airport,2,3500,2+ runways + medium
3,CYAG,YAG,Fort Frances Municipal Airport,Fort Frances,CA,CA-ON,NA,medium_airport,2,4500,2+ runways + medium
3,CYAM,YAM,Sault Ste Marie Airport,Sault Ste Marie,CA,CA-ON,NA,medium_airport,2,6000,2+ runways + medium
3,CYBG,YBG,Saguenay-Bagotville Airport,Saguenay,CA,CA-QC,NA,medium_airport,2,10000,2+ runways + medium
3,CYBR,YBR,Brandon Municipal Airport,Brandon,CA,CA-MB,NA,medium_airport,2,6500,2+ runways + medium
3,CYBU,,Nipawin Airport,Nipawin,CA,CA-SK,NA,medium_airport,2,2930,2+ runways + medium
3,CYBW,,Calgary / Springbank Airport,Calgary,CA,CA-AB,NA,medium_airport,2,5000,2+ runways + medium
3,CYCE,YCE,Centralia / James T. Field Memorial Aerodrome,Huron Park,CA,CA-ON,NA,medium_airport,2,5012,2+ runways + medium
3,CYEG,YEG,Edmonton International Airport,Edmonton,CA,CA-AB,NA,large_airport,2,11000,2+ runways + international + large
3,CYEN,YEN,Estevan Airport,Estevan,CA,CA-SK,NA,medium_airport,2,5000,2+ runways + medium
3,CYFC,YFC,Fredericton International Airport,Fredericton,CA,CA-NB,NA,medium_airport,2,8005,2+ runways + international + medium
3,CYGK,YGK,Kingston Norman Rogers Airport,Kingston,CA,CA-ON,NA,medium_airport,2,6001,2+ runways + medium
3,CYGR,YGR,Îles-de-la-Madeleine Airport,Les Îles-de-la-Madeleine,CA,CA-QC,NA,medium_airport,2,4500,2+ runways + medium
3,CYHM,YHM,John C. Munro Hamilton International Airport,Hamilton,CA,CA-ON,NA,large_airport,2,10006,2+ runways + international + large
3,CYHY,YHY,Hay River / Merlyn Carter Airport,Hay River,CA,CA-NT,NA,medium_airport,2,6000,2+ runways + medium
3,CYHZ,YHZ,Halifax / Stanfield International Airport,Halifax,CA,CA-NS,NA,large_airport,2,10500,2+ runways + international + large
3,CYKA,YKA,Kamloops John Moose Fulton Field Regional Airport,Kamloops,CA,CA-BC,NA,medium_airport,2,8000,2+ runways + medium
3,CYKF,YKF,Region of Waterloo International Airport,Breslau,CA,CA-ON,NA,medium_airport,2,7003,2+ runways + international + medium
3,CYKM,YKD,Kincardine Municipal Airport,Kincardine,CA,CA-ON,NA,medium_airport,2,4085,2+ runways + medium
3,CYKY,YKY,Kindersley Airport,Kindersley,CA,CA-SK,NA,medium_airport,2,3507,2+ runways + medium
3,CYLD,YLD,Chapleau Airport,Chapleau,CA,CA-ON,NA,medium_airport,2,5000,2+ runways + medium
3,CYLJ,YLJ,Meadow Lake Airport,Meadow Lake,CA,CA-SK,NA,medium_airport,2,5000,2+ runways + medium
3,CYLL,YLL,Lloydminster Airport,Lloydminster,CA,CA-AB,NA,medium_airport,2,5577,2+ runways + medium
3,CYMO,YMO,Moosonee Airport,Moosonee,CA,CA-ON,NA,medium_airport,2,4000,2+ runways + medium
3,CYMX,YMX,Montreal Mirabel International Airport,Montréal,CA,CA-QC,NA,medium_airport,2,12000,2+ runways + international + medium
3,CYNJ,YLY,Langley Airport,Langley,CA,CA-BC,NA,medium_airport,2,2743,2+ runways + medium
3,CYOO,YOO,Oshawa Executive Airport,Oshawa,CA,CA-ON,NA,medium_airport,2,4750,2+ runways + medium
3,CYPA,YPA,Prince Albert Glass Field,Prince Albert,CA,CA-SK,NA,medium_airport,2,5000,2+ runways + medium
3,CYPQ,YPQ,Peterborough Regional Airport,Peterborough,CA,CA-ON,NA,medium_airport,2,7005,2+ runways + medium
3,CYQB,YQB,Quebec Jean Lesage International Airport,Quebec,CA,CA-QC,NA,large_airport,2,9000,2+ runways + international + large
3,CYQF,YQF,Red Deer Regional Airport,Springbrook,CA,CA-AB,NA,medium_airport,2,7500,2+ runways + medium
3,CYQG,YQG,Windsor International Airport,Windsor,CA,CA-ON,NA,large_airport,2,9000,2+ runways + international + large
3,CYQI,YQI,Yarmouth Airport,Yarmouth,CA,CA-NS,NA,medium_airport,2,6000,2+ runways + medium
3,CYQL,YQL,Lethbridge County Airport,Lethbridge,CA,CA-AB,NA,medium_airport,2,6500,2+ runways + medium
3,CYQM,YQM,Greater Moncton Roméo LeBlanc International Airport,Moncton,CA,CA-NB,NA,medium_airport,2,10001,2+ runways + international + medium
3,CYQQ,YQQ,Comox Valley International Airport / CFB Comox,Comox,CA,CA-BC,NA,medium_airport,2,10000,2+ runways + international + medium
3,CYQR,YQR,Regina International Airport,Regina,CA,CA-SK,NA,medium_airport,2,7900,2+ runways + international + medium
3,CYQT,YQT,Thunder Bay International Airport,Thunder Bay,CA,CA-ON,NA,medium_airport,2,7318,2+ runways + international + medium
3,CYQU,YQU,Grande Prairie Airport,Grande Prairie,CA,CA-AB,NA,medium_airport,2,8502,2+ runways + medium
3,CYQV,YQV,Yorkton Municipal Airport,Yorkton,CA,CA-SK,NA,medium_airport,2,4800,2+ runways + medium
3,CYQW,YQW,North Battleford Airport,North Battleford,CA,CA-SK,NA,medium_airport,2,5000,2+ runways + medium
3,CYQX,YQX,Gander International Airport,Gander,CA,CA-NL,NA,medium_airport,2,10200,2+ runways + international + medium
3,CYQY,YQY,Sydney / J.A. Douglas McCurdy Airport,Sydney,CA,CA-NS,NA,medium_airport,2,7070,2+ runways + medium
3,CYRP,,Ottawa / Carp Airport,Ottawa,CA,CA-ON,NA,medium_airport,2,3937,2+ runways + medium
3,CYSB,YSB,Sudbury Airport,Sudbury,CA,CA-ON,NA,medium_airport,2,6600,2+ runways + medium
3,CYSC,YSC,Sherbrooke Airport,Sherbrooke,CA,CA-QC,NA,medium_airport,2,6000,2+ runways + medium
3,CYSH,YSH,Smiths Falls-Montague (Russ Beach) Airport,Smiths Falls,CA,CA-ON,NA,medium_airport,2,4000,2+ runways + medium
3,CYSJ,YSJ,Saint John Airport,Saint John,CA,CA-NB,NA,medium_airport,2,7000,2+ runways + medium
3,CYSM,YSM,Fort Smith Airport,Fort Smith,CA,CA-NT,NA,medium_airport,2,6000,2+ runways + medium
3,CYTH,YTH,Thompson Airport,Thompson,CA,CA-MB,NA,medium_airport,2,5800,2+ runways + medium
3,CYTR,YTR,CFB Trenton,Trenton,CA,CA-ON,NA,medium_airport,2,10000,2+ runways + medium
3,CYTS,YTS,Timmins/Victor M. Power,Timmins,CA,CA-ON,NA,medium_airport,2,6000,2+ runways + medium
3,CYTZ,YTZ,Billy Bishop Toronto City Airport,Toronto,CA,CA-ON,NA,medium_airport,2,3988,2+ runways + medium
3,CYUL,YUL,Montreal / Pierre Elliott Trudeau International Airport,Montréal,CA,CA-QC,NA,large_airport,2,11000,2+ runways + international + large
3,CYVC,YVC,La Ronge Airport,La Ronge,CA,CA-SK,NA,medium_airport,2,5000,2+ runways + medium
3,CYVP,YVP,Kuujjuaq Airport,Kuujjuaq,CA,CA-QC,NA,medium_airport,2,6000,2+ runways + medium
3,CYVV,YVV,Wiarton Airport,Wiarton,CA,CA-ON,NA,medium_airport,2,5021,2+ runways + medium
3,CYWG,YWG,Winnipeg / James Armstrong Richardson International Airport,Winnipeg,CA,CA-MB,NA,large_airport,2,11000,2+ runways + international + large
3,CYXE,YXE,Saskatoon John G. Diefenbaker International Airport,Saskatoon,CA,CA-SK,NA,large_airport,2,8300,2+ runways + international + large
3,CYXH,YXH,Medicine Hat Regional Airport,Medicine Hat,CA,CA-AB,NA,medium_airport,2,5000,2+ runways + medium
3,CYXJ,YXJ,Fort St John / North Peace Regional Airport,Fort Saint John,CA,CA-BC,NA,medium_airport,2,6909,2+ runways + medium
3,CYXR,YXR,Earlton (Timiskaming Regional) Airport,Earlton,CA,CA-ON,NA,medium_airport,2,5998,2+ runways + medium
3,CYXT,YXT,Northwest Regional Airport Terrace-Kitimat,Terrace,CA,CA-BC,NA,medium_airport,2,7497,2+ runways + medium
3,CYXU,YXU,London International Airport,London,CA,CA-ON,NA,medium_airport,2,8800,2+ runways + international + medium
3,CYXX,YXX,Abbotsford International Airport,Abbotsford,CA,CA-BC,NA,medium_airport,2,9600,2+ runways + international + medium
3,CYXY,YXY,Whitehorse / Erik Nielsen International Airport,Whitehorse,CA,CA-YT,NA,medium_airport,2,9497,2+ runways + international + medium
3,CYYE,YYE,Fort Nelson Airport,Fort Nelson,CA,CA-BC,NA,medium_airport,2,6400,2+ runways + medium
3,CYYG,YYG,Charlottetown Airport,Charlottetown,CA,CA-PE,NA,medium_airport,2,7002,2+ runways + medium
3,CYYL,YYL,Lynn Lake Airport,Lynn Lake,CA,CA-MB,NA,medium_airport,2,5000,2+ runways + medium
3,CYYN,YYN,Swift Current Airport,Swift Current,CA,CA-SK,NA,medium_airport,2,4250,2+ runways + medium
3,CYYQ,YYQ,Churchill Airport,Churchill,CA,CA-MB,NA,medium_airport,2,9200,2+ runways + medium
3,CYYR,YYR,Goose Bay Airport,Goose Bay,CA,CA-NL,NA,medium_airport,2,11046,2+ runways + medium
3,CYYT,YYT,St. John's International Airport,St. John's,CA,CA-NL,NA,large_airport,2,8502,2+ runways + international + large
3,CYYW,YYW,Armstrong Airport,Armstrong,CA,CA-ON,NA,medium_airport,2,4000,2+ runways + medium
3,CYYY,YYY,Mont Joli Airport,Mont-Joli,CA,CA-QC,NA,medium_airport,2,6000,2+ runways + medium
3,CYZF,YZF,Yellowknife International Airport,Yellowknife,CA,CA-NT,NA,medium_airport,2,7500,2+ runways + international + medium
3,CYZR,YZR,Chris Hadfield Airport,Sarnia,CA,CA-ON,NA,medium_airport,2,5100,2+ runways + medium
3,CYZV,YZV,Sept-Îles Airport,Sept-Îles,CA,CA-QC,NA,medium_airport,2,6552,2+ runways + medium
3,CYZX,YZX,CFB Greenwood,Greenwood,CA,CA-NS,NA,medium_airport,2,8000,2+ runways + medium
3,CZBB,YDT,Boundary Bay Airport,Delta,CA,CA-BC,NA,medium_airport,2,5606,2+ runways + medium
3,CZBM,ZBM,Bromont (Roland Désourdy) Airport,Bromont,CA,CA-QC,NA,medium_airport,2,5000,2+ runways + medium
3,CZJN,ZJN,Swan River Airport,Swan River,CA,CA-MB,NA,medium_airport,2,3933,2+ runways + medium
3,CAJ4,YAA,Anahim Lake Airport,Anahim Lake,CA,CA-BC,NA,medium_airport,1,3930,medium
3,CAT4,XQU,Qualicum Beach Airport,Qualicum Beach,CA,CA-BC,NA,medium_airport,1,3565,medium
3,CAZ5,YZA,Cache Creek-Ashcroft Regional Airport,Cache Creek,CA,CA-BC,NA,medium_airport,1,3280,medium
3,CBBC,ZEL,Bella Bella (Campbell Island) Airport,Bella Bella,CA,CA-BC,NA,medium_airport,1,3700,medium
3,CYAH,YAH,La Grande-4 Airport,La Grande-4,CA,CA-QC,NA,medium_airport,1,5000,medium
3,CYAQ,XKS,Kasabonika Airport,Kasabonika,CA,CA-ON,NA,medium_airport,1,3500,medium
3,CYAY,YAY,St. Anthony Airport,St. Anthony,CA,CA-NL,NA,medium_airport,1,4000,medium
3,CYBC,YBC,Baie-Comeau Airport,Baie-Comeau,CA,CA-QC,NA,medium_airport,1,6000,medium
3,CYBD,QBC,Bella Coola Airport,Bella Coola,CA,CA-BC,NA,medium_airport,1,4200,medium
3,CYBF,YBY,Bonnyville Airport,Bonnyville,CA,CA-AB,NA,medium_airport,1,4434,medium
3,CYBK,YBK,Baker Lake Airport,Baker Lake,CA,CA-NU,NA,medium_airport,1,4200,medium
3,CYBL,YBL,Campbell River Airport,Campbell River,CA,CA-BC,NA,medium_airport,1,6499,medium
3,CYBX,YBX,Lourdes-de-Blanc-Sablon Airport,Blanc-Sablon,CA,CA-QC,NA,medium_airport,1,4500,medium
3,CYCB,YCB,Cambridge Bay Airport,Cambridge Bay,CA,CA-NU,NA,medium_airport,1,5000,medium
3,CYCC,YCC,Cornwall Regional Airport,Cornwall,CA,CA-ON,NA,medium_airport,1,3500,medium
3,CYCD,YCD,Nanaimo Airport,Nanaimo,CA,CA-BC,NA,medium_airport,1,6602,medium
3,CYCG,YCG,Castlegar/West Kootenay Regional Airport,Castlegar,CA,CA-BC,NA,medium_airport,1,5300,medium
3,CYCH,YCH,Miramichi Airport,Miramichi,CA,CA-NB,NA,medium_airport,1,10006,medium
3,CYCL,YCL,Charlo Airport,Charlo,CA,CA-NB,NA,medium_airport,1,6000,medium
3,CYCN,YCN,Cochrane Airport,Cochrane,CA,CA-ON,NA,medium_airport,1,4500,medium
3,CYCP,,Blue River Airport,Blue River,CA,CA-BC,NA,medium_airport,1,5000,medium
3,CYCQ,YCQ,Chetwynd Airport,Chetwynd,CA,CA-BC,NA,medium_airport,1,4484,medium
3,CYDA,YDA,Dawson City Airport,Dawson City,CA,CA-YT,NA,medium_airport,1,5000,medium
3,CYDB,YDB,Burwash Airport,Burwash Landing,CA,CA-YT,NA,medium_airport,1,5006,medium
3,CYDF,YDF,Deer Lake Airport,Deer Lake,CA,CA-NL,NA,medium_airport,1,8005,medium
3,CYDM,XRR,Ross River Airport,Ross River,CA,CA-YT,NA,medium_airport,1,5000,medium
3,CYDO,YDO,Dolbeau-Saint-Felicien Airport,Dolbeau-Saint-Felicien,CA,CA-QC,NA,medium_airport,1,4971,medium
3,CYDQ,YDQ,Dawson Creek Airport,Dawson Creek,CA,CA-BC,NA,medium_airport,1,5001,medium
3,CYEE,,Huronia Airport,Midland,CA,CA-ON,NA,medium_airport,1,3998,medium
3,CYEL,YEL,Elliot Lake Municipal Airport,Elliot Lake,CA,CA-ON,NA,medium_airport,1,4500,medium
3,CYEM,YEM,Manitoulin East Municipal Airport,Sheguiandah,CA,CA-ON,NA,medium_airport,1,3500,medium
3,CYET,YET,Edson Airport,Edson,CA,CA-AB,NA,medium_airport,1,6000,medium
3,CYEV,YEV,Inuvik Mike Zubko Airport,Inuvik,CA,CA-NT,NA,medium_airport,1,6000,medium
3,CYEY,YEY,Amos/Magny Airport,Amos,CA,CA-QC,NA,medium_airport,1,5000,medium
3,CYFB,YFB,Iqaluit Airport,Iqaluit,CA,CA-NU,NA,medium_airport,1,8605,medium
3,CYFE,YFE,Forestville Airport,Forestville,CA,CA-QC,NA,medium_airport,1,5000,medium
3,CYFJ,YTM,Mont-Tremblant International Airport,La Macaza,CA,CA-QC,NA,medium_airport,1,5587,international + medium
3,CYFR,YFR,Fort Resolution Airport,Fort Resolution,CA,CA-NT,NA,medium_airport,1,4001,medium
3,CYFS,YFS,Fort Simpson Airport,Fort Simpson,CA,CA-NT,NA,medium_airport,1,6000,medium
3,CYGE,,Golden Airport,Golden,CA,CA-BC,NA,medium_airport,1,4500,medium
3,CYGL,YGL,La Grande Rivière Airport,La Grande Rivière,CA,CA-QC,NA,medium_airport,1,6500,medium
3,CYGM,YGM,Gimli Industrial Park Airport,Gimli,CA,CA-MB,NA,medium_airport,1,6800,medium
3,CYGP,YGP,Michel-Pouliot Gaspé Airport,Gaspé,CA,CA-QC,NA,medium_airport,1,5488,medium
3,CYGQ,YGQ,Geraldton Greenstone Regional Airport,Geraldton,CA,CA-ON,NA,medium_airport,1,5000,medium
3,CYGV,YGV,Havre-Saint-Pierre Airport,Havre-Saint-Pierre,CA,CA-QC,NA,medium_airport,1,4500,medium
3,CYGW,YGW,Kuujjuarapik Airport,Kuujjuarapik,CA,CA-QC,NA,medium_airport,1,5052,medium
3,CYHD,YHD,Dryden Regional Airport,Dryden,CA,CA-ON,NA,medium_airport,1,5993,medium
3,CYHF,YHF,Hearst René Fontaine Municipal Airport,Hearst,CA,CA-ON,NA,medium_airport,1,4500,medium
3,CYHN,YHN,Hornepayne Municipal Airport,Hornepayne,CA,CA-ON,NA,medium_airport,1,3500,medium
3,CYHT,YHT,Haines Junction Airport,Haines Junction,CA,CA-YT,NA,medium_airport,1,5000,medium
3,CYIB,YIB,Atikokan Municipal Airport,Atikokan,CA,CA-ON,NA,medium_airport,1,3500,medium
3,CYID,YDG,Digby / Annapolis Regional Airport,Digby,CA,CA-NS,NA,medium_airport,1,3950,medium
3,CYIF,YIF,St Augustin Airport,St-Augustin,CA,CA-QC,NA,medium_airport,1,4590,medium
3,CYIV,YIV,Island Lake Airport,Island Lake,CA,CA-MB,NA,medium_airport,1,4000,medium
3,CYJF,YJF,Fort Liard Airport,Fort Liard,CA,CA-NT,NA,medium_airport,1,2946,medium
3,CYKJ,YKJ,Key Lake Airport,Key Lake,CA,CA-SK,NA,medium_airport,1,5200,medium
3,CYKL,YKL,Schefferville Airport,Schefferville,CA,CA-QC,NA,medium_airport,1,5000,medium
3,CYKX,YKX,Kirkland Lake Airport,Kirkland Lake,CA,CA-ON,NA,medium_airport,1,4500,medium
3,CYLR,YLR,Leaf Rapids Airport,Leaf Rapids,CA,CA-MB,NA,medium_airport,1,3000,medium
3,CYLS,YLK,Barrie-Lake Simcoe Regional Airport,Barrie,CA,CA-ON,NA,medium_airport,1,6001,medium
3,CYLT,YLT,Alert Airport,Alert,CA,CA-NU,NA,medium_airport,1,5500,medium
3,CYLW,YLW,Kelowna International Airport,Kelowna,CA,CA-BC,NA,large_airport,1,8900,international + large
3,CYMA,YMA,Mayo Airport,Mayo,CA,CA-YT,NA,medium_airport,1,4856,medium
3,CYME,YME,Matane Airport,Matane,CA,CA-QC,NA,medium_airport,1,5500,medium
3,CYMG,YMG,Manitouwadge Airport,Manitouwadge,CA,CA-ON,NA,medium_airport,1,3600,medium
3,CYML,YML,Charlevoix Airport,Charlevoix,CA,CA-QC,NA,medium_airport,1,4501,medium
3,CYMM,YMM,Fort McMurray International Airport,Fort McMurray,CA,CA-AB,NA,medium_airport,1,7503,international + medium
3,CYMT,YMT,Chapais Airport,Chibougamau,CA,CA-QC,NA,medium_airport,1,6496,medium
3,CYNA,YNA,Natashquan Airport,Natashquan,CA,CA-QC,NA,medium_airport,1,4494,medium
3,CYND,YND,Ottawa / Gatineau Airport,Gatineau,CA,CA-QC,NA,medium_airport,1,6000,medium
3,CYNL,YNL,Points North Landing Airport,Points North Landing,CA,CA-SK,NA,medium_airport,1,6000,medium
3,CYNM,YNM,Matagami Airport,Matagami,CA,CA-QC,NA,medium_airport,1,5000,medium
3,CYNN,,Nejanilini Lake Airport,Nejanilini Lake,CA,CA-MB,NA,medium_airport,1,3350,medium
3,CYOA,YOA,Ekati Airport,Ekati,CA,CA-NT,NA,medium_airport,1,6411,medium
3,CYOJ,YOJ,High Level Airport,High Level,CA,CA-AB,NA,medium_airport,1,5000,medium
3,CYOP,YOP,Rainbow Lake Airport,Rainbow Lake,CA,CA-AB,NA,medium_airport,1,4539,medium
3,CYOS,YOS,Owen Sound / Billy Bishop Regional Airport,Owen Sound,CA,CA-ON,NA,medium_airport,1,3932,medium
3,CYPD,YPS,Port Hawkesbury Airport,Port Hawkesbury,CA,CA-NS,NA,medium_airport,1,5000,medium
3,CYPE,YPE,Peace River Airport,Peace River,CA,CA-AB,NA,medium_airport,1,5000,medium
3,CYPL,YPL,Pickle Lake Airport,Pickle Lake,CA,CA-ON,NA,medium_airport,1,4921,medium
3,CYPN,YPN,Port-Menier Airport,Port-Menier,CA,CA-QC,NA,medium_airport,1,4886,medium
3,CYPR,YPR,Prince Rupert Airport,Prince Rupert,CA,CA-BC,NA,medium_airport,1,6000,medium
3,CYPW,YPW,Powell River Airport,Powell River,CA,CA-BC,NA,medium_airport,1,3627,medium
3,CYPX,YPX,Puvirnituq Airport,Puvirnituq,CA,CA-QC,NA,medium_airport,1,6299,medium
3,CYPY,YPY,Fort Chipewyan Airport,Fort Chipewyan,CA,CA-AB,NA,medium_airport,1,5000,medium
3,CYPZ,YPZ,Burns Lake Airport,Burns Lake,CA,CA-BC,NA,medium_airport,1,5000,medium
3,CYQA,YQA,Muskoka Airport,Gravenhurst,CA,CA-ON,NA,medium_airport,1,6000,medium
3,CYQD,YQD,The Pas Airport,The Pas,CA,CA-MB,NA,medium_airport,1,5901,medium
3,CYQH,YQH,Watson Lake Airport,Watson Lake,CA,CA-YT,NA,medium_airport,1,5504,medium
3,CYQK,YQK,Kenora Airport,Kenora,CA,CA-ON,NA,medium_airport,1,5800,medium
3,CYQN,YQN,Nakina Airport,Nakina,CA,CA-ON,NA,medium_airport,1,3500,medium
3,CYQZ,YQZ,Quesnel Airport,Quesnel,CA,CA-BC,NA,medium_airport,1,5500,medium
3,CYRB,YRB,Resolute Bay Airport,Resolute Bay,CA,CA-NU,NA,medium_airport,1,6500,medium
3,CYRI,YRI,Rivière-du-Loup Airport,Rivière-du-Loup,CA,CA-QC,NA,medium_airport,1,6000,medium
3,CYRJ,YRJ,Roberval Airport,Roberval,CA,CA-QC,NA,medium_airport,1,5000,medium
3,CYRL,YRL,Red Lake Airport,Red Lake,CA,CA-ON,NA,medium_airport,1,5001,medium
3,CYRO,YRO,Ottawa / Rockcliffe Airport,Ottawa,CA,CA-ON,NA,medium_airport,1,3300,medium
3,CYRQ,YRQ,Trois-Rivières Airport,Trois-Rivières,CA,CA-QC,NA,medium_airport,1,9006,medium
3,CYRT,YRT,Rankin Inlet Airport,Rankin Inlet,CA,CA-NU,NA,medium_airport,1,6000,medium
3,CYRV,YRV,Revelstoke Airport,Revelstoke,CA,CA-BC,NA,medium_airport,1,4800,medium
3,CYSF,YSF,Stony Rapids Airport,Stony Rapids,CA,CA-SK,NA,medium_airport,1,5050,medium
3,CYSG,,Saint-Georges Airport,Saint-Georges,CA,CA-QC,NA,medium_airport,1,5108,medium
3,CYSL,YSL,Saint-Léonard Airport,Saint-Léonard,CA,CA-NB,NA,medium_airport,1,4000,medium
3,CYSP,YSP,Marathon Airport,Marathon,CA,CA-ON,NA,medium_airport,1,3933,medium
3,CYSU,YSU,Summerside Airport,Slemon Park,CA,CA-PE,NA,medium_airport,1,8000,medium
3,CYTA,YTA,Pembroke Airport,Pembroke,CA,CA-ON,NA,medium_airport,1,5000,medium
3,CYTF,YTF,Alma Airport,Alma,CA,CA-QC,NA,medium_airport,1,5000,medium
3,CYUX,YUX,Hall Beach Airport,Sanirajak,CA,CA-NU,NA,medium_airport,1,5410,medium
3,CYUY,YUY,Rouyn Noranda Airport,Rouyn-Noranda,CA,CA-QC,NA,medium_airport,1,7485,medium
3,CYVB,YVB,Bonaventure Airport,Bonaventure,CA,CA-QC,NA,medium_airport,1,5985,medium
3,CYVD,,Virden / RJ (Bob) Andrew Field Regional Aerodrome,Virden,CA,CA-MB,NA,medium_airport,1,4000,medium
3,CYVK,YVE,Vernon Regional Airport,Vernon,CA,CA-BC,NA,medium_airport,1,3360,medium
3,CYVO,YVO,Val-d'Or Airport,Val-d'Or,CA,CA-QC,NA,medium_airport,1,10000,medium
3,CYVQ,YVQ,Norman Wells Airport,Norman Wells,CA,CA-NT,NA,medium_airport,1,5998,medium
3,CYWK,YWK,Wabush Airport,Wabush,CA,CA-NL,NA,medium_airport,1,6002,medium
3,CYWL,YWL,Williams Lake Airport,Williams Lake,CA,CA-BC,NA,medium_airport,1,7000,medium
3,CYWY,YWY,Wrigley Airport,Wrigley,CA,CA-NT,NA,medium_airport,1,3500,medium
3,CYXC,YXC,Cranbrook/Canadian Rockies International Airport,Cranbrook,CA,CA-BC,NA,medium_airport,1,6000,international + medium
3,CYXK,YXK,Rimouski Airport,Rimouski,CA,CA-QC,NA,medium_airport,1,4600,medium
3,CYXL,YXL,Sioux Lookout Airport,Sioux Lookout,CA,CA-ON,NA,medium_airport,1,5300,medium
3,CYXQ,YXQ,Beaver Creek Airport,Beaver Creek,CA,CA-YT,NA,medium_airport,1,3745,medium
3,CYXZ,YXZ,Wawa Airport,Wawa,CA,CA-ON,NA,medium_airport,1,4429,medium
3,CYYD,YYD,Smithers Airport,Smithers,CA,CA-BC,NA,medium_airport,1,5000,medium
3,CYYF,YYF,Penticton Airport,Penticton,CA,CA-BC,NA,medium_airport,1,6000,medium
3,CYYU,YYU,Kapuskasing Airport,Kapuskasing,CA,CA-ON,NA,medium_airport,1,5500,medium
3,CYZE,YZE,Gore Bay Manitoulin Airport,Gore Bay,CA,CA-ON,NA,medium_airport,1,5500,medium
3,CYZH,YZH,Slave Lake Airport,Slave Lake,CA,CA-AB,NA,medium_airport,1,5561,medium
3,CYZP,YZP,Sandspit Airport,Sandspit,CA,CA-BC,NA,medium_airport,1,5120,medium
3,CYZS,YZS,Coral Harbour Airport,Coral Harbour,CA,CA-NU,NA,medium_airport,1,5000,medium
3,CYZU,YZU,Whitecourt Airport,Whitecourt,CA,CA-AB,NA,medium_airport,1,5800,medium
3,CYZW,YZW,Teslin Airport,Teslin,CA,CA-YT,NA,medium_airport,1,5028,medium
3,CYZY,,Mackenzie Airport,Mackenzie,CA,CA-BC,NA,medium_airport,1,5033,medium
3,CZAM,YSN,Shuswap Regional Airport,Salmon Arm,CA,CA-BC,NA,medium_airport,1,4260,medium
3,CZBF,ZBF,Bathurst Airport,South Tetagouche,CA,CA-NB,NA,medium_airport,1,5613,medium
3,CZEE,KES,Kelsey Airport,Kelsey,CA,CA-MB,NA,medium_airport,1,2590,medium
3,CZFA,ZFA,Faro Airport,Faro,CA,CA-YT,NA,medium_airport,1,4000,medium
3,CZGF,ZGF,Grand Forks Airport,Grand Forks,CA,CA-BC,NA,medium_airport,1,4300,medium
3,CZJG,ZJG,Jenpeg Airport,Jenpeg,CA,CA-MB,NA,medium_airport,1,3800,medium
3,CZLQ,YTD,Thicket Portage Airport,Thicket Portage,CA,CA-MB,NA,medium_airport,1,2220,medium
3,CZMN,PIW,Pikwitonei Airport,Pikwitonei,CA,CA-MB,NA,medium_airport,1,2200,medium
3,CZMT,ZMT,Masset Airport,Masset,CA,CA-BC,NA,medium_airport,1,5000,medium
3,CZPC,WPC,Pincher Creek Airport,Pincher Creek,CA,CA-AB,NA,medium_airport,1,6600,medium
3,CZSJ,ZSJ,Sandy Lake Airport,Sandy Lake,CA,CA-ON,NA,medium_airport,1,3500,medium
3,CZST,ZST,Stewart Airport,Stewart,CA,CA-BC,NA,medium_airport,1,3900,medium
3,CZUC,ZUC,Ignace Municipal Airport,Ignace,CA,CA-ON,NA,medium_airport,1,3512,medium
3,SKPV,PVA,El Embrujo Airport,Providencia,CO,CO-SAP,NA,medium_airport,1,3832,medium
3,SKSP,ADZ,Gustavo Rojas Pinilla International Airport,San Andrés,CO,CO-SAP,NA,large_airport,1,7808,international + large
3,MRAN,FON,La Fortuna Arenal Airport,La Fortuna,CR,CR-A,NA,medium_airport,1,2625,medium
3,MRAO,,Aerotortuguero Airport,Roxana,CR,CR-L,NA,medium_airport,1,3118,medium
3,MRBA,BAI,Buenos Aires Airport,Punta Arenas,CR,CR-P,NA,medium_airport,1,3248,medium
3,MRBC,BCL,Barra del Colorado Airport,Pococi,CR,CR-L,NA,medium_airport,1,3281,medium
3,MRCC,OTR,Coto 47 Airport,Corredores,CR,CR-P,NA,medium_airport,1,3281,medium
3,MRGF,GLF,Golfito Airport,Golfito,CR,CR-P,NA,medium_airport,1,4593,medium
3,MRGP,GPL,Guapiles Airport,Pococi,CR,CR-L,NA,medium_airport,1,3609,medium
3,MRLB,LIR,Daniel Oduber Quirós International Airport,Liberia,CR,CR-G,NA,large_airport,1,9022,international + large
3,MRLC,LSL,Los Chiles Airport,Los Chiles,CR,CR-A,NA,medium_airport,1,4265,medium
3,MRLM,LIO,Limón International Airport,Limón,CR,CR-L,NA,medium_airport,1,5906,international + medium
3,MRNS,NOB,Nosara Airport,Nicoya,CR,CR-G,NA,medium_airport,1,3281,medium
3,MROC,SJO,Juan Santamaría International Airport,San José (Alajuela),CR,CR-A,NA,large_airport,1,9882,international + large
3,MRPJ,PJM,Puerto Jimenez Airport,Puerto Jimenez,CR,CR-P,NA,medium_airport,1,2707,medium
3,MRPM,PMZ,Palmar Sur Airport,Palmar Sur,CR,CR-P,NA,medium_airport,1,4570,medium
3,MRPV,SYQ,Tobías Bolaños International Airport,San Jose,CR,CR-SJ,NA,medium_airport,1,5138,international + medium
3,MRQP,XQP,Quepos Managua Airport,Quepos,CR,CR-P,NA,medium_airport,1,3609,medium
3,MRUP,UPL,Upala Airport,Upala,CR,CR-A,NA,medium_airport,1,3536,medium
3,MUCU,SCU,Antonio Maceo International Airport,Santiago,CU,CU-13,NA,large_airport,2,13130,2+ runways + international + large
3,MUNG,GER,Rafael Cabrera Airport,Nueva Gerona,CU,CU-99,NA,medium_airport,2,8202,2+ runways + medium
3,MUBA,BCA,Gustavo Rizo Airport,Baracoa,CU,CU-14,NA,medium_airport,1,6070,medium
3,MUBY,BYM,Carlos Manuel de Cespedes Airport,Bayamo,CU,CU-12,NA,medium_airport,1,6887,medium
3,MUCA,AVI,Máximo Gómez Airport,Ciro Redondo,CU,CU-08,NA,medium_airport,1,11588,medium
3,MUCC,CCC,Jardines Del Rey Airport,Cayo Coco,CU,CU-08,NA,medium_airport,1,9842,medium
3,MUCF,CFG,Jaime Gonzalez Airport,Cienfuegos,CU,CU-06,NA,medium_airport,1,7874,medium
3,MUCL,CYO,Vilo Acuña International Airport,Cayo Largo del Sur,CU,CU-99,NA,medium_airport,1,9869,international + medium
3,MUCM,CMW,Ignacio Agramonte International Airport,Camaguey,CU,CU-09,NA,large_airport,1,9842,international + large
3,MUGM,NBW,Leeward Point Field,Guantanamo Bay Naval Station,CU,CU-14,NA,medium_airport,1,8000,medium
3,MUGT,GAO,Mariana Grajales Airport,Guantánamo,CU,CU-14,NA,medium_airport,1,8025,medium
3,MUHA,HAV,José Martí International Airport,Havana,CU,CU-03,NA,large_airport,1,13123,international + large
3,MUHG,HOG,Frank Pais International Airport,Holguin,CU,CU-11,NA,large_airport,1,10624,international + large
3,MUKW,VRO,Kawama Airport,Santa Marta,CU,CU-04,NA,medium_airport,1,4850,medium
3,MUMO,MOA,Orestes Acosta Airport,Moa,CU,CU-11,NA,medium_airport,1,6102,medium
3,MUMZ,MZO,Sierra Maestra International Airport,Manzanillo,CU,CU-12,NA,medium_airport,1,7875,international + medium
3,MUNB,,San Nicolás de Bari Airport,San Nicolás de Bari,CU,CU-16,NA,medium_airport,1,3300,medium
3,MUPB,UPB,Playa Baracoa Airport,Havana,CU,CU-15,NA,medium_airport,1,7563,medium
3,MUSC,SNU,Abel Santamaria International Airport,Santa Clara,CU,CU-05,NA,large_airport,1,9898,international + large
3,MUSN,SZJ,Siguanea Airport,Isla de la Juventud,CU,CU-99,NA,medium_airport,1,5905,medium
3,MUTD,TND,Alberto Delgado Airport,Trinidad,CU,CU-07,NA,medium_airport,1,5909,medium
3,MUVR,VRA,Juan Gualberto Gomez International Airport,Matanzas,CU,CU-04,NA,large_airport,1,11490,international + large
3,MUVT,VTU,Hermanos Ameijeiras Airport,Las Tunas,CU,CU-10,NA,medium_airport,1,5971,medium
3,MUSJ,SNJ,San Julián Air Base,Sandino,CU,CU-01,NA,medium_airport,0,0,medium
3,TNCC,CUR,Hato International Airport,Willemstad,CW,CW-U-A,NA,large_airport,1,11188,international + large
3,TDCF,DCF,Canefield Airport,Canefield,DM,DM-10,NA,medium_airport,1,3130,medium
3,TDPD,DOM,Douglas-Charles Airport,Marigot,DM,DM-02,NA,medium_airport,1,6352,main airport of DM + medium
3,MDPC,PUJ,Punta Cana International Airport,Punta Cana,DO,DO-11,NA,large_airport,2,10171,2+ runways + international + large
3,MDSD,SDQ,Las Américas International Airport,Santo Domingo,DO,DO-01,NA,large_airport,2,11000,2+ runways + international + large
3,MDBH,BRX,Maria Montez International Airport,Barahona,DO,DO-04,NA,medium_airport,1,9843,international + medium
3,MDCR,CBJ,Cabo Rojo Airport,Cabo Rojo,DO,DO-16,NA,medium_airport,1,4950,medium
3,MDCY,AZS,Samaná El Catey International Airport,Samana,DO,DO-20,NA,medium_airport,1,9843,international + medium
3,MDJB,JBQ,La Isabela International Airport,La Isabela,DO,DO-01,NA,medium_airport,1,5412,international + medium
3,MDLR,LRM,Casa De Campo International Airport,La Romana,DO,DO-12,NA,large_airport,1,9678,international + large
3,MDPP,POP,Gregorio Luperon International Airport,Puerto Plata,DO,DO-18,NA,medium_airport,1,10108,international + medium
3,MDSI,,San Isidro Air Base,San Isidro,DO,DO-01,NA,medium_airport,1,7000,medium
3,MDST,STI,Cibao International Airport,Santiago,DO,DO-25,NA,large_airport,1,8595,international + large
3,TGPY,GND,Maurice Bishop International Airport,Saint George's,GD,GD-GE,NA,large_airport,1,9003,international + large
3,BGAA,JEG,Aasiaat Airport,Aasiaat,GL,GL-QK,NA,medium_airport,1,2621,medium
3,BGCO,CNP,Neerlerit Inaat Airport,Neerlerit Inaat,GL,GL-SE,NA,medium_airport,1,3281,medium
3,BGGH,GOH,Nuuk International Airport,Nuuk,GL,GL-SE,NA,large_airport,1,7217,international + large
3,BGJN,JAV,Ilulissat Airport,Ilulissat,GL,GL-AV,NA,medium_airport,1,2772,medium
3,BGKK,KUS,Kulusuk Airport,Kulusuk,GL,GL-SE,NA,medium_airport,1,3934,medium
3,BGQQ,NAQ,Qaanaaq Airport,Qaanaaq,GL,GL-AV,NA,medium_airport,1,3314,medium
3,BGSF,SFJ,Kangerlussuaq International Airport,Kangerlussuaq,GL,GL-QA,NA,medium_airport,1,9219,international + medium
3,BGSS,JHS,Sisimiut Airport,Sisimiut,GL,GL-QA,NA,medium_airport,1,2621,medium
3,BGTL,THU,Pituffik Space Base,Pituffik,GL,GL-AV,NA,medium_airport,1,9997,medium
3,BGQO,JJU,Qaqortoq Airport,Qaqortoq,GL,GL-KU,NA,medium_airport,0,0,medium
3,TFFM,GBJ,Marie-Galante Airport,Grand-Bourg,GP,GP-U-A,NA,medium_airport,1,4068,medium
3,TFFR,PTP,Maryse Condé International Airport,Pointe-à-Pitre,GP,GP-U-A,NA,large_airport,1,11499,international + large
3,MGCB,CBV,Coban Airport,Coban,GT,GT-AV,NA,medium_airport,1,3340,medium
3,MGGT,GUA,La Aurora International Airport,Guatemala City,GT,GT-GU,NA,large_airport,1,9800,international + large
3,MGPB,PBR,Puerto Barrios Airport,Puerto Barrios,GT,GT-IZ,NA,medium_airport,1,8880,medium
3,MGRB,RUV,Rubelsanto Airport,Rubelsanto,GT,GT-AV,NA,medium_airport,1,4690,medium
3,MGRT,RER,Retalhuleu Airport,Retalhuleu,GT,GT-RE,NA,medium_airport,1,5065,medium
3,MGSJ,GSJ,San José Airport,Puerto San José,GT,GT-ES,NA,medium_airport,1,6595,medium
3,MGMM,FRS,Mundo Maya International Airport,San Benito,GT,GT-PE,NA,medium_airport,0,0,international + medium
3,MHLC,LCE,Golosón International Airport,La Ceiba,HN,HN-AT,NA,medium_airport,1,9875,international + medium
3,MHLM,SAP,Ramón Villeda Morales International Airport,San Pedro Sula,HN,HN-CR,NA,large_airport,1,9203,international + large
3,MHNJ,GJA,La Laguna Airport,Guanaja,HN,HN-IB,NA,medium_airport,1,3990,medium
3,MHRO,RTB,Juan Manuel Gálvez International Airport,Coxen Hole,HN,HN-IB,NA,large_airport,1,7349,international + large
3,MHTE,TEA,Tela Airport,Tela,HN,HN-AT,NA,medium_airport,1,4415,medium
3,MHTG,TGU,Toncontín Airport,Tegucigalpa,HN,HN-FM,NA,medium_airport,1,6112,medium
3,MHTJ,TJI,Trujillo Airport,Trujillo,HN,HN-CL,NA,medium_airport,1,3515,medium
3,MHPR,XPL,Palmerola International Airport,Palmerola,HN,HN-CM,NA,large_airport,0,0,international + large
3,MTCA,CYA,Antoine-Simon International Airport,Les Cayes,HT,HT-SD,NA,medium_airport,1,3220,international + medium
3,MTCH,CAP,Cap Haitien International Airport,Cap Haitien,HT,HT-ND,NA,large_airport,1,8701,international + large
3,MTJA,JAK,Jacmel Airport,Jacmel,HT,HT-SE,NA,medium_airport,1,3300,medium
3,MTJE,JEE,Jérémie Airport,Carrefour Sanon,HT,HT-GA,NA,medium_airport,1,0,medium
3,MTPP,PAP,Toussaint Louverture International Airport,Port-au-Prince,HT,HT-OU,NA,large_airport,1,9974,international + large
3,MTPX,PAX,Port-de-Paix Airport,Port-de-Paix,HT,HT-NO,NA,medium_airport,1,2100,medium
3,MKBS,OCJ,Ian Fleming International Airport,Boscobel,JM,JM-05,NA,medium_airport,1,4769,international + medium
3,MKJP,KIN,Norman Manley International Airport,Kingston,JM,JM-01,NA,large_airport,1,8900,international + large
3,MKJS,MBJ,Sangster International Airport,Montego Bay,JM,JM-08,NA,large_airport,1,10039,international + large
3,MKKJ,POT,Ken Jones Airport,Ken Jones,JM,JM-04,NA,medium_airport,1,3412,medium
3,MKTP,KTP,Tinson Pen Airport,Tinson Pen,JM,JM-02,NA,medium_airport,1,4300,medium
3,TKPK,SKB,Robert L. Bradshaw International Airport,Basseterre,KN,KN-U-A,NA,large_airport,1,7602,international + large
3,TKPN,NEV,Vance W. Amory International Airport,Charlestown,KN,KN-U-A,NA,medium_airport,1,3996,international + medium
3,MWCB,CYB,Charles Kirkconnell International Airport,West End,KY,KY-CB,NA,medium_airport,1,6000,international + medium
3,MWCL,LYB,Edward Bodden Little Cayman Airfield,Blossom Village,KY,KY-LC,NA,medium_airport,1,3275,medium
3,MWCR,GCM,Owen Roberts International Airport,George Town,KY,KY-GC,NA,large_airport,1,7867,international + large
3,TLPC,SLU,George F. L. Charles Airport,Castries,LC,LC-02,NA,medium_airport,1,5735,medium
3,TLPL,UVF,Hewanorra International Airport,Vieux Fort,LC,LC-11,NA,large_airport,1,9003,international + large
3,TFFG,SFG,Grand Case-l'Espérance Airport,Grand Case,MF,MF-U-A,NA,medium_airport,1,3937,main airport of MF + medium
3,TFFF,FDF,Martinique Aimé Césaire International Airport,Fort-de-France,MQ,MQ-U-A,NA,large_airport,1,9843,international + large
3,TRPG,MNI,John A. Osborne Airport,Gerald's Park,MS,MS-SP,NA,large_airport,1,1968,large
3,MMCU,CUU,General Roberto Fierro Villalobos International Airport,Chihuahua,MX,MX-CHH,NA,large_airport,3,8530,2+ runways + international + large
3,MMSM,NLU,Felipe Ángeles International Airport,Mexico City,MX,MX-MEX,NA,large_airport,3,14764,2+ runways + international + large
3,MMTM,TAM,General Francisco Javier Mina International Airport,Ciudad Madero,MX,MX-TAM,NA,medium_airport,3,8366,2+ runways + international + medium
3,MMAA,ACA,General Juan N. Álvarez International Airport,Acapulco,MX,MX-GRO,NA,large_airport,2,10832,2+ runways + international + large
3,MMAN,NTR,Del Norte International Airport,Monterrey,MX,MX-NLE,NA,medium_airport,2,6598,2+ runways + international + medium
3,MMCS,CJS,Abraham González International Airport,Ciudad Juárez,MX,MX-CHH,NA,large_airport,2,8858,2+ runways + international + large
3,MMGL,GDL,Guadalajara International Airport,Guadalajara,MX,MX-JAL,NA,large_airport,2,13123,2+ runways + international + large
3,MMMD,MID,Manuel Crescencio Rejón International Airport,Mérida,MX,MX-YUC,NA,large_airport,2,10499,2+ runways + international + large
3,MMMV,LOV,Monclova International Airport,Monclova,MX,MX-COA,NA,medium_airport,2,6890,2+ runways + international + medium
3,MMMX,MEX,Mexico City Benito Juárez International Airport,Mexico City,MX,MX-DIF,NA,large_airport,2,12966,2+ runways + international + large
3,MMMY,MTY,Monterrey International Airport,Monterrey,MX,MX-NLE,NA,large_airport,2,9843,2+ runways + international + large
3,MMSP,SLP,Ponciano Arriaga International Airport,San Luis Potosí,MX,MX-SLP,NA,medium_airport,2,9867,2+ runways + international + medium
3,MMTC,TRC,Francisco Sarabia Tinoco International Airport,Torreón,MX,MX-COA,NA,medium_airport,2,9039,2+ runways + international + medium
3,MMUN,CUN,Cancún International Airport,Cancún,MX,MX-ROO,NA,large_airport,2,11483,2+ runways + international + large
3,MMAS,AGU,Aguascalientes International Airport,Aguascalientes,MX,MX-AGU,NA,large_airport,1,9843,international + large
3,MMBT,HUX,Bahías de Huatulco International Airport,Huatulco,MX,MX-OAX,NA,large_airport,1,8858,international + large
3,MMCB,CVJ,General Mariano Matamoros International Airport,Temixco,MX,MX-MOR,NA,medium_airport,1,9180,international + medium
3,MMCC,ACN,Ciudad Acuña International Airport,Ciudad Acuña,MX,MX-COA,NA,medium_airport,1,5910,international + medium
3,MMCE,CME,Ciudad del Carmen International Airport,Ciudad del Carmen,MX,MX-CAM,NA,medium_airport,1,7218,international + medium
3,MMCL,CUL,Bachigualato Federal International Airport,Culiacán,MX,MX-SIN,NA,large_airport,1,7365,international + large
3,MMCM,CTM,Chetumal International Airport,Chetumal,MX,MX-ROO,NA,medium_airport,1,7244,international + medium
3,MMCN,CEN,Ciudad Obregón International Airport,Ciudad Obregón,MX,MX-SON,NA,medium_airport,1,7546,international + medium
3,MMCP,CPE,Ingeniero Alberto Acuña Ongay International Airport,Campeche,MX,MX-CAM,NA,medium_airport,1,8202,international + medium
3,MMCV,CVM,General Pedro Jose Mendez International Airport,Ciudad Victoria,MX,MX-TAM,NA,medium_airport,1,7218,international + medium
3,MMCY,CYW,Captain Rogelio Castillo National Airport,Celaya,MX,MX-GUA,NA,medium_airport,1,6284,medium
3,MMCZ,CZM,Cozumel International Airport,Cozumel,MX,MX-ROO,NA,large_airport,1,8858,international + large
3,MMDO,DGO,General Guadalupe Victoria International Airport,Durango,MX,MX-DUR,NA,medium_airport,1,9514,international + medium
3,MMEP,TPQ,Amado Nervo National Airport,Tepic,MX,MX-NAY,NA,medium_airport,1,10171,medium
3,MMES,ESE,Ensenada International Airport / El Ciprés Air Base,Ensenada,MX,MX-BCN,NA,medium_airport,1,4892,international + medium
3,MMGM,GYM,General José María Yáñez International Airport,Guaymas,MX,MX-SON,NA,medium_airport,1,7710,international + medium
3,MMHO,HMO,General Ignacio L. Pesqueira International Airport,Hermosillo,MX,MX-SON,NA,large_airport,1,7546,international + large
3,MMIA,CLQ,Licenciado Miguel de la Madrid International Airport,Colima,MX,MX-COL,NA,medium_airport,1,7546,international + medium
3,MMIO,SLW,Plan de Guadalupe International Airport,Saltillo,MX,MX-COA,NA,medium_airport,1,9506,international + medium
3,MMIT,IZT,General Antonio Cárdenas Rodríguez National Airport / Ixtepec Air Base,Ixtepec,MX,MX-OAX,NA,medium_airport,1,7640,medium
3,MMJA,JAL,El Lencero Airport,Emiliano Zapata,MX,MX-VER,NA,medium_airport,1,5577,medium
3,MMLC,LZC,Lázaro Cárdenas Airport,Lázaro Cárdenas,MX,MX-MIC,NA,medium_airport,1,4900,medium
3,MMLM,LMM,Valle del Fuerte International Airport,Los Mochis,MX,MX-SIN,NA,medium_airport,1,6562,international + medium
3,MMLO,BJX,Guanajuato International Airport,Silao,MX,MX-GUA,NA,large_airport,1,11483,international + large
3,MMLP,LAP,Manuel Márquez de León International Airport,La Paz,MX,MX-BCS,NA,medium_airport,1,8202,international + medium
3,MMLT,LTO,Loreto International Airport,Loreto,MX,MX-BCS,NA,large_airport,1,7218,international + large
3,MMMA,MAM,General Servando Canales International Airport,Matamoros,MX,MX-TAM,NA,medium_airport,1,7546,international + medium
3,MMML,MXL,General Rodolfo Sánchez Taboada International Airport,Mexicali,MX,MX-BCN,NA,medium_airport,1,8530,international + medium
3,MMMM,MLM,General Francisco J. Mujica International Airport,Morelia,MX,MX-MIC,NA,large_airport,1,11155,international + large
3,MMMT,MTT,Minatitlán/Coatzacoalcos International Airport,Cosoleacaque,MX,MX-VER,NA,medium_airport,1,6890,international + medium
3,MMMZ,MZT,General Rafael Buelna International Airport,Mazatlàn,MX,MX-SIN,NA,large_airport,1,8868,international + large
3,MMNG,NOG,Nogales International Airport,Nogales,MX,MX-SON,NA,medium_airport,1,5905,international + medium
3,MMNL,NLD,Quetzalcóatl International Airport,Nuevo Laredo,MX,MX-TAM,NA,medium_airport,1,6562,international + medium
3,MMOX,OAX,Xoxocotlán International Airport,Oaxaca,MX,MX-OAX,NA,large_airport,1,8038,international + large
3,MMPA,PAZ,El Tajín National Airport,Poza Rica,MX,MX-VER,NA,medium_airport,1,5906,medium
3,MMPB,PBC,Hermanos Serdán International Airport,Puebla,MX,MX-PUE,NA,large_airport,1,11811,international + large
3,MMPG,PDS,Piedras Negras International Airport,Piedras Negras,MX,MX-COA,NA,medium_airport,1,6655,international + medium
3,MMPN,UPN,Uruapan - Licenciado y General Ignacio Lopez Rayon International Airport,Uruapan,MX,MX-MIC,NA,medium_airport,1,7874,international + medium
3,MMPR,PVR,Puerto Vallarta International Airport,Puerto Vallarta,MX,MX-JAL,NA,large_airport,1,10171,international + large
3,MMPS,PXM,Puerto Escondido International Airport,Puerto Escondido,MX,MX-OAX,NA,medium_airport,1,7546,international + medium
3,MMQT,QRO,Querétaro Intercontinental Airport,Querétaro,MX,MX-QUE,NA,large_airport,1,11483,large
3,MMRX,REX,General Lucio Blanco International Airport,Reynosa,MX,MX-TAM,NA,medium_airport,1,6243,international + medium
3,MMSD,SJD,Los Cabos International Airport,San José del Cabo,MX,MX-BCS,NA,large_airport,1,9843,international + large
3,MMSL,CSW,Cabo San Lucas International Airport,Cabo San Lucas,MX,MX-BCS,NA,medium_airport,1,6998,international + medium
3,MMTB,,Terán Air Base,Tuxtla Gutiérrez,MX,MX-CHP,NA,medium_airport,1,7065,medium
3,MMTG,TGZ,Angel Albino Corzo International Airport,Tuxtla Gutiérrez,MX,MX-CHP,NA,medium_airport,1,8202,international + medium
3,MMTJ,TIJ,General Abelardo L. Rodriguez International Airport,Tijuana,MX,MX-BCN,NA,large_airport,1,9711,international + large
3,MMTL,TQO,Felipe Carrillo Puerto International Airport Tulum,Tulum,MX,MX-ROO,NA,large_airport,1,12139,international + large
3,MMTO,TLC,Adolfo López Mateos International Airport,Toluca,MX,MX-MEX,NA,large_airport,1,13780,international + large
3,MMTP,TAP,Tapachula International Airport,Tapachula,MX,MX-CHP,NA,medium_airport,1,6562,international + medium
3,MMVA,VSA,Carlos Rovirosa Pérez International Airport,Villahermosa,MX,MX-TAB,NA,large_airport,1,7218,international + large
3,MMVR,VER,General Heriberto Jara International Airport,Veracruz,MX,MX-VER,NA,large_airport,1,7874,international + large
3,MMZC,ZCL,General Leobardo C. Ruiz International Airport,Zacatecas,MX,MX-ZAC,NA,medium_airport,1,9843,international + medium
3,MMZH,ZIH,Ixtapa-Zihuatanejo International Airport,Ixtapa,MX,MX-GRO,NA,large_airport,1,8222,international + large
3,MMZO,ZLO,Playa de Oro International Airport,Manzanillo,MX,MX-COL,NA,medium_airport,1,7218,international + medium
3,MMGA,,Creel International Airport / Barrancas del Cobre Regional Airport,Bocoyna,MX,MX-CHH,NA,medium_airport,0,0,international + medium
3,MNBL,BEF,Bluefields Airport,Bluefields,NI,NI-AS,NA,medium_airport,1,6625,medium
3,MNMG,MGA,Augusto C. Sandino (Managua) International Airport,Managua,NI,NI-MN,NA,large_airport,1,8012,international + large
3,MNPC,PUZ,Puerto Cabezas Airport,Puerto Cabezas,NI,NI-AN,NA,medium_airport,1,8130,medium
3,MPTO,PTY,Tocumen International Airport,Tocumen,PA,PA-8,NA,large_airport,2,10006,2+ runways + international + large
3,MPBO,BOC,"Bocas del Toro ""Isla Colón"" International Airport",Isla Colón,PA,PA-1,NA,medium_airport,1,4921,international + medium
3,MPCE,CTD,Alonso Valderrama Airport,Chitré,PA,PA-6,NA,medium_airport,1,4921,medium
3,MPCH,CHX,Changuinola Captain Manuel Niño International Airport,Changuinola,PA,PA-1,NA,medium_airport,1,3609,international + medium
3,MPDA,DAV,Enrique Malek International Airport,David,PA,PA-4,NA,medium_airport,1,8530,international + medium
3,MPEJ,ONX,Enrique Adolfo Jimenez Airport,Colón,PA,PA-3,NA,medium_airport,1,8858,medium
3,MPMG,PAC,Marcos A. Gelabert International Airport,Albrook,PA,PA-8,NA,medium_airport,1,5906,international + medium
3,MPSA,SYP,Ruben Cantu Airport,Santiago,PA,PA-9,NA,medium_airport,1,3937,medium
3,LFVP,FSP,Saint-Pierre Pointe-Blanche Airport,Saint-Pierre,PM,PM-SP,NA,medium_airport,1,5906,main airport of PM + medium
3,TJSJ,SJU,Luis Munoz Marin International Airport,San Juan,PR,PR-U-A,NA,large_airport,2,10002,2+ runways + international + large
3,TJAB,ARE,Antonio Nery Juarbe Pol Airport,Arecibo,PR,PR-U-A,NA,medium_airport,1,3975,medium
3,TJBQ,BQN,Rafael Hernández International Airport,Aguadilla,PR,PR-U-A,NA,medium_airport,1,11702,international + medium
3,TJCP,CPX,Benjamin Rivera Noriega Airport,Culebra,PR,PR-U-A,NA,medium_airport,1,2600,medium
3,TJIG,SIG,Fernando Luis Ribas Dominicci Airport,San Juan,PR,PR-U-A,NA,medium_airport,1,5317,medium
3,TJMZ,MAZ,Eugenio Maria De Hostos Airport,Mayaguez,PR,PR-U-A,NA,medium_airport,1,4998,medium
3,TJPS,PSE,Mercedita International Airport,Ponce,PR,PR-U-A,NA,medium_airport,1,6904,international + medium
3,TJRV,NRR,José Aponte de la Torre Airport,Ceiba,PR,PR-U-A,NA,medium_airport,1,11000,medium
3,TJVQ,VQS,Antonio Rivera Rodriguez Airport,Vieques,PR,PR-U-A,NA,medium_airport,1,4301,medium
3,MSLP,SAL,El Salvador International Airport Saint Óscar Arnulfo Romero y Galdámez,San Salvador (San Luis Talpa),SV,SV-PA,NA,large_airport,1,10500,international + large
3,MSSS,ILS,Ilopango International Airport,San Salvador,SV,SV-SS,NA,medium_airport,1,7349,international + medium
3,TNCM,SXM,Princess Juliana International Airport,Sint Maarten,SX,SX-U-A,NA,large_airport,1,7546,international + large
3,MBGT,GDT,JAGS McCartney International Airport,Cockburn Town,TC,TC-GT,NA,medium_airport,1,6362,international + medium
3,MBNC,NCA,North Caicos Airport,North Caicos,TC,TC-NC,NA,medium_airport,1,4245,medium
3,MBPV,PLS,Providenciales International Airport,Providenciales,TC,TC-PR,NA,large_airport,1,9199,international + large
3,MBSC,XSC,South Caicos Airport,South Caicos,TC,TC-SC,NA,medium_airport,1,6335,medium
3,TTCP,TAB,A.N.R. Robinson International Airport,Scarborough,TT,TT-TOB,NA,large_airport,1,9002,international + large
3,TTPP,POS,Piarco International Airport,Port of Spain,TT,TT-TUP,NA,large_airport,1,10500,international + large
3,TVSA,SVD,Argyle International Airport,Kingstown,VC,VC-04,NA,large_airport,1,9000,international + large
3,TVSB,BQU,J F Mitchell Airport,Bequia,VC,VC-06,NA,medium_airport,1,3609,medium
3,TVSC,CIW,Canouan Airport,Canouan,VC,VC-06,NA,medium_airport,1,5900,medium
3,TVSM,MQS,Mustique Airport,Lovell,VC,VC-06,NA,medium_airport,1,3255,medium
3,TVSU,UNI,Union Island International Airport,Union Island,VC,VC-06,NA,medium_airport,1,2467,international + medium
3,SVMG,PMV,Del Caribe Santiago Mariño International Airport,Isla Margarita,VE,VE-O,NA,large_airport,2,10433,2+ runways + international + large
3,TUPJ,EIS,Terrance B. Lettsome International Airport,Beef Island,VG,VG-U-A,NA,large_airport,1,4642,international + large
3,TUPW,VIJ,Virgin Gorda Airport,Spanish Town,VG,VG-U-A,NA,medium_airport,1,3100,medium
3,TIST,STT,Cyril E. King Airport,Charlotte Amalie,VI,VI-ST,NA,large_airport,1,7000,large
3,TISX,STX,Henry E. Rohlsen Airport,Christiansted,VI,VI-SC,NA,medium_airport,1,10002,medium
3,NSTU,PPG,Pago Pago International Airport,Pago Pago,AS,AS-WT,OC,large_airport,2,10000,2+ runways + international + large
3,YBOK,OKY,Oakey Army Aviation Centre,,AU,AU-QLD,OC,medium_airport,5,5410,2+ runways + medium
3,YMMB,MBW,Melbourne Moorabbin Airport,Melbourne,AU,AU-VIC,OC,medium_airport,5,4380,2+ runways + medium
3,YBLA,BLN,Benalla Airport,Benalla,AU,AU-VIC,OC,medium_airport,4,3422,2+ runways + medium
3,YSTW,TMW,Tamworth Airport,Tamworth,AU,AU-NSW,OC,medium_airport,4,7218,2+ runways + medium
3,YGEL,GET,Geraldton Airport,Moonyoonooka,AU,AU-WA,OC,medium_airport,3,7838,2+ runways + medium
3,YKII,KNS,King Island Airport,,AU,AU-TAS,OC,medium_airport,3,5198,2+ runways + medium
3,YKSC,KGC,Kingscote Airport,,AU,AU-SA,OC,medium_airport,3,4600,2+ runways + medium
3,YLTV,TGN,Latrobe Valley Airport,Morwell,AU,AU-VIC,OC,medium_airport,3,4692,2+ runways + medium
3,YMLT,LST,Launceston Airport,Launceston (Western Junction),AU,AU-TAS,OC,medium_airport,3,6499,2+ runways + medium
3,YMTG,MGB,Mount Gambier Airport,Mount Gambier,AU,AU-SA,OC,medium_airport,3,5394,2+ runways + medium
3,YPEA,,RAAF Base Pearce,Bullsbrook,AU,AU-WA,OC,medium_airport,3,8002,2+ runways + medium
3,YPIR,PPI,Port Pirie Airport,,AU,AU-SA,OC,medium_airport,3,3507,2+ runways + medium
3,YPJT,JAD,Perth Jandakot Airport,Perth,AU,AU-WA,OC,medium_airport,3,4948,2+ runways + medium
3,YPLC,PLO,Port Lincoln Airport,Port Lincoln,AU,AU-SA,OC,medium_airport,3,4918,2+ runways + medium
3,YREN,RMK,Renmark Airport,,AU,AU-SA,OC,medium_airport,3,5709,2+ runways + medium
3,YSBK,BWU,Sydney Bankstown Airport,Sydney,AU,AU-NSW,OC,medium_airport,3,4644,2+ runways + medium
3,YSSY,SYD,Sydney Kingsford Smith International Airport,Sydney (Mascot),AU,AU-NSW,OC,large_airport,3,12999,2+ runways + international + large
3,YSWH,SWH,Swan Hill Airport,,AU,AU-VIC,OC,medium_airport,3,4905,2+ runways + medium
3,YTEM,TEM,Temora Airport,Temora,AU,AU-NSW,OC,medium_airport,3,6454,2+ runways + medium
3,YWSL,SXE,West Sale Airport,Sale,AU,AU-VIC,OC,medium_airport,3,5010,2+ runways + medium
3,YABA,ALH,Albany Airport,Albany,AU,AU-WA,OC,medium_airport,2,5906,2+ runways + medium
3,YAMB,,RAAF Base Amberley,,AU,AU-QLD,OC,medium_airport,2,9997,2+ runways + medium
3,YARA,ARY,Ararat Airport,Ararat,AU,AU-VIC,OC,medium_airport,2,4068,2+ runways + medium
3,YARM,ARM,Armidale Airport,Armidale,AU,AU-NSW,OC,medium_airport,2,5702,2+ runways + medium
3,YBAR,BCI,Barcaldine Airport,Barcaldine,AU,AU-QLD,OC,medium_airport,2,5591,2+ runways + medium
3,YBAS,ASP,Alice Springs Airport,Alice Springs,AU,AU-NT,OC,medium_airport,2,7999,2+ runways + medium
3,YBBN,BNE,Brisbane International Airport,Brisbane,AU,AU-QLD,OC,large_airport,2,11680,2+ runways + international + large
3,YBCG,OOL,Gold Coast Airport,Gold Coast,AU,AU-QLD,OC,large_airport,2,8176,2+ runways + large
3,YBCK,BKQ,Blackall Airport,Blackall,AU,AU-QLD,OC,medium_airport,2,5538,2+ runways + medium
3,YBCV,CTL,Charleville Airport,Charleville,AU,AU-QLD,OC,medium_airport,2,5000,2+ runways + medium
3,YBDV,BVI,Birdsville Airport,,AU,AU-QLD,OC,medium_airport,2,5682,2+ runways + medium
3,YBHI,BHQ,Broken Hill Airport,Broken Hill,AU,AU-NSW,OC,medium_airport,2,8251,2+ runways + medium
3,YBKE,BRK,Bourke Airport,,AU,AU-NSW,OC,medium_airport,2,6004,2+ runways + medium
3,YBNS,BSJ,Bairnsdale Airport,Bairnsdale,AU,AU-VIC,OC,medium_airport,2,3612,2+ runways + medium
3,YBRK,ROK,Rockhampton Airport,Rockhampton,AU,AU-QLD,OC,medium_airport,2,8622,2+ runways + medium
3,YBRN,BZD,Balranald Airport,,AU,AU-NSW,OC,medium_airport,2,3888,2+ runways + medium
3,YBTH,BHS,Bathurst Airport,Bathurst,AU,AU-NSW,OC,medium_airport,2,5594,2+ runways + medium
3,YBTL,TSV,Townsville Airport / RAAF Base Townsville,Townsville,AU,AU-QLD,OC,medium_airport,2,7999,2+ runways + medium
3,YBUD,BDB,Bundaberg Airport,Bundaberg,AU,AU-QLD,OC,medium_airport,2,6562,2+ runways + medium
3,YCAR,CVQ,Carnarvon Airport,Carnarvon,AU,AU-WA,OC,medium_airport,2,5509,2+ runways + medium
3,YCBA,CAZ,Cobar Airport,,AU,AU-NSW,OC,medium_airport,2,5564,2+ runways + medium
3,YCBB,COJ,Coonabarabran Airport,,AU,AU-NSW,OC,medium_airport,2,4987,2+ runways + medium
3,YCBP,CPD,Coober Pedy Airport,Coober Pedy,AU,AU-SA,OC,medium_airport,2,4685,2+ runways + medium
3,YCCA,CCL,Chinchilla Airport,Chinchilla,AU,AU-QLD,OC,medium_airport,2,3497,2+ runways + medium
3,YCCY,CNJ,Cloncurry Airport,Cloncurry,AU,AU-QLD,OC,medium_airport,2,6562,2+ runways + medium
3,YCDU,CED,Ceduna Airport,,AU,AU-SA,OC,medium_airport,2,5709,2+ runways + medium
3,YCEE,CVC,Cleve Airport,,AU,AU-SA,OC,medium_airport,2,4429,2+ runways + medium
3,YCFS,CFS,Coffs Harbour Airport,Coffs Harbour,AU,AU-NSW,OC,medium_airport,2,6824,2+ runways + medium
3,YCMT,CMQ,Clermont Airport,,AU,AU-QLD,OC,medium_airport,2,4301,2+ runways + medium
3,YCMU,CMA,Cunnamulla Airport,,AU,AU-QLD,OC,medium_airport,2,5686,2+ runways + medium
3,YCNM,CNB,Coonamble Airport,,AU,AU-NSW,OC,medium_airport,2,5010,2+ runways + medium
3,YCOR,CWW,Corowa Airport,,AU,AU-NSW,OC,medium_airport,2,5994,2+ runways + medium
3,YCTM,CMD,Cootamundra Airport,,AU,AU-NSW,OC,medium_airport,2,4682,2+ runways + medium
3,YCWR,CWT,Cowra Airport,,AU,AU-NSW,OC,medium_airport,2,5348,2+ runways + medium
3,YDBY,DRB,Derby Airport,Derby,AU,AU-WA,OC,medium_airport,2,5696,2+ runways + medium
3,YDLQ,DNQ,Deniliquin Airport,Deniliquin,AU,AU-NSW,OC,medium_airport,2,3999,2+ runways + medium
3,YDPO,DPO,Devonport Airport,Devonport,AU,AU-TAS,OC,medium_airport,2,6030,2+ runways + medium
3,YECH,ECH,Echuca Airport,,AU,AU-VIC,OC,medium_airport,2,3615,2+ runways + medium
3,YEML,EMD,Emerald Airport,Emerald,AU,AU-QLD,OC,medium_airport,2,6234,2+ runways + medium
3,YESP,EPR,Esperance Airport,Esperance,AU,AU-WA,OC,medium_airport,2,4921,2+ runways + medium
3,YFRT,FOS,Forrest Airport,,AU,AU-WA,OC,medium_airport,2,4984,2+ runways + medium
3,YGDH,GUH,Gunnedah Airport,,AU,AU-NSW,OC,medium_airport,2,5400,2+ runways + medium
3,YGLB,GUL,Goulburn Airport,,AU,AU-NSW,OC,medium_airport,2,4209,2+ runways + medium
3,YGLI,GLI,Glen Innes Airport,Glen Innes,AU,AU-NSW,OC,medium_airport,2,5499,2+ runways + medium
3,YGTH,GFF,Griffith Airport,Griffith,AU,AU-NSW,OC,medium_airport,2,4931,2+ runways + medium
3,YHAY,HXX,Hay Airport,,AU,AU-NSW,OC,medium_airport,2,4800,2+ runways + medium
3,YHID,HID,Horn Island Airport,Horn,AU,AU-QLD,OC,medium_airport,2,4557,2+ runways + medium
3,YHLC,HCQ,Halls Creek Airport,,AU,AU-WA,OC,medium_airport,2,4839,2+ runways + medium
3,YHML,HLT,Hamilton Airport,,AU,AU-VIC,OC,medium_airport,2,4606,2+ runways + medium
3,YHPN,HTU,Hopetoun Airport,,AU,AU-VIC,OC,medium_airport,2,3730,2+ runways + medium
3,YHSM,HSM,Horsham Airport,,AU,AU-VIC,OC,medium_airport,2,4337,2+ runways + medium
3,YIVL,IVR,Inverell Airport,Inverell,AU,AU-NSW,OC,medium_airport,2,6936,2+ runways + medium
3,YKER,KRA,Kerang Airport,,AU,AU-VIC,OC,medium_airport,2,3501,2+ runways + medium
3,YKRY,KGY,Kingaroy Airport,,AU,AU-QLD,OC,medium_airport,2,5249,2+ runways + medium
3,YLEC,LGH,Leigh Creek Airport,,AU,AU-SA,OC,medium_airport,2,5610,2+ runways + medium
3,YLEO,LNO,Leonora Airport,Leonora,AU,AU-WA,OC,medium_airport,2,6621,2+ runways + medium
3,YLRD,LHG,Lightning Ridge Airport,,AU,AU-NSW,OC,medium_airport,2,4613,2+ runways + medium
3,YMDG,DGE,Mudgee Airport,Mudgee,AU,AU-NSW,OC,medium_airport,2,5705,2+ runways + medium
3,YMEK,MKR,Meekatharra Airport,,AU,AU-WA,OC,medium_airport,2,7156,2+ runways + medium
3,YMEN,MEB,Melbourne Essendon Airport,Essendon Fields,AU,AU-VIC,OC,medium_airport,2,6302,2+ runways + medium
3,YMES,,RAAF Base East Sale,,AU,AU-VIC,OC,medium_airport,2,7995,2+ runways + medium
3,YMIA,MQL,Mildura Airport,Mildura,AU,AU-VIC,OC,medium_airport,2,6004,2+ runways + medium
3,YMML,MEL,Melbourne Airport,Melbourne,AU,AU-VIC,OC,large_airport,2,11998,2+ runways + large
3,YMOG,MMG,Mount Magnet Airport,,AU,AU-WA,OC,medium_airport,2,5906,2+ runways + medium
3,YMOR,MRZ,Moree Airport,Moree,AU,AU-NSW,OC,medium_airport,2,5292,2+ runways + medium
3,YMRY,MYA,Moruya Airport,Moruya,AU,AU-NSW,OC,medium_airport,2,4997,2+ runways + medium
3,YNAR,NRA,Narrandera Airport,Narrandera,AU,AU-NSW,OC,medium_airport,2,5302,2+ runways + medium
3,YNBR,NAA,Narrabri Airport,Narrabri,AU,AU-NSW,OC,medium_airport,2,5000,2+ runways + medium
3,YNRM,QRM,Narromine Airport,,AU,AU-NSW,OC,medium_airport,2,4990,2+ runways + medium
3,YORG,OAG,Orange Airport,Orange,AU,AU-NSW,OC,medium_airport,2,5499,2+ runways + medium
3,YPAD,ADL,Adelaide International Airport,Adelaide,AU,AU-SA,OC,large_airport,2,10171,2+ runways + international + large
3,YPDN,DRW,Darwin International Airport / RAAF Darwin,Darwin,AU,AU-NT,OC,large_airport,2,11004,2+ runways + international + large
3,YPKG,KGI,Kalgoorlie Boulder Airport,Broadwood,AU,AU-WA,OC,medium_airport,2,6562,2+ runways + medium
3,YPKS,PKE,Parkes Airport,Parkes,AU,AU-NSW,OC,medium_airport,2,5525,2+ runways + medium
3,YPOD,PTJ,Portland Airport,,AU,AU-VIC,OC,medium_airport,2,5302,2+ runways + medium
3,YPPD,PHE,Port Hedland International Airport,Port Hedland,AU,AU-WA,OC,large_airport,2,8202,2+ runways + international + large
3,YPPH,PER,Perth International Airport,Perth,AU,AU-WA,OC,large_airport,2,11299,2+ runways + international + large
3,YQLP,ULP,Quilpie Airport,,AU,AU-QLD,OC,medium_airport,2,4898,2+ runways + medium
3,YROM,RMA,Roma Airport,Roma,AU,AU-QLD,OC,medium_airport,2,4934,2+ runways + medium
3,YSCB,CBR,Canberra Airport,Canberra,AU,AU-ACT,OC,medium_airport,2,10771,2+ runways + medium
3,YSCN,CDU,Camden Airport,Cobbitty,AU,AU-NSW,OC,medium_airport,2,4804,2+ runways + medium
3,YSDU,DBO,Dubbo City Regional Airport,Dubbo,AU,AU-NSW,OC,medium_airport,2,5604,2+ runways + medium
3,YSHL,WOL,Shellharbour Airport,Albion Park Rail,AU,AU-NSW,OC,medium_airport,2,5967,2+ runways + medium
3,YSHT,SHT,Shepparton Airport,,AU,AU-VIC,OC,medium_airport,2,4521,2+ runways + medium
3,YSMI,SIO,Smithton Airport,,AU,AU-TAS,OC,medium_airport,2,5246,2+ runways + medium
3,YSNW,NOA,Naval Air Station Nowra - HMAS Albatross,Nowra Hill,AU,AU-NSW,OC,medium_airport,2,6870,2+ runways + medium
3,YSWG,WGA,Wagga Wagga Airport,Forest Hill,AU,AU-NSW,OC,medium_airport,2,5807,2+ runways + medium
3,YSWL,SWC,Stawell Airport,,AU,AU-VIC,OC,medium_airport,2,4603,2+ runways + medium
3,YTGM,XTG,Thargomindah Airport,Thargomindah,AU,AU-QLD,OC,medium_airport,2,4800,2+ runways + medium
3,YTIB,TYB,Tibooburra Airport,,AU,AU-NSW,OC,medium_airport,2,5026,2+ runways + medium
3,YTNG,THG,Thangool Airport,Biloela,AU,AU-QLD,OC,medium_airport,2,4993,2+ runways + medium
3,YTNK,TCA,Tennant Creek Airport,Tennant Creek,AU,AU-NT,OC,medium_airport,2,6427,2+ runways + medium
3,YTRE,TRO,Taree Airport,Taree,AU,AU-NSW,OC,medium_airport,2,4934,2+ runways + medium
3,YWGT,WGT,Wangaratta Airport,Laceby,AU,AU-VIC,OC,medium_airport,2,5381,2+ runways + medium
3,YWHA,WYA,Whyalla Airport,Whyalla,AU,AU-SA,OC,medium_airport,2,5531,2+ runways + medium
3,YWKB,WKB,Warracknabeal Airport,,AU,AU-VIC,OC,medium_airport,2,4501,2+ runways + medium
3,YWLG,WGE,Walgett Airport,,AU,AU-NSW,OC,medium_airport,2,5335,2+ runways + medium
3,YWLU,WUN,Wiluna Airport,,AU,AU-WA,OC,medium_airport,2,5942,2+ runways + medium
3,YWRN,,Warren Airport,,AU,AU-NSW,OC,medium_airport,2,3894,2+ runways + medium
3,YWTN,WIN,Winton Airport,,AU,AU-QLD,OC,medium_airport,2,4600,2+ runways + medium
3,YWWL,WWY,West Wyalong Airport,West Wyalong,AU,AU-NSW,OC,medium_airport,2,5200,2+ runways + medium
3,YWYY,BWT,Wynyard Airport,Burnie,AU,AU-TAS,OC,medium_airport,2,5413,2+ runways + medium
3,YAYE,AYQ,Ayers Rock Connellan Airport,Yulara,AU,AU-NT,OC,medium_airport,1,8527,medium
3,YBCS,CNS,Cairns International Airport,Cairns,AU,AU-QLD,OC,large_airport,1,10489,international + large
3,YBHM,HTI,Hamilton Island Airport,Hamilton Island,AU,AU-QLD,OC,medium_airport,1,5591,medium
3,YBIE,BEU,Bedourie Airport,Bedourie,AU,AU-QLD,OC,medium_airport,1,4921,medium
3,YBMA,ISA,Mount Isa Airport,Mount Isa,AU,AU-QLD,OC,medium_airport,1,8399,medium
3,YBMK,MKY,Mackay Airport,Mackay,AU,AU-QLD,OC,medium_airport,1,6499,medium
3,YBNA,BNK,Ballina Byron Gateway Airport,Ballina,AU,AU-NSW,OC,medium_airport,1,6234,medium
3,YBOU,BQL,Boulia Airport,,AU,AU-QLD,OC,medium_airport,1,4180,medium
3,YBPN,PPP,Proserpine Whitsunday Coast Airport,Proserpine,AU,AU-QLD,OC,medium_airport,1,6801,medium
3,YBRM,BME,Broome International Airport,Broome,AU,AU-WA,OC,large_airport,1,7769,international + large
3,YBRW,BWQ,Brewarrina Airport,,AU,AU-NSW,OC,medium_airport,1,4547,medium
3,YBSU,MCY,Sunshine Coast Airport,Maroochydore,AU,AU-QLD,OC,large_airport,1,9186,large
3,YBTI,BRT,Bathurst Island Airport,Wurrumiyanga,AU,AU-NT,OC,medium_airport,1,4823,medium
3,YBTR,BLT,Blackwater Airport,,AU,AU-QLD,OC,medium_airport,1,5023,medium
3,YBWP,WEI,Weipa Airport,Weipa,AU,AU-QLD,OC,medium_airport,1,5397,medium
3,YBWW,WTB,Toowoomba Wellcamp Airport,Toowoomba,AU,AU-QLD,OC,large_airport,1,9416,large
3,YCIN,DCN,RAAF Base Curtin,Derby,AU,AU-WA,OC,medium_airport,1,10003,medium
3,YCKN,CTN,Cooktown Airport,,AU,AU-QLD,OC,medium_airport,1,5338,medium
3,YCOE,CUQ,Coen Airport,Coen,AU,AU-QLD,OC,medium_airport,1,4107,medium
3,YCOM,OOM,Cooma Snowy Mountains Airport,Cooma,AU,AU-NSW,OC,medium_airport,1,6955,medium
3,YCRG,CYG,Corryong Airport,,AU,AU-VIC,OC,medium_airport,1,4596,medium
3,YDBI,DRN,Dirranbandi Airport,,AU,AU-QLD,OC,medium_airport,1,3993,medium
3,YDYS,DYA,Dysart Airport,,AU,AU-QLD,OC,medium_airport,1,5085,medium
3,YELD,ELC,Elcho Island Airport,Elcho Island,AU,AU-NT,OC,medium_airport,1,4724,medium
3,YEWA,WHB,Eliwana,,AU,AU-WA,OC,medium_airport,1,8202,medium
3,YFBS,FRB,Forbes Airport,Forbes,AU,AU-NSW,OC,medium_airport,1,4029,medium
3,YFTZ,FIZ,Fitzroy Crossing Airport,,AU,AU-WA,OC,medium_airport,1,4265,medium
3,YGFN,GFN,Clarence Valley Regional Airport,Grafton,AU,AU-NSW,OC,medium_airport,1,5607,medium
3,YGLA,GLT,Gladstone Airport,Gladstone,AU,AU-QLD,OC,medium_airport,1,5364,medium
3,YGPT,GPN,Garden Point Airport,Pirlangimpi,AU,AU-NT,OC,medium_airport,1,4314,medium
3,YGTE,GTE,Groote Eylandt Airport,Groote Eylandt,AU,AU-NT,OC,medium_airport,1,6237,medium
3,YHBA,HVB,Hervey Bay Airport,Hervey Bay,AU,AU-QLD,OC,medium_airport,1,6561,medium
3,YHOT,MHU,Mount Hotham Airport,Mount Hotham,AU,AU-VIC,OC,medium_airport,1,4762,medium
3,YKMP,KPS,Kempsey Airport,,AU,AU-NSW,OC,medium_airport,1,5413,medium
3,YKOW,KWM,Kowanyama Airport,Kowanyama,AU,AU-QLD,OC,medium_airport,1,4528,medium
3,YLHR,IRG,Lockhart River Airport,Lockhart River,AU,AU-QLD,OC,medium_airport,1,4919,medium
3,YLIS,LSY,Lismore Airport,Lismore,AU,AU-NSW,OC,medium_airport,1,5404,medium
3,YLRE,LRE,Longreach Airport,Longreach,AU,AU-QLD,OC,medium_airport,1,6352,medium
3,YLST,LER,Leinster Airport,,AU,AU-WA,OC,medium_airport,1,5906,medium
3,YMAV,AVV,Melbourne Avalon International Airport,Geelong/Melbourne,AU,AU-VIC,OC,large_airport,1,10000,international + large
3,YMAY,ABX,Albury Airport,East Albury,AU,AU-NSW,OC,medium_airport,1,6234,medium
3,YMBA,MRG,Mareeba Airport,Mareeba,AU,AU-QLD,OC,medium_airport,1,4938,medium
3,YMER,MIM,Merimbula Airport,Merimbula,AU,AU-NSW,OC,medium_airport,1,5256,medium
3,YMGD,MNG,Maningrida Airport,Maningrida,AU,AU-NT,OC,medium_airport,1,5020,medium
3,YMHB,HBA,Hobart International Airport,Hobart (Cambridge),AU,AU-TAS,OC,large_airport,1,8947,international + large
3,YMNE,WME,Mount Keith Airport,,AU,AU-WA,OC,medium_airport,1,5896,medium
3,YMRB,MOV,Moranbah Airport,Moranbah,AU,AU-QLD,OC,medium_airport,1,5000,medium
3,YMRE,RRE,Marree Airport,,AU,AU-SA,OC,medium_airport,1,4422,medium
3,YNGU,RPM,Ngukurr Airport,Roper River,AU,AU-NT,OC,medium_airport,1,5020,medium
3,YNTN,NTN,Normanton Airport,Normanton,AU,AU-QLD,OC,medium_airport,1,5499,medium
3,YNWN,ZNE,Newman Airport,Newman,AU,AU-WA,OC,medium_airport,1,6798,medium
3,YPAG,PUG,Port Augusta Airport,,AU,AU-SA,OC,medium_airport,1,5413,medium
3,YPBO,PBO,Paraburdoo Airport,Paraburdoo,AU,AU-WA,OC,medium_airport,1,6995,medium
3,YPED,,RAAF Base Edinburgh,Adelaide,AU,AU-SA,OC,medium_airport,1,8399,medium
3,YPGV,GOV,Gove Airport,Nhulunbuy,AU,AU-NT,OC,medium_airport,1,7244,medium
3,YPKA,KTA,Karratha Airport,Karratha,AU,AU-WA,OC,medium_airport,1,7480,medium
3,YPKT,PKT,Port Keats Airport,Wadeye,AU,AU-NT,OC,medium_airport,1,4626,medium
3,YPKU,KNX,East Kimberley Regional (Kununurra) Airport,Kununurra,AU,AU-WA,OC,medium_airport,1,6000,medium
3,YPLM,LEA,Learmonth Airport,Exmouth,AU,AU-WA,OC,medium_airport,1,9997,medium
3,YPMQ,PQQ,Port Macquarie Airport,Port Macquarie,AU,AU-NSW,OC,medium_airport,1,5203,medium
3,YPTN,KTR,Tindal Airport,,AU,AU-NT,OC,medium_airport,1,9003,medium
3,YSHK,MJK,Shark Bay Airport,Denham,AU,AU-WA,OC,medium_airport,1,5545,medium
3,YSRI,XRH,RAAF Base Richmond,Richmond,AU,AU-NSW,OC,medium_airport,1,7001,medium
3,YTEF,TEF,Telfer Airport,,AU,AU-WA,OC,medium_airport,1,6562,medium
3,YTMU,TUM,Tumut Aerodrome,Tumut,AU,AU-NSW,OC,medium_airport,1,3478,medium
3,YWDH,WNR,Windorah Airport,Windorah,AU,AU-QLD,OC,medium_airport,1,4508,medium
3,YWLM,NTL,Newcastle Airport,Williamtown,AU,AU-NSW,OC,large_airport,1,10033,large
3,YYNG,NGA,Young Airport,,AU,AU-NSW,OC,medium_airport,1,4003,medium
3,YNKR,,Nackeroo Airfield,,AU,AU-NT,OC,medium_airport,0,0,medium
3,YSNK,SNB,Snake Bay Airport,Milikapiti,AU,AU-NT,OC,medium_airport,0,0,medium
3,YSWS,WSI,Western Sydney International (Nancy-Bird Walton) Airport,Sydney,AU,AU-NSW,OC,large_airport,0,0,international + large
3,NCRG,RAR,Rarotonga International Airport,Avarua,CK,CK-U-A,OC,large_airport,1,7638,international + large
3,NFFN,NAN,Nadi International Airport,Nadi,FJ,FJ-W,OC,large_airport,2,10739,2+ runways + international + large
3,NFNA,SUV,Nausori International Airport,Nausori,FJ,FJ-C,OC,large_airport,1,7047,international + large
3,NFNL,LBS,Labasa Airport,Labasa,FJ,FJ-N,OC,medium_airport,1,3507,medium
3,PTKK,TKK,Chuuk International Airport,Weno Island,FM,FM-TRK,OC,large_airport,1,6006,international + large
3,PTPN,PNI,Pohnpei International Airport,Pohnpei Island,FM,FM-PNI,OC,medium_airport,1,6600,international + medium
3,PTSA,KSA,Kosrae International Airport,Okat,FM,FM-KSA,OC,large_airport,1,5750,international + large
3,PTYA,YAP,Yap International Airport,Yap Island,FM,FM-YAP,OC,large_airport,1,6000,international + large
3,PGUA,UAM,Andersen Air Force Base,Yigo,GU,GU-U-A,OC,medium_airport,2,11185,2+ runways + medium
3,PGUM,GUM,Antonio B. Won Pat International Airport,Hagåtña,GU,GU-U-A,OC,large_airport,2,12015,2+ runways + international + large
3,WABI,NBX,Douw Aturure Airport,Nabire,ID,ID-PT,OC,medium_airport,0,0,medium
3,NGTA,TRW,Bonriki International Airport,South Tarawa,KI,KI-G,OC,large_airport,1,6598,international + large
3,NGTE,TBF,Tabiteuea North Airport,,KI,KI-G,OC,medium_airport,1,3365,medium
3,PLCH,CXI,Cassidy International Airport,Kiritimati,KI,KI-L,OC,large_airport,1,6900,international + large
3,PCIS,CIS,Canton Island Airport,Abariringa,KI,KI-P,OC,medium_airport,0,0,medium
3,PKMJ,MAJ,Marshall Islands International Airport,Majuro Atoll,MH,MH-MAJ,OC,large_airport,1,7897,international + large
3,PKWA,KWA,Bucholz Army Air Field,Kwajalein,MH,MH-KWA,OC,medium_airport,1,6668,medium
3,PGRO,ROP,Rota International Airport,Rota Island,MP,MP-U-A,OC,large_airport,1,6000,international + large
3,PGSN,SPN,Saipan International Airport,"I Fadang, Saipan",MP,MP-U-A,OC,medium_airport,1,8700,international + medium
3,PGWT,TIQ,Francisco Manglona Borja / Tinian International Airport,Tinian Island,MP,MP-U-A,OC,medium_airport,1,8600,international + medium
3,NWWD,KNQ,Koné Airport,Koné,NC,NC-02,OC,medium_airport,1,3281,medium
3,NWWE,ILP,Île des Pins Airport,Île des Pins,NC,NC-03,OC,medium_airport,1,3608,medium
3,NWWL,LIF,Lifou Airport,Lifou,NC,NC-01,OC,medium_airport,1,3609,medium
3,NWWM,GEA,Nouméa Magenta Airport,Nouméa,NC,NC-03,OC,medium_airport,1,4101,medium
3,NWWR,MEE,Maré Airport,Maré,NC,NC-01,OC,medium_airport,1,3281,medium
3,NWWU,TOU,Touho Airport,Touho,NC,NC-02,OC,medium_airport,1,3609,medium
3,NWWV,UVE,Ouvéa Airport,Ouvéa,NC,NC-01,OC,medium_airport,1,3609,medium
3,NWWW,NOU,La Tontouta International Airport,Nouméa (La Tontouta),NC,NC-03,OC,large_airport,1,10663,international + large
3,NWWA,TGJ,Tiga Airport,Tiga,NC,NC-01,OC,medium_airport,0,0,medium
3,YSNF,NLK,Norfolk Island International Airport,Burnt Pine,NF,NF-U-A,OC,medium_airport,2,6398,2+ runways + international + medium
3,ANYN,INU,Nauru International Airport,Yaren,NR,NR-14,OC,medium_airport,1,7054,international + medium
3,NIUE,IUE,Niue International Airport,Alofi,NU,NU-U-A,OC,medium_airport,1,7660,international + medium
3,NZWU,WAG,Wanganui Airport,Wanganui,NZ,NZ-MWT,OC,medium_airport,6,4521,2+ runways + medium
3,NZGS,GIS,Gisborne Airport,Gisborne,NZ,NZ-GIS,OC,medium_airport,5,4298,2+ runways + medium
3,NZHN,HLZ,Hamilton International Airport,Hamilton,NZ,NZ-WKO,OC,medium_airport,5,6755,2+ runways + international + medium
3,NZMS,MRO,Hood Airport,Masterton,NZ,NZ-WGN,OC,medium_airport,5,4101,2+ runways + medium
3,NZPP,PPQ,Paraparaumu Airport,,NZ,NZ-WGN,OC,medium_airport,5,4429,2+ runways + medium
3,NZTG,TRG,Tauranga Airport,Tauranga,NZ,NZ-BOP,OC,medium_airport,5,5988,2+ runways + medium
3,NZKK,KKE,Kerikeri Airport,Kerikeri,NZ,NZ-NTL,OC,medium_airport,4,3904,2+ runways + medium
3,NZNS,NSN,Nelson Airport,Nelson,NZ,NZ-NSN,OC,medium_airport,4,4420,2+ runways + medium
3,NZNV,IVC,Invercargill Airport,Invercargill,NZ,NZ-STL,OC,medium_airport,4,7251,2+ runways + medium
3,NZAR,AMZ,Ardmore Airport,Manurewa,NZ,NZ-AUK,OC,medium_airport,3,4630,2+ runways + medium
3,NZCH,CHC,Christchurch International Airport,Christchurch,NZ,NZ-CAN,OC,large_airport,3,10787,2+ runways + international + large
3,NZLX,ALR,Alexandra Aerodrome,Alexandra,NZ,NZ-OTA,OC,medium_airport,3,3937,2+ runways + medium
3,NZNP,NPL,New Plymouth Airport,New Plymouth,NZ,NZ-TKI,OC,medium_airport,3,4298,2+ runways + medium
3,NZOH,OHA,RNZAF Base Ohakea,,NZ,NZ-MWT,OC,medium_airport,3,8028,2+ runways + medium
3,NZOU,OAM,Oamaru Airport,,NZ,NZ-OTA,OC,medium_airport,3,4210,2+ runways + medium
3,NZPM,PMR,Palmerston North Airport,Palmerston North,NZ,NZ-MWT,OC,medium_airport,3,6240,2+ runways + medium
3,NZRO,ROT,Rotorua Regional Airport,Rotorua,NZ,NZ-BOP,OC,medium_airport,3,5321,2+ runways + medium
3,NZTU,TIU,Timaru Airport,,NZ,NZ-CAN,OC,medium_airport,3,4200,2+ runways + medium
3,NZWB,BHE,Woodbourne Airport,Blenheim,NZ,NZ-MBH,OC,medium_airport,3,4675,2+ runways + medium
3,NZWK,WHK,Whakatāne Airport,Whakatāne,NZ,NZ-BOP,OC,medium_airport,3,4200,2+ runways + medium
3,NZWP,,RNZAF Base Auckland-Whenuapai,,NZ,NZ-AUK,OC,medium_airport,3,6665,2+ runways + medium
3,NZAP,TUO,Taupo Airport,Taupo,NZ,NZ-WKO,OC,medium_airport,2,4547,2+ runways + medium
3,NZHK,HKK,Hokitika Airfield,,NZ,NZ-WTC,OC,medium_airport,2,4311,2+ runways + medium
3,NZKT,KAT,Kaitaia Airport,Awanui,NZ,NZ-NTL,OC,medium_airport,2,4600,2+ runways + medium
3,NZNR,NPE,Hawke's Bay Airport,Napier,NZ,NZ-HKB,OC,medium_airport,2,5741,2+ runways + medium
3,NZQN,ZQN,Queenstown Airport,Queenstown,NZ,NZ-OTA,OC,large_airport,2,6204,2+ runways + large
3,NZWR,WRE,Whangarei Airport,Whangarei,NZ,NZ-NTL,OC,medium_airport,2,3599,2+ runways + medium
3,NZAA,AKL,Auckland International Airport,Auckland,NZ,NZ-AUK,OC,large_airport,1,11926,international + large
3,NZCI,CHT,Inia William Tuuta Memorial Airport,Te One,NZ,NZ-WGN,OC,medium_airport,1,4462,medium
3,NZDN,DUD,Dunedin International Airport,Dunedin,NZ,NZ-OTA,OC,medium_airport,1,6234,international + medium
3,NZGT,GTN,Glentanner Airport,Glentanner Station,NZ,NZ-CAN,OC,medium_airport,1,3166,medium
3,NZMC,MON,Mount Cook Airport,,NZ,NZ-CAN,OC,medium_airport,1,5157,medium
3,NZMO,TEU,Manapouri Airport,,NZ,NZ-STL,OC,medium_airport,1,3547,medium
3,NZUK,TWZ,Pukaki Airport,Twitzel,NZ,NZ-CAN,OC,medium_airport,1,3550,medium
3,NZWF,WKA,Wanaka Airport,Wanaka,NZ,NZ-OTA,OC,medium_airport,1,3937,medium
3,NZWN,WLG,Wellington International Airport,Wellington,NZ,NZ-WGN,OC,large_airport,1,6352,international + large
3,NZWO,WIR,Wairoa Airport,Wairoa,NZ,NZ-HKB,OC,medium_airport,1,3000,medium
3,NZWS,WSZ,Westport Airport,Westport,NZ,NZ-WTC,OC,medium_airport,1,4200,medium
3,NTAA,PPT,Fa'a'ā International Airport,Papeete,PF,PF-U-A,OC,large_airport,1,11360,international + large
3,NTAR,RUR,Rurutu Airport,,PF,PF-U-A,OC,medium_airport,1,4757,medium
3,NTAT,TUB,Tubuai Airport,,PF,PF-U-A,OC,medium_airport,1,4921,medium
3,NTGA,AAA,Anaa Airport,Anaa,PF,PF-U-A,OC,medium_airport,1,4921,medium
3,NTGB,FGU,Fangatau Airport,Fangatau,PF,PF-U-A,OC,medium_airport,1,3936,medium
3,NTGC,TIH,Tikehau Airport,Tuherahera,PF,PF-U-A,OC,medium_airport,1,3937,medium
3,NTGE,REA,Reao Airport,Reao,PF,PF-U-A,OC,medium_airport,1,3008,medium
3,NTGF,FAV,Fakarava Airport,,PF,PF-U-A,OC,medium_airport,1,4596,medium
3,NTGI,XMH,Manihi Airport,,PF,PF-U-A,OC,medium_airport,1,3051,medium
3,NTGJ,GMR,Totegegie Airport,,PF,PF-U-A,OC,medium_airport,1,6562,medium
3,NTGK,KKR,Kaukura Airport,Raitahiti,PF,PF-U-A,OC,medium_airport,1,3543,medium
3,NTGM,MKP,Makemo Airport,Makemo,PF,PF-U-A,OC,medium_airport,1,4920,medium
3,NTGT,TKP,Takapoto Airport,,PF,PF-U-A,OC,medium_airport,1,3018,medium
3,NTGU,AXR,Arutua Airport,,PF,PF-U-A,OC,medium_airport,1,4268,medium
3,NTGV,MVT,Mataiva Airport,,PF,PF-U-A,OC,medium_airport,1,3937,medium
3,NTHE,AHE,Ahe Airport,Ahe Atoll,PF,PF-U-A,OC,medium_airport,1,4068,medium
3,NTKR,TKX,Takaroa Airport,,PF,PF-U-A,OC,medium_airport,1,3452,medium
3,NTMD,NHV,Nuku Hiva Airport,Nuku Hiva,PF,PF-U-A,OC,medium_airport,1,5578,medium
3,NTMN,AUQ,Hiva Oa-Atuona Airport,Hiva Oa Island,PF,PF-U-A,OC,medium_airport,1,3986,medium
3,NTTB,BOB,Bora Bora Airport,Motu Mute,PF,PF-U-A,OC,medium_airport,1,4921,medium
3,NTTG,RGI,Rangiroa Airport,,PF,PF-U-A,OC,medium_airport,1,6890,medium
3,NTTH,HUH,Huahine-Fare Airport,Fare,PF,PF-U-A,OC,medium_airport,1,4921,medium
3,NTTM,MOZ,Moorea Temae Airport,Moorea-Maiao,PF,PF-U-A,OC,medium_airport,1,4035,medium
3,NTTO,HOI,Hao Airport,Otepa,PF,PF-U-A,OC,medium_airport,1,11089,medium
3,NTTP,MAU,Maupiti Airport,,PF,PF-U-A,OC,medium_airport,1,3135,medium
3,NTTR,RFP,Raiatea Airport,Uturoa,PF,PF-U-A,OC,medium_airport,1,4593,medium
3,AYGA,GKA,Goroka Airport,Goronka,PG,PG-EHG,OC,medium_airport,2,5400,2+ runways + medium
3,AYMH,HGU,Mount Hagen Kagamuga Airport,Mount Hagen,PG,PG-WHM,OC,medium_airport,2,7185,2+ runways + medium
3,AYPY,POM,Port Moresby Jacksons International Airport,Port Moresby,PG,PG-NCD,OC,large_airport,2,9022,2+ runways + international + large
3,AYBA,VMU,Baimuru Airport,Baimuru,PG,PG-GPK,OC,medium_airport,1,2953,medium
3,AYBK,BUA,Buka Airport,Buka Island,PG,PG-NSB,OC,medium_airport,1,5125,medium
3,AYCH,CMU,Chimbu Airport,Kundiawa,PG,PG-CPK,OC,medium_airport,1,3330,medium
3,AYDU,DAU,Daru Airport,Daru,PG,PG-WPD,OC,medium_airport,1,4593,medium
3,AYGN,GUR,Gurney Airport,Gurney,PG,PG-MBA,OC,medium_airport,1,5546,medium
3,AYGR,PNP,Girua Airport,Popondetta,PG,PG-NPP,OC,medium_airport,1,5485,medium
3,AYHK,HKN,Hoskins Airport,Kimbe,PG,PG-WBK,OC,medium_airport,1,6644,medium
3,AYKM,KMA,Kerema Airport,Kerema,PG,PG-GPK,OC,medium_airport,1,3044,medium
3,AYKV,KVG,Kavieng Airport,Kavieng,PG,PG-NIK,OC,medium_airport,1,5592,medium
3,AYMD,MAG,Madang Airport,Madang,PG,PG-MPM,OC,medium_airport,1,5174,medium
3,AYMN,MDU,Mendi Airport,Mendi,PG,PG-SHM,OC,medium_airport,1,4411,medium
3,AYMO,MAS,Momote Airport,Manus Island,PG,PG-MRL,OC,medium_airport,1,6136,medium
3,AYNZ,LAE,Nadzab Tomodachi International Airport,Lae,PG,PG-MPL,OC,large_airport,1,8000,international + large
3,AYTK,RAB,Tokua Airport,Kokopo,PG,PG-EBR,OC,medium_airport,1,5643,medium
3,AYVN,VAI,Vanimo Airport,Vanimo,PG,PG-SAN,OC,medium_airport,1,5775,medium
3,AYWD,WBM,Wapenamanda Airport,Wapenamanda,PG,PG-EPW,OC,medium_airport,1,5052,medium
3,AYWK,WWK,Wewak International Airport,Wewak,PG,PG-ESW,OC,medium_airport,1,5234,international + medium
3,AYBM,OPU,Balimo Airport,Balimo,PG,PG-WPD,OC,medium_airport,0,0,medium
3,PTRO,ROR,Roman Tmetuchl International Airport,Babelthuap Island,PW,PW-004,OC,large_airport,1,7200,international + large
3,AGGH,HIR,Honiara International Airport,Honiara,SB,SB-GU,OC,large_airport,1,7218,international + large
3,AGGM,MUA,Munda Airport,Munda,SB,SB-WE,OC,medium_airport,1,4593,medium
3,NFTF,TBU,Fua'amotu International Airport,Nuku'alofa,TO,TO-04,OC,large_airport,2,8795,2+ runways + international + large
3,NFTL,HPA,Lifuka Island Airport,Lifuka,TO,TO-02,OC,medium_airport,1,3937,medium
3,NFTV,VAV,Vava'u International Airport,Vava'u Island,TO,TO-05,OC,large_airport,1,5593,international + large
3,NGFU,FUN,Funafuti International Airport,Funafuti,TV,TV-FUN,OC,medium_airport,1,5040,international + medium
3,PMDY,MDY,Henderson Field,Sand Island,UM,UM-71,OC,medium_airport,1,7904,medium
3,PWAK,AWK,Wake Island Airfield,Wake Island,UM,UM-79,OC,medium_airport,1,9843,main airport of UM + medium
3,NVVV,VLI,Bauerfield International Airport,Port Vila,VU,VU-SEE,OC,large_airport,2,8530,2+ runways + international + large
3,NVSQ,ZGU,Gaua Island Airport,Gaua Island,VU,VU-TOB,OC,medium_airport,1,2802,medium
3,NVSS,SON,Santo Pekoa International Airport,Luganville,VU,VU-SAM,OC,medium_airport,1,6523,international + medium
3,NVVW,TAH,Whitegrass Airport,Tanna Island,VU,VU-TAE,OC,medium_airport,1,4035,medium
3,NLWW,WLS,Hihifo Airport,Wallis Island,WF,WF-U-A,OC,large_airport,1,6890,large
3,NSFA,APW,Faleolo International Airport,Apia,WS,WS-AA,OC,large_airport,1,9843,international + large
3,SAWP,PMQ,Perito Moreno Jalil Hamer Airport,Perito Moreno,AR,AR-Z,SA,medium_airport,3,5577,2+ runways + medium
3,SAZB,BHI,Comandante Espora Airport,Bahía Blanca,AR,AR-B,SA,medium_airport,3,7907,2+ runways + medium
3,SAZH,OYO,Tres Arroyos Airport,Tres Arroyos,AR,AR-B,SA,medium_airport,3,3934,2+ runways + medium
3,SAZO,NEC,Necochea Airport,Necochea,AR,AR-B,SA,medium_airport,3,4921,2+ runways + medium
3,SAAG,GHU,Gualeguaychu Airport,Gualeguaychu,AR,AR-E,SA,medium_airport,2,4364,2+ runways + medium
3,SACO,COR,Ingeniero Aeronáutico Ambrosio L.V. Taravella International Airport,Cordoba,AR,AR-X,SA,large_airport,2,10499,2+ runways + international + large
3,SAEZ,EZE,Ezeiza International Airport - Ministro Pistarini,Buenos Aires (Ezeiza),AR,AR-B,SA,large_airport,2,10827,2+ runways + international + large
3,SAMM,LGS,Comodoro D.R. Salomón Airport,Malargue,AR,AR-M,SA,medium_airport,2,8694,2+ runways + medium
3,SAOC,RCU,Area De Material Airport,Rio Cuarto,AR,AR-X,SA,medium_airport,2,7431,2+ runways + medium
3,SAOR,VME,Villa Reynolds Airport,Villa Mercedes,AR,AR-D,SA,medium_airport,2,7874,2+ runways + medium
3,SARM,MCS,Monte Caseros Airport,Monte Caseros,AR,AR-W,SA,medium_airport,2,4323,2+ runways + medium
3,SASA,SLA,Martín Miguel de Güemes International Airport,Salta,AR,AR-A,SA,large_airport,2,9842,2+ runways + international + large
3,SATR,RCQ,Reconquista Airport,Reconquista,AR,AR-S,SA,medium_airport,2,9186,2+ runways + medium
3,SAVE,EQS,Esquel Brigadier Antonio Parodi International Airport,Esquel,AR,AR-U,SA,medium_airport,2,7874,2+ runways + international + medium
3,SAVV,VDM,Gobernador Castello Airport,Viedma / Carmen de Patagones,AR,AR-R,SA,medium_airport,2,8366,2+ runways + medium
3,SAZG,GPO,General Pico Airport,General Pico,AR,AR-L,SA,medium_airport,2,7710,2+ runways + medium
3,SAZW,CUT,Cutral-Co Airport,Cutral-Co,AR,AR-Q,SA,medium_airport,2,5558,2+ runways + medium
3,SAAC,COC,Comodoro Pierrestegui Airport,Concordia,AR,AR-E,SA,medium_airport,1,5249,medium
3,SAAP,PRA,General Urquiza Airport,Parana,AR,AR-E,SA,medium_airport,1,6890,medium
3,SAAR,ROS,Rosario Islas Malvinas International Airport,Rosario,AR,AR-S,SA,large_airport,1,9842,international + large
3,SAAV,SFN,Sauce Viejo Airport,Santa Fe,AR,AR-S,SA,medium_airport,1,7628,medium
3,SABE,AEP,Aeroparque Jorge Newbery,Buenos Aires,AR,AR-C,SA,large_airport,1,7710,large
3,SADF,,San Fernando Airport,San Fernando,AR,AR-B,SA,medium_airport,1,5909,medium
3,SADL,LPG,La Plata Airport,La Plata,AR,AR-B,SA,medium_airport,1,4682,medium
3,SADP,EPA,El Palomar Airport,El Palomar,AR,AR-B,SA,medium_airport,1,6923,medium
3,SAHS,RDS,Rincon De Los Sauces Airport,Rincon de los Sauces,AR,AR-Q,SA,medium_airport,1,4921,medium
3,SAHZ,APZ,Zapala Airport,Zapala,AR,AR-Q,SA,medium_airport,1,7218,medium
3,SAME,MDZ,Governor Francisco Gabrielli International Airport,Mendoza,AR,AR-M,SA,large_airport,1,9301,international + large
3,SAMR,AFA,Suboficial Ay Santiago Germano Airport,San Rafael,AR,AR-M,SA,medium_airport,1,6923,medium
3,SANC,CTC,Coronel Felipe Varela International Airport,Catamarca,AR,AR-K,SA,medium_airport,1,9186,international + medium
3,SANE,SDE,Vicecomodoro Angel D. La Paz Aragonés Airport,Santiago del Estero,AR,AR-G,SA,medium_airport,1,7946,medium
3,SANL,IRJ,Capitan V A Almonacid Airport,La Rioja,AR,AR-F,SA,medium_airport,1,9383,medium
3,SANR,RHD,Termas de Río Hondo international Airport,Termas de Río Hondo,AR,AR-G,SA,medium_airport,1,8232,international + medium
3,SANT,TUC,Teniente Benjamín Matienzo International Airport,San Miguel de Tucumán,AR,AR-T,SA,large_airport,1,11483,international + large
3,SANU,UAQ,Domingo Faustino Sarmiento Airport,San Juan,AR,AR-J,SA,medium_airport,1,8071,medium
3,SAOD,VDR,Villa Dolores Airport,Villa Dolores,AR,AR-X,SA,medium_airport,1,4593,medium
3,SAOU,LUQ,Brigadier Mayor D Cesar Raul Ojeda Airport,San Luis,AR,AR-D,SA,medium_airport,1,9678,medium
3,SARC,CNQ,Corrientes Airport,Corrientes,AR,AR-W,SA,medium_airport,1,6890,medium
3,SARE,RES,Resistencia International Airport,Resistencia,AR,AR-H,SA,large_airport,1,9088,international + large
3,SARF,FMA,Formosa National Airport,Formosa,AR,AR-P,SA,medium_airport,1,5905,medium
3,SARI,IGR,Cataratas Del Iguazú International Airport,Puerto Iguazu,AR,AR-N,SA,medium_airport,1,10827,international + medium
3,SARL,AOL,Paso De Los Libres Airport,Paso de los Libres,AR,AR-W,SA,medium_airport,1,7415,medium
3,SARP,PSS,Libertador Gral D Jose De San Martin Airport,Posadas,AR,AR-N,SA,medium_airport,1,7388,medium
3,SASJ,JUJ,Gobernador Horacio Guzman International Airport,San Salvador de Jujuy,AR,AR-Y,SA,large_airport,1,9698,international + large
3,SASO,ORA,Orán Airport,Orán,AR,AR-A,SA,medium_airport,1,4839,medium
3,SAST,TTG,General Enrique Mosconi Airport,Tartagal,AR,AR-A,SA,medium_airport,1,4921,medium
3,SATG,OYA,Goya Airport,Goya,AR,AR-W,SA,medium_airport,1,7415,medium
3,SATU,UZU,Curuzu Cuatia Airport,Curuzu Cuatia,AR,AR-W,SA,medium_airport,1,7054,medium
3,SAVB,EHL,El Bolsón Airfield,El Bolsón,AR,AR-R,SA,medium_airport,1,4265,medium
3,SAVC,CRD,General Enrique Mosconi International Airport,Comodoro Rivadavia,AR,AR-U,SA,large_airport,1,9219,international + large
3,SAVH,LHS,Las Heras Airport,Las Heras,AR,AR-Z,SA,medium_airport,1,4593,medium
3,SAVT,REL,Almirante Marco Andres Zar Airport,Rawson,AR,AR-U,SA,medium_airport,1,8399,medium
3,SAVY,PMY,El Tehuelche Airport,Puerto Madryn,AR,AR-U,SA,medium_airport,1,8202,medium
3,SAWC,FTE,El Calafate - Commander Armando Tola International Airport,El Calafate,AR,AR-Z,SA,medium_airport,1,8366,international + medium
3,SAWD,PUD,Puerto Deseado Airport,Puerto Deseado,AR,AR-Z,SA,medium_airport,1,4921,medium
3,SAWE,RGA,Gobernador Ramón Trejo Noel International Airport,Rio Grande,AR,AR-V,SA,medium_airport,1,6562,international + medium
3,SAWG,RGL,Piloto Civil Norberto Fernández International Airport,Rio Gallegos,AR,AR-Z,SA,large_airport,1,9022,international + large
3,SAWH,USH,Ushuaia - Malvinas Argentinas International Airport,Ushuaia,AR,AR-V,SA,medium_airport,1,9186,international + medium
3,SAWJ,ULA,Capitan D Daniel Vazquez Airport,San Julian,AR,AR-Z,SA,medium_airport,1,6562,medium
3,SAWU,RZA,Santa Cruz Airport,Puerto Santa Cruz,AR,AR-Z,SA,medium_airport,1,6561,medium
3,SAZL,SST,Santa Teresita Airport,Santa Teresita,AR,AR-B,SA,medium_airport,1,4921,medium
3,SAZM,MDQ,Ástor Piazzola International Airport,Mar del Plata,AR,AR-B,SA,medium_airport,1,7218,international + medium
3,SAZN,NQN,Presidente Perón International Airport,Neuquén,AR,AR-Q,SA,large_airport,1,8432,international + large
3,SAZP,PEH,Comodoro Pedro Zanni Airport,Pehuajó,AR,AR-B,SA,medium_airport,1,4921,medium
3,SAZR,RSA,Santa Rosa Airport,Santa Rosa,AR,AR-L,SA,medium_airport,1,7546,medium
3,SAZS,BRC,Teniente Luis Candelaria International Airport,San Carlos de Bariloche,AR,AR-R,SA,large_airport,1,7703,international + large
3,SAZT,TDL,Héroes de Malvinas Airport,Tandil,AR,AR-B,SA,medium_airport,1,8366,medium
3,SAZV,VLG,Villa Gesell Airport,Villa Gesell,AR,AR-B,SA,medium_airport,1,5220,medium
3,SAZY,CPC,Aviador C. Campos Airport,Chapelco/San Martin de los Andes,AR,AR-Q,SA,medium_airport,1,8205,medium
3,SACT,,Chamical Airport,Gobernador Gordillo,AR,AR-F,SA,medium_airport,0,0,medium
3,SAOV,,Presidente Néstor Kirchner Regional Airport,Villa Maria,AR,AR-X,SA,medium_airport,0,0,medium
3,SLCB,CBB,Jorge Wilsterman International Airport,Cochabamba,BO,BO-C,SA,large_airport,2,12460,2+ runways + international + large
3,SLLP,LPB,El Alto International Airport,La Paz / El Alto,BO,BO-L,SA,large_airport,2,13123,2+ runways + international + large
3,SLOR,ORU,Juan Mendoza International Airport,Oruro,BO,BO-O,SA,large_airport,2,8075,2+ runways + international + large
3,SLAL,SRE,Alcantarí International Airport,Sucre,BO,BO-H,SA,large_airport,1,11811,international + large
3,SLBJ,BJO,Bermejo Airport,Bermejo,BO,BO-T,SA,medium_airport,1,4921,medium
3,SLCO,CIJ,Capitán Aníbal Arab Airport,Cobija,BO,BO-N,SA,medium_airport,1,6562,medium
3,SLET,SRZ,El Trompillo Airport,Santa Cruz,BO,BO-S,SA,medium_airport,1,9098,medium
3,SLGM,GYA,Guayaramerín Airport,Guayaramerín,BO,BO-B,SA,medium_airport,1,5767,medium
3,SLPO,POI,Capitan Nicolas Rojas Airport,Potosí,BO,BO-P,SA,medium_airport,1,9130,medium
3,SLPS,PSZ,Capitán Av. Salvador Ogaya G. airport,Puerto Suárez,BO,BO-S,SA,medium_airport,1,6562,medium
3,SLRI,RIB,Capitán Av. Selin Zeitun Lopez Airport,Riberalta,BO,BO-B,SA,medium_airport,1,5906,medium
3,SLSA,SBL,Santa Ana Del Yacuma Airport,Santa Ana del Yacuma,BO,BO-B,SA,medium_airport,1,5013,medium
3,SLSU,,Juana Azurduy de Padilla Air Force Base,Sucre,BO,BO-H,SA,medium_airport,1,9300,medium
3,SLSV,,San Ignacio de Velasco Airport,San Ignacio de Velasco,BO,BO-S,SA,medium_airport,1,9055,medium
3,SLTJ,TJA,Capitan Oriel Lea Plaza Airport,Tarija,BO,BO-T,SA,medium_airport,1,10007,medium
3,SLTR,TDD,Teniente Av. Jorge Henrich Arauz Airport,Trinidad,BO,BO-B,SA,medium_airport,1,7874,medium
3,SLUY,UYU,Joya Andina International Airport,Quijarro,BO,BO-P,SA,large_airport,1,13123,international + large
3,SLVM,VLM,Teniente Coronel Rafael Pabón Airport,Villamontes,BO,BO-T,SA,medium_airport,1,4918,medium
3,SLVR,VVI,Viru Viru International Airport,Santa Cruz,BO,BO-S,SA,large_airport,1,11483,international + large
3,SLYA,BYC,Yacuiba Airport,Yacuíba,BO,BO-T,SA,medium_airport,1,6890,medium
3,SBNT,,Natal Air Force Base,Natal,BR,BR-RN,SA,medium_airport,3,8530,2+ runways + medium
3,SBYS,,Campo Fontenelle,Pirassununga,BR,BR-SP,SA,medium_airport,3,6923,2+ runways + medium
3,SBAN,,Anápolis Airbase,Anápolis,BR,BR-GO,SA,medium_airport,2,10827,2+ runways + medium
3,SBBE,BEL,Val de Cans/Júlio Cezar Ribeiro International Airport,Belém,BR,BR-PA,SA,large_airport,2,9186,2+ runways + international + large
3,SBBG,BGX,Comandante Gustavo Kraemer Airport,Bagé,BR,BR-RS,SA,medium_airport,2,4921,2+ runways + medium
3,SBBR,BSB,Presidente Juscelino Kubitschek International Airport,Brasília,BR,BR-DF,SA,large_airport,2,10827,2+ runways + international + large
3,SBCG,CGR,Campo Grande Airport,Campo Grande,BR,BR-MS,SA,medium_airport,2,8530,2+ runways + medium
3,SBCT,CWB,Curitiba-Afonso Pena International Airport,Curitiba,BR,BR-PR,SA,large_airport,2,7277,2+ runways + international + large
3,SBFL,FLN,Hercílio Luz International Airport,Florianópolis,BR,BR-SC,SA,large_airport,2,7874,2+ runways + international + large
3,SBGL,GIG,Rio de Janeiro Galeão – Tom Jobim International Airport,Rio De Janeiro,BR,BR-RJ,SA,large_airport,2,13123,2+ runways + international + large
3,SBGR,GRU,São Paulo/Guarulhos–Governor André Franco Montoro International Airport,São Paulo,BR,BR-SP,SA,large_airport,2,12139,2+ runways + international + large
3,SBPJ,PMW,Brigadeiro Lysias Rodrigues Airport,Palmas,BR,BR-TO,SA,medium_airport,2,8202,2+ runways + medium
3,SBRJ,SDU,Santos Dumont Airport,Rio de Janeiro,BR,BR-RJ,SA,large_airport,2,4341,2+ runways + large
3,SBSL,SLZ,Marechal Cunha Machado International Airport,São Luís,BR,BR-MA,SA,large_airport,2,7828,2+ runways + international + large
3,SBSM,RIA,Santa Maria Airport,Santa Maria,BR,BR-RS,SA,medium_airport,2,8839,2+ runways + medium
3,SBSP,CGH,Congonhas–Deputado Freitas Nobre Airport,São Paulo,BR,BR-SP,SA,large_airport,2,6365,2+ runways + large
3,SBSV,SSA,Deputado Luiz Eduardo Magalhães International Airport,Salvador,BR,BR-BA,SA,large_airport,2,9859,2+ runways + international + large
3,SBUG,URG,Rubem Berta Airport,Uruguaiana,BR,BR-RS,SA,medium_airport,2,4921,2+ runways + medium
3,SBVT,VIX,Eurico de Aguiar Salles International Airport,Vitória,BR,BR-ES,SA,large_airport,2,6752,2+ runways + international + large
3,SBZM,IZA,Presidente Itamar Franco Airport,Juiz de Fora,BR,BR-MG,SA,medium_airport,2,8284,2+ runways + medium
3,SBAA,CDJ,Conceição do Araguaia Airport,Conceição do Araguaia,BR,BR-PA,SA,medium_airport,1,5906,medium
3,SBAC,ARX,Aracati Dragão do Mar Regional Airport,Aracati,BR,BR-CE,SA,medium_airport,1,5906,medium
3,SBAE,JTC,Bauru/Arealva–Moussa Nakhal Tobias State Airport,Bauru,BR,BR-SP,SA,medium_airport,1,6594,medium
3,SBAF,,Campo Délio Jardim de Mattos Airport,Rio de Janeiro,BR,BR-RJ,SA,medium_airport,1,6565,medium
3,SBAQ,AQA,Araraquara Airport,Araraquara,BR,BR-SP,SA,medium_airport,1,5907,medium
3,SBAR,AJU,Aracaju - Santa Maria Airport,Aracaju,BR,BR-SE,SA,medium_airport,1,7218,medium
3,SBAT,AFL,Piloto Osvaldo Marques Dias Airport,Alta Floresta,BR,BR-MT,SA,medium_airport,1,8202,medium
3,SBAU,ARU,Araçatuba Airport,Araçatuba,BR,BR-SP,SA,medium_airport,1,6955,medium
3,SBAX,AAX,Romeu Zema Airport,Araxá,BR,BR-MG,SA,medium_airport,1,6234,medium
3,SBBH,PLU,Pampulha - Carlos Drummond de Andrade Airport,Belo Horizonte,BR,BR-MG,SA,medium_airport,1,8333,medium
3,SBBI,BFH,Bacacheri Airport,Curitiba,BR,BR-PR,SA,medium_airport,1,4560,medium
3,SBBQ,,Major Brigadeiro Doorgal Borges Airport,Barbacena,BR,BR-MG,SA,medium_airport,1,5774,medium
3,SBBV,BVB,Atlas Brasil Cantanhede International Airport,Boa Vista,BR,BR-RR,SA,large_airport,1,8858,international + large
3,SBBW,BPG,Barra do Garças Airport,Barra do Garças,BR,BR-MT,SA,medium_airport,1,5243,medium
3,SBCA,CAC,Coronel Adalberto Mendes da Silva Airport,Cascavel,BR,BR-PR,SA,medium_airport,1,5810,medium
3,SBCC,,Campo de Provas Brigadeiro Veloso,Novo Progresso,BR,BR-PA,SA,medium_airport,1,8527,medium
3,SBCF,CNF,Tancredo Neves International Airport,Belo Horizonte,BR,BR-MG,SA,large_airport,1,11811,international + large
3,SBCH,XAP,Serafin Enoss Bertaso Airport,Chapecó,BR,BR-SC,SA,medium_airport,1,6758,medium
3,SBCI,CLN,Brig. Lysias Augusto Rodrigues Airport,Carolina,BR,BR-MA,SA,medium_airport,1,5906,medium
3,SBCJ,CKS,Carajás Airport,Parauapebas,BR,BR-PA,SA,medium_airport,1,6562,medium
3,SBCO,QNS,Canoas Air Force Base,Porto Alegre,BR,BR-RS,SA,medium_airport,1,9026,medium
3,SBCP,CAW,Bartolomeu Lisandro Airport,Campos dos Goytacazes,BR,BR-RJ,SA,medium_airport,1,5066,medium
3,SBCR,CMG,Corumbá International Airport,Corumbá,BR,BR-MS,SA,medium_airport,1,4921,international + medium
3,SBCX,CXJ,Hugo Cantergiani Regional Airport,Caxias Do Sul,BR,BR-RS,SA,medium_airport,1,5479,medium
3,SBCY,CGB,Várzea Grande–Marechal Rondon International Airport,Cuiabá,BR,BR-MT,SA,large_airport,1,7546,international + large
3,SBCZ,CZS,Cruzeiro do Sul Airport,Cruzeiro Do Sul,BR,BR-AC,SA,medium_airport,1,7874,medium
3,SBDN,PPB,Presidente Prudente Airport,Presidente Prudente,BR,BR-SP,SA,medium_airport,1,6923,medium
3,SBEG,MAO,Eduardo Gomes International Airport,Manaus,BR,BR-AM,SA,large_airport,1,8858,international + large
3,SBEK,JCR,Jacareacanga Airport,Jacareacanga,BR,BR-PA,SA,medium_airport,1,5249,medium
3,SBFI,IGU,Cataratas International Airport,Foz do Iguaçu,BR,BR-PR,SA,large_airport,1,8875,international + large
3,SBFN,FEN,Fernando de Noronha Airport,Fernando de Noronha,BR,BR-PE,SA,medium_airport,1,6053,medium
3,SBFZ,FOR,Pinto Martins International Airport,Fortaleza,BR,BR-CE,SA,large_airport,1,9039,international + large
3,SBGM,GJM,Guajará-Mirim Airport,Guajará-Mirim,BR,BR-RO,SA,medium_airport,1,5889,medium
3,SBGO,GYN,Santa Genoveva International Airport,Goiânia,BR,BR-GO,SA,large_airport,1,7500,international + large
3,SBGV,GVR,Coronel Altino Machado Airport,Governador Valadares,BR,BR-MG,SA,medium_airport,1,5581,medium
3,SBGW,GUJ,Edu Chaves Field,Guaratinguetá,BR,BR-SP,SA,medium_airport,1,5089,medium
3,SBHT,ATM,Altamira Interstate Airport,Altamira,BR,BR-PA,SA,medium_airport,1,6572,medium
3,SBIC,ITA,Itacoatiara Airport,Itacoatiara,BR,BR-AM,SA,medium_airport,1,4970,medium
3,SBIH,ITB,Itaituba Airport,Itaituba,BR,BR-PA,SA,medium_airport,1,5577,medium
3,SBIL,IOS,Bahia - Jorge Amado Airport,Ilhéus,BR,BR-BA,SA,medium_airport,1,5174,medium
3,SBIP,IPN,Usiminas Airport,Ipatinga,BR,BR-MG,SA,medium_airport,1,6575,medium
3,SBIZ,IMP,Prefeito Renato Moreira Airport,Imperatriz,BR,BR-MA,SA,medium_airport,1,5899,medium
3,SBJE,JJD,Comandante Ariston Pessoa Airport,Cruz,BR,BR-CE,SA,medium_airport,1,7218,medium
3,SBJF,JDF,Francisco de Assis Airport,Juiz de Fora,BR,BR-MG,SA,medium_airport,1,5036,medium
3,SBJH,JHF,São Paulo Catarina Executive Airport,São Roque,BR,BR-SP,SA,medium_airport,1,8104,medium
3,SBJP,JPA,Presidente Castro Pinto International Airport,João Pessoa,BR,BR-PB,SA,large_airport,1,8251,international + large
3,SBJR,RRJ,Jacarepaguá - Roberto Marinho Airport,Rio de Janeiro,BR,BR-RJ,SA,medium_airport,1,2952,medium
3,SBJV,JOI,Lauro Carneiro de Loyola Airport,Joinville,BR,BR-SC,SA,medium_airport,1,5381,medium
3,SBKG,CPV,Presidente João Suassuna Airport,Campina Grande,BR,BR-PB,SA,medium_airport,1,5135,medium
3,SBKP,VCP,Viracopos International Airport,Campinas,BR,BR-SP,SA,large_airport,1,10630,international + large
3,SBLJ,LAJ,Lages Airport,Lages,BR,BR-SC,SA,medium_airport,1,5020,medium
3,SBLO,LDB,Governor José Richa Airport,Londrina,BR,BR-PR,SA,medium_airport,1,6890,medium
3,SBLP,LAZ,Bom Jesus da Lapa Airport,Bom Jesus da Lapa,BR,BR-BA,SA,medium_airport,1,3973,medium
3,SBMA,MAB,João Correa da Rocha Airport,Marabá,BR,BR-PA,SA,medium_airport,1,6562,medium
3,SBMD,MEU,Monte Dourado - Serra do Areão Airport,Almeirim,BR,BR-PA,SA,medium_airport,1,5906,medium
3,SBME,MEA,Macaé Benedito Lacerda Airport,Macaé,BR,BR-RJ,SA,medium_airport,1,3937,medium
3,SBMG,MGF,Regional de Maringá - Sílvio Name Júnior Airport,Maringá,BR,BR-PR,SA,medium_airport,1,7783,medium
3,SBMK,MOC,Mário Ribeiro Airport,Montes Claros,BR,BR-MG,SA,medium_airport,1,6890,medium
3,SBML,MII,Frank Miloye Milenkowichi–Marília State Airport,Marília,BR,BR-SP,SA,medium_airport,1,4921,medium
3,SBMN,PLL,Ponta Pelada Airport / Manaus Air Base,Manaus,BR,BR-AM,SA,medium_airport,1,7119,medium
3,SBMO,MCZ,Zumbi dos Palmares International Airport,Maceió,BR,BR-AL,SA,large_airport,1,8537,international + large
3,SBMQ,MCP,Macapá - Alberto Alcolumbre International Airport,Macapá,BR,BR-AP,SA,medium_airport,1,6890,international + medium
3,SBMS,MVF,Dix-Sept Rosado Airport,Mossoró,BR,BR-RN,SA,medium_airport,1,6562,medium
3,SBMT,RTE,Campo de Marte Airport,São Paulo,BR,BR-SP,SA,medium_airport,1,5249,medium
3,SBMY,MNX,Manicoré Airport,Manicoré,BR,BR-AM,SA,medium_airport,1,4199,medium
3,SBNF,NVT,Ministro Victor Konder International Airport,Navegantes,BR,BR-SC,SA,large_airport,1,5906,international + large
3,SBNM,GEL,Santo Ângelo Airport,Santo Ângelo,BR,BR-RS,SA,medium_airport,1,5331,medium
3,SBOI,OYK,Oiapoque Airport,Oiapoque,BR,BR-AP,SA,medium_airport,1,3937,medium
3,SBPA,POA,Porto Alegre-Salgado Filho International Airport,Porto Alegre,BR,BR-RS,SA,large_airport,1,10499,international + large
3,SBPB,PHB,Parnaíba - Prefeito Doutor João Silva Filho International Airport,Parnaíba,BR,BR-PI,SA,medium_airport,1,6890,international + medium
3,SBPC,POO,Poços de Caldas - Embaixador Walther Moreira Salles Airport,Poços De Caldas,BR,BR-MG,SA,medium_airport,1,4970,medium
3,SBPF,PFB,Lauro Kurtz Airport,Passo Fundo,BR,BR-RS,SA,medium_airport,1,5512,medium
3,SBPG,PGZ,Ponta Grossa Airport - Comandante Antonio Amilton Beraldo,Ponta Grossa,BR,BR-PR,SA,medium_airport,1,4692,medium
3,SBPK,PET,João Simões Lopes Neto International Airport,Pelotas,BR,BR-RS,SA,medium_airport,1,6496,international + medium
3,SBPL,PNZ,Senador Nilo Coelho Airport,Petrolina,BR,BR-PE,SA,medium_airport,1,9055,medium
3,SBPP,PMG,Ponta Porã Airport,Ponta Porã,BR,BR-MS,SA,medium_airport,1,6562,medium
3,SBPS,BPS,Porto Seguro International Airport,Porto Seguro,BR,BR-BA,SA,large_airport,1,6562,international + large
3,SBPV,PVH,Governador Jorge Teixeira de Oliveira International Airport,Porto Velho,BR,BR-RO,SA,large_airport,1,7874,international + large
3,SBRB,RBR,Rio Branco-Plácido de Castro International Airport,Rio Branco,BR,BR-AC,SA,large_airport,1,7080,international + large
3,SBRD,ROO,Maestro Marinho Franco Airport,Rondonópolis,BR,BR-MT,SA,medium_airport,1,6070,medium
3,SBRF,REC,Recife/Guararapes - Gilberto Freyre International Airport,Recife,BR,BR-PE,SA,large_airport,1,9865,international + large
3,SBRP,RAO,Leite Lopes Airport,Ribeirão Preto,BR,BR-SP,SA,medium_airport,1,6890,medium
3,SBSC,SNZ,Santa Cruz Air Force Base,Rio de Janeiro,BR,BR-RJ,SA,medium_airport,1,8986,medium
3,SBSG,NAT,Rio Grande do Norte/São Gonçalo do Amarante–Governador Aluízio Alves International Airport,Natal,BR,BR-RN,SA,large_airport,1,9843,international + large
3,SBSJ,SJK,Professor Urbano Ernesto Stumpf Airport,São José Dos Campos,BR,BR-SP,SA,medium_airport,1,8780,medium
3,SBSN,STM,Santarém - Maestro Wilson Fonseca International Airport,Santarém,BR,BR-PA,SA,medium_airport,1,7874,international + medium
3,SBSR,SJP,Prof. Eribelto Manoel Reino State Airport,São José do Rio Preto,BR,BR-SP,SA,medium_airport,1,5381,medium
3,SBST,SSZ,Santos Nero Moura Air Base / Guarujá Airport,Guarujá,BR,BR-SP,SA,medium_airport,1,4560,medium
3,SBTA,,Base de Aviação de Taubaté,Taubaté,BR,BR-SP,SA,medium_airport,1,6170,medium
3,SBTB,TMT,Trombetas Airport,Oriximiná,BR,BR-PA,SA,medium_airport,1,5249,medium
3,SBTE,THE,Senador Petrônio Portela Airport,Teresina,BR,BR-PI,SA,medium_airport,1,7218,medium
3,SBTF,TFF,Tefé Airport,Tefé,BR,BR-AM,SA,medium_airport,1,7218,medium
3,SBTK,TRQ,Tarauacá Airport,Tarauacá,BR,BR-AC,SA,medium_airport,1,3707,medium
3,SBTS,,Tiriós Airport,Aldeia Tiriós,BR,BR-PA,SA,medium_airport,1,6562,medium
3,SBTT,TBT,Tabatinga International Airport,Tabatinga,BR,BR-AM,SA,medium_airport,1,7054,international + medium
3,SBTU,TUR,Tucuruí Airport,Tucuruí,BR,BR-PA,SA,medium_airport,1,6562,medium
3,SBUA,SJL,São Gabriel da Cachoeira Airport,São Gabriel da Cachoeira,BR,BR-AM,SA,medium_airport,1,8530,medium
3,SBUF,PAV,Paulo Afonso Airport,Paulo Afonso,BR,BR-BA,SA,medium_airport,1,5906,medium
3,SBUL,UDI,Ten. Cel. Aviador César Bombonato Airport,Uberlândia,BR,BR-MG,SA,medium_airport,1,6398,medium
3,SBUR,UBA,Mário de Almeida Franco Airport,Uberaba,BR,BR-MG,SA,medium_airport,1,5771,medium
3,SBVG,VAG,Major Brigadeiro Trompowsky Airport,Varginha,BR,BR-MG,SA,medium_airport,1,6890,medium
3,SBVH,BVH,Brigadeiro Camarão Airport,Vilhena,BR,BR-RO,SA,medium_airport,1,8530,medium
3,SDIY,FEC,João Durval Carneiro Airport,Feira de Santana,BR,BR-BA,SA,medium_airport,1,4921,medium
3,SN6L,JSO,Dr. Luciano de Arruda Coelho Regional Airport,Sobral,BR,BR-CE,SA,medium_airport,1,5906,medium
3,SNCP,EEA,Planalto Serrano Regional Airport,Correia Pinto,BR,BR-SC,SA,medium_airport,1,5912,medium
3,SNLN,LHN,Linhares Municipal Airport,Linhares,BR,BR-ES,SA,medium_airport,1,6102,medium
3,SNQX,,Quixadá Airport,Quixadá,BR,BR-CE,SA,medium_airport,1,3937,medium
3,SSVL,TEC,Telêmaco Borba Airport,Telêmaco Borba,BR,BR-PR,SA,medium_airport,1,2953,medium
3,SWGN,AUX,Araguaína Airport,Araguaína,BR,BR-TO,SA,medium_airport,1,5919,medium
3,SBVC,VDC,Glauber de Andrade Rocha Airport,Vitória da Conquista,BR,BR-BA,SA,medium_airport,0,0,medium
3,SDPE,PNB,Porto Nacional Airport,Porto Nacional,BR,BR-TO,SA,medium_airport,0,0,medium
3,SNBA,BAT,Chafei Amsei Airport,Barretos,BR,BR-SP,SA,medium_airport,0,0,medium
3,SSBZ,BZC,Umberto Modiano Airport,Cabo Frio,BR,BR-RJ,SA,medium_airport,0,0,medium
3,SSCV,CRQ,Caravelas Airport,Caravelas,BR,BR-BA,SA,medium_airport,0,0,medium
3,SSIM,CCM,Forquilhinha - Criciúma  Airport,Criciúma,BR,BR-SC,SA,medium_airport,0,0,medium
3,SWIQ,MQH,Minaçu Airport,Minaçu,BR,BR-GO,SA,medium_airport,0,0,medium
3,SWXQ,LIP,Lins Airport,Lins,BR,BR-SP,SA,medium_airport,0,0,medium
3,SCCI,PUQ,President Carlos Ibáñez International Airport,Punta Arenas,CL,CL-MA,SA,large_airport,3,9154,2+ runways + international + large
3,SCEL,SCL,Comodoro Arturo Merino Benítez International Airport,Santiago,CL,CL-RM,SA,large_airport,2,12303,2+ runways + international + large
3,SCFM,WPR,Captain Fuentes Martinez Airport,Porvenir,CL,CL-MA,SA,medium_airport,2,8202,2+ runways + medium
3,SCIE,CCP,Carriel Sur International Airport,Concepcion,CL,CL-BI,SA,large_airport,2,8530,2+ runways + international + large
3,SCAR,ARI,Chacalluta International Airport,Arica,CL,CL-AP,SA,medium_airport,1,9186,international + medium
3,SCAT,CPO,Desierto de Atacama Airport,Copiapo,CL,CL-AT,SA,medium_airport,1,7218,medium
3,SCBA,BBA,Balmaceda Airport,Balmaceda,CL,CL-AI,SA,medium_airport,1,8205,medium
3,SCBE,TOQ,Barriles Airport,Tocopilla,CL,CL-AN,SA,medium_airport,1,5380,medium
3,SCCC,CCH,Chile Chico Airport,Chile Chico,CL,CL-AI,SA,medium_airport,1,3937,medium
3,SCCF,CJC,El Loa Airport,Calama,CL,CL-AN,SA,medium_airport,1,9974,medium
3,SCCH,YAI,Gral. Bernardo O´Higgins Airport,Chillan,CL,CL-NB,SA,medium_airport,1,5740,medium
3,SCCY,GXQ,Teniente Vidal Airport,Coyhaique,CL,CL-AI,SA,medium_airport,1,5072,medium
3,SCDA,IQQ,Diego Aracena International Airport,Iquique,CL,CL-TA,SA,large_airport,1,10991,international + large
3,SCES,ESR,Ricardo García Posada Airport,El Salvador,CL,CL-AT,SA,medium_airport,1,7546,medium
3,SCFA,ANF,Andrés Sabella Gálvez International Airport,Antofagasta,CL,CL-AN,SA,large_airport,1,9186,international + large
3,SCGZ,WPU,Guardia Marina Zañartu Airport,Puerto Williams,CL,CL-MA,SA,medium_airport,1,4724,medium
3,SCHR,LGR,Cochrane Airport,Cochrane,CL,CL-AI,SA,medium_airport,1,3346,medium
3,SCIP,IPC,Mataveri International Airport,Isla De Pascua,CL,CL-VS,SA,large_airport,1,10827,international + large
3,SCJO,ZOS,Cañal Bajo Carlos Hott Siebert Airport,Osorno,CL,CL-LL,SA,medium_airport,1,6398,medium
3,SCLL,VLR,Vallenar Airport,Vallenar,CL,CL-AT,SA,medium_airport,1,4624,medium
3,SCNT,PNT,Lieutenant Julio Gallardo Airport,Puerto Natales,CL,CL-MA,SA,medium_airport,1,5786,medium
3,SCQP,ZCO,La Araucanía International Airport,Temuco,CL,CL-AR,SA,large_airport,1,8005,international + large
3,SCRA,CNR,Chañaral Airport,Chañaral,CL,CL-AT,SA,medium_airport,1,3985,medium
3,SCRG,,La Independencia Airport,Rancagua,CL,CL-LI,SA,medium_airport,1,5258,medium
3,SCSE,LSC,La Florida Airport,La Serena-Coquimbo,CL,CL-CO,SA,medium_airport,1,6358,medium
3,SCTC,PZS,Maquehue Airport,Temuco,CL,CL-AR,SA,medium_airport,1,5577,medium
3,SCTE,PMC,El Tepual International Airport,Puerto Montt,CL,CL-LL,SA,large_airport,1,8694,international + large
3,SCTL,TLX,Panguilemo Airport,Talca,CL,CL-ML,SA,medium_airport,1,3660,medium
3,SCTN,WCH,Nuevo Chaitén Airport,Chaitén,CL,CL-LL,SA,medium_airport,1,3937,medium
3,SCTO,ZIC,Victoria Airport,Victoria,CL,CL-AR,SA,medium_airport,1,3478,medium
3,SCTT,TTC,Las Breas Airport,Taltal,CL,CL-AN,SA,medium_airport,1,3920,medium
3,SCVD,ZAL,Pichoy Airport,Valdivia,CL,CL-LR,SA,medium_airport,1,6870,medium
3,SCVM,KNA,Viña del Mar Airport,Viña del Mar,CL,CL-VS,SA,medium_airport,1,5760,medium
3,SKAP,API,Gomez Nino Apiay Air Base,Apiay,CO,CO-MET,SA,medium_airport,2,8204,2+ runways + medium
3,SKAS,PUU,Tres De Mayo Airport,Puerto Asís,CO,CO-PUT,SA,medium_airport,2,5331,2+ runways + medium
3,SKBO,BOG,El Dorado International Airport,Bogota,CO,CO-DC,SA,large_airport,2,12467,2+ runways + international + large
3,SKBS,BSC,José Celestino Mutis Airport,Bahía Solano,CO,CO-CHO,SA,medium_airport,2,3973,2+ runways + medium
3,SKCC,CUC,Camilo Daza International Airport,Cúcuta,CO,CO-NSA,SA,medium_airport,2,7700,2+ runways + international + medium
3,SKLM,MCJ,Jorge Isaac Airport,La Mina-Maicao,CO,CO-LAG,SA,medium_airport,2,4876,2+ runways + medium
3,SKMZ,MZL,La Nubia Airport,Manizales,CO,CO-CAL,SA,medium_airport,2,4835,2+ runways + medium
3,SKQU,MQU,Mariquita Airport,Mariquita,CO,CO-TOL,SA,medium_airport,2,5905,2+ runways + medium
3,SKRH,RCH,Almirante Padilla Airport,Riohacha,CO,CO-LAG,SA,medium_airport,2,5413,2+ runways + medium
3,SKSV,SVI,Eduardo Falla Solano Airport,San Vicente Del Caguán,CO,CO-CAQ,SA,medium_airport,2,4921,2+ runways + medium
3,SKUA,,Marandúa Air Base,Marandúa,CO,CO-VID,SA,medium_airport,2,8110,2+ runways + medium
3,SKAR,AXM,El Eden Airport,Armenia,CO,CO-QUI,SA,medium_airport,1,7045,medium
3,SKBC,ELB,Las Flores Airport,El Banco,CO,CO-MAG,SA,medium_airport,1,3985,medium
3,SKBG,BGA,Palonegro Airport,Bucaramanga,CO,CO-SAN,SA,medium_airport,1,7381,medium
3,SKBQ,BAQ,Ernesto Cortissoz International Airport,Barranquilla,CO,CO-ATL,SA,large_airport,1,9842,international + large
3,SKBU,BUN,Gerardo Tobar López Airport,Buenaventura,CO,CO-VAC,SA,medium_airport,1,3945,medium
3,SKCG,CTG,Rafael Nuñez International Airport,Cartagena,CO,CO-BOL,SA,large_airport,1,8530,international + large
3,SKCL,CLO,Alfonso Bonilla Aragon International Airport,Cali,CO,CO-VAC,SA,large_airport,1,9842,international + large
3,SKCO,TCO,La Florida Airport,Tumaco,CO,CO-NAR,SA,medium_airport,1,5249,medium
3,SKCU,CAQ,Juan H White Airport,Caucasia,CO,CO-ANT,SA,medium_airport,1,3794,medium
3,SKCV,CVE,Coveñas Airport,Coveñas,CO,CO-SUC,SA,medium_airport,1,4396,medium
3,SKCZ,CZU,Las Brujas Airport,Corozal,CO,CO-SUC,SA,medium_airport,1,4930,medium
3,SKEB,EBG,El Bagre Airport,El Bagre,CO,CO-ANT,SA,medium_airport,1,4310,medium
3,SKEJ,EJA,Yariguíes Airport,Barrancabermeja,CO,CO-SAN,SA,medium_airport,1,5905,medium
3,SKFL,FLA,Gustavo Artunduaga Paredes Airport,Florencia,CO,CO-CAQ,SA,medium_airport,1,4921,medium
3,SKGI,GIR,Santiago Vila Airport,Girardot,CO,CO-CUN,SA,medium_airport,1,5249,medium
3,SKGO,CRC,Santa Ana Airport,Cartago,CO,CO-VAC,SA,medium_airport,1,6644,medium
3,SKGP,GPI,Guapi Airport,Guapi,CO,CO-CAU,SA,medium_airport,1,4256,medium
3,SKIB,IBE,Perales Airport,Ibagué,CO,CO-TOL,SA,medium_airport,1,5905,medium
3,SKIP,IPI,San Luis Airport,Ipiales,CO,CO-NAR,SA,medium_airport,1,8202,medium
3,SKLC,APO,Antonio Roldán Betancur Airport,Carepa,CO,CO-ANT,SA,medium_airport,1,7153,medium
3,SKLT,LET,Alfredo Vásquez Cobo International Airport,Leticia,CO,CO-AMA,SA,medium_airport,1,6168,international + medium
3,SKMD,EOH,Enrique Olaya Herrera Airport,Medellín,CO,CO-ANT,SA,medium_airport,1,8202,medium
3,SKMG,MGN,Baracoa Airport,Magangué,CO,CO-BOL,SA,medium_airport,1,4921,medium
3,SKMR,MTR,Los Garzones Airport,Montería,CO,CO-COR,SA,medium_airport,1,7539,medium
3,SKMU,MVP,Fabio Alberto Leon Bentley Airport,Mitú,CO,CO-VAU,SA,medium_airport,1,5889,medium
3,SKNV,NVA,Benito Salas Airport,Neiva,CO,CO-HUI,SA,medium_airport,1,5880,medium
3,SKOC,OCV,Aguas Claras Airport,Ocaña,CO,CO-NSA,SA,medium_airport,1,3937,medium
3,SKPC,PCR,German Olano Airport,Puerto Carreño,CO,CO-VID,SA,medium_airport,1,5907,medium
3,SKPD,PDA,Obando Cesar Gaviria Trujillo Airport,Puerto Inírida,CO,CO-GUA,SA,medium_airport,1,5910,medium
3,SKPE,PEI,Matecaña International Airport,Pereira,CO,CO-RIS,SA,medium_airport,1,6627,international + medium
3,SKPI,PTX,Pitalito Airport,Pitalito,CO,CO-HUI,SA,medium_airport,1,4912,medium
3,SKPP,PPN,Guillermo León Valencia Airport,Popayán,CO,CO-CAU,SA,medium_airport,1,6266,medium
3,SKPQ,PAL,German Olano Air Base,La Dorada,CO,CO-CUN,SA,medium_airport,1,9987,medium
3,SKPS,PSO,Antonio Nariño Airport,Chachagüí,CO,CO-NAR,SA,medium_airport,1,7585,medium
3,SKPZ,PZA,Paz de Ariporo Airport,Paz de Ariporo,CO,CO-CAS,SA,medium_airport,1,4935,medium
3,SKRG,MDE,Jose Maria Córdova International Airport,Medellín,CO,CO-ANT,SA,large_airport,1,11286,international + large
3,SKSJ,SJE,Jorge E. Gonzalez Torres Airport,San José Del Guaviare,CO,CO-GUV,SA,medium_airport,1,4897,medium
3,SKSM,SMR,Simón Bolívar International Airport,Santa Marta,CO,CO-MAG,SA,medium_airport,1,5577,international + medium
3,SKTJ,,Tunja Airport,Tunja,CO,CO-BOY,SA,medium_airport,1,3635,medium
3,SKTM,TME,Gustavo Vargas Airport,Tame,CO,CO-ARA,SA,medium_airport,1,6561,medium
3,SKTQ,TQS,Captain Ernesto Esguerra Cubides Air Base,Tres Esquinas,CO,CO-CAQ,SA,medium_airport,1,6220,medium
3,SKUC,AUC,Santiago Perez Airport,Arauca,CO,CO-ARA,SA,medium_airport,1,6890,medium
3,SKUI,UIB,El Caraño Airport,Quibdó,CO,CO-CHO,SA,medium_airport,1,4593,medium
3,SKUL,ULQ,Heriberto Gíl Martínez Airport,Tuluá,CO,CO-VAC,SA,medium_airport,1,3495,medium
3,SKVP,VUP,Alfonso López Pumarejo Airport,Valledupar,CO,CO-CES,SA,medium_airport,1,6890,medium
3,SKVV,VVC,Vanguardia Airport,Villavicencio,CO,CO-MET,SA,medium_airport,1,5616,medium
3,SKYP,EYP,El Alcaravan - Yopal Airport,Yopal,CO,CO-CAS,SA,medium_airport,1,8448,medium
3,SESA,SNC,General Ulpiano Paez International Airport,Salinas/La Libertad,EC,EC-25,SA,large_airport,2,8629,2+ runways + international + large
3,SEAM,ATF,Chachoán Regional Airport,Ambato,EC,EC-T,SA,medium_airport,1,6316,medium
3,SECO,OCC,Francisco De Orellana Airport,Coca,EC,EC-D,SA,medium_airport,1,6760,medium
3,SECU,CUE,Mariscal Lamar Airport,Cuenca,EC,EC-A,SA,medium_airport,1,6234,medium
3,SEGS,GPS,Seymour Galapagos Ecological Airport,Isla Baltra,EC,EC-W,SA,medium_airport,1,7877,medium
3,SEGU,GYE,José Joaquín de Olmedo International Airport,Guayaquil,EC,EC-G,SA,large_airport,1,9154,international + large
3,SEJD,TNW,Jumandy Airport,Ahuano,EC,EC-N,SA,medium_airport,1,8202,medium
3,SELT,LTX,Cotopaxi International Airport,Latacunga,EC,EC-X,SA,medium_airport,1,12117,international + medium
3,SEMA,MRR,Jose Maria Velasco Ibarra Airport,Macará,EC,EC-L,SA,medium_airport,1,3532,medium
3,SEMC,XMS,Coronel E Carvajal Airport,Macas,EC,EC-S,SA,medium_airport,1,8202,medium
3,SEMT,MEC,Eloy Alfaro International Airport,Manta,EC,EC-M,SA,medium_airport,1,9383,international + medium
3,SEPV,PVO,Reales Tamarindos Airport,Portoviejo,EC,EC-M,SA,medium_airport,1,7451,medium
3,SEQM,UIO,Mariscal Sucre International Airport,Quito,EC,EC-P,SA,large_airport,1,13445,international + large
3,SERO,ETR,Santa Rosa - Artillery Colonel Victor Larrea International Airport,Santa Rosa,EC,EC-O,SA,medium_airport,1,8625,international + medium
3,SETN,ESM,Carlos Concha Torres International Airport,Tachina,EC,EC-E,SA,large_airport,1,7874,international + large
3,SETR,TPC,Tarapoa Airport,Tarapoa,EC,EC-U,SA,medium_airport,1,5151,medium
3,SETU,TUA,Lieutenant Colonel Luis A. Mantilla International Airport,Tulcán,EC,EC-C,SA,medium_airport,1,8071,international + medium
3,EGYP,MPN,Mount Pleasant Airport / RAF Mount Pleasant,Mount Pleasant,FK,FK-U-A,SA,medium_airport,2,8497,2+ runways + medium
3,SOCA,CAY,Cayenne – Félix Eboué Airport,Matoury,GF,GF-CY,SA,large_airport,1,10486,large
3,SOOA,MPY,Maripasoula Airport,Maripasoula,GF,GF-SL,SA,medium_airport,1,3938,medium
3,SOOG,OYP,Saint-Georges-de-l'Oyapock Airport,Saint-Georges-de-l'Oyapock,GF,GF-CY,SA,medium_airport,1,3937,medium
3,SOOM,LDX,Saint-Laurent-du-Maroni Airport,Saint-Laurent-du-Maroni,GF,GF-SL,SA,medium_airport,1,3281,medium
3,SYCJ,GEO,Cheddi Jagan International Airport,Georgetown,GY,GY-DE,SA,large_airport,2,11023,2+ runways + international + large
3,SYKA,KAI,Kaieteur Airport,Kaieteur Falls,GY,GY-PT,SA,medium_airport,1,2018,medium
3,SYLT,LTM,Lethem Airport,Lethem,GY,GY-UT,SA,medium_airport,1,5985,medium
3,SYEC,OGL,Eugene F. Correia International Airport,Ogle,GY,GY-DE,SA,medium_airport,0,0,international + medium
3,SPAY,AYX,Teniente General Gerardo Pérez Pinedo Airport,Atalaya,PE,PE-UCA,SA,medium_airport,1,4921,medium
3,SPBC,,Caballococha Airport,Caballococha,PE,PE-LOR,SA,medium_airport,1,5905,medium
3,SPBR,IBP,Iberia Airport,Iberia,PE,PE-MDD,SA,medium_airport,1,4429,medium
3,SPCL,PCL,Cap FAP David Abenzur Rengifo International Airport,Pucallpa,PE,PE-UCA,SA,large_airport,1,9186,international + large
3,SPEO,CHM,FAP Lieutenant Jaime Andres de Montreuil Morales Airport,Chimbote,PE,PE-ANC,SA,medium_airport,1,5905,medium
3,SPHI,CIX,Capitán FAP José A. Quiñones González International Airport,Chiclayo,PE,PE-LAM,SA,large_airport,1,8266,international + large
3,SPHO,AYP,Air Force Colonel Alfredo Mendivil Duarte Airport,Ayacucho,PE,PE-AYA,SA,medium_airport,1,9186,medium
3,SPHZ,ATA,Comandante FAP German Arias Graziani Airport,Anta,PE,PE-ANC,SA,medium_airport,1,10007,medium
3,SPJA,RIJ,Juan Simons Vela Airport,Rioja,PE,PE-SAM,SA,medium_airport,1,6168,medium
3,SPJE,JAE,Shumba Airport,Jaén,PE,PE-CAJ,SA,medium_airport,1,7874,medium
3,SPJI,JJI,Juanjui Airport,Juanjuí,PE,PE-SAM,SA,medium_airport,1,6562,medium
3,SPJJ,JAU,Francisco Carle Airport,Jauja,PE,PE-JUN,SA,medium_airport,1,9220,medium
3,SPJL,JUL,Inca Manco Capac International Airport,Juliaca,PE,PE-PUN,SA,large_airport,1,13780,international + large
3,SPJR,CJA,Mayor General FAP Armando Revoredo Iglesias Airport,Cajamarca,PE,PE-CAJ,SA,medium_airport,1,8201,medium
3,SPLO,ILQ,General Jorge Fernandez Maldon Airport,Ilo,PE,PE-MOQ,SA,medium_airport,1,8202,medium
3,SPME,TBP,Captain Pedro Canga Rodríguez International Airport,Tumbes,PE,PE-TUM,SA,medium_airport,1,8202,international + medium
3,SPMS,YMS,Moises Benzaquen Rengifo Airport,Yurimaguas,PE,PE-LOR,SA,medium_airport,1,5912,medium
3,SPNC,HUU,Alferez Fap David Figueroa Fernandini Airport,Huánuco,PE,PE-HUC,SA,medium_airport,1,8202,medium
3,SPPY,CHH,Chachapoyas Airport,Chachapoyas,PE,PE-AMA,SA,medium_airport,1,6496,medium
3,SPQT,IQT,Coronel FAP Francisco Secada Vignetta International Airport,Iquitos,PE,PE-LOR,SA,large_airport,1,8202,international + large
3,SPQU,AQP,Rodríguez Ballón International Airport,Arequipa,PE,PE-ARE,SA,large_airport,1,9777,international + large
3,SPRU,TRU,Capitán FAP Carlos Martínez de Pinillos International Airport,Trujillo,PE,PE-LAL,SA,large_airport,1,9920,international + large
3,SPSO,PIO,Captain Renán Elías Olivera International Airport,Pisco,PE,PE-ICA,SA,large_airport,1,9908,international + large
3,SPST,TPP,Cadete FAP Guillermo Del Castillo Paredes Airport,Tarapoto,PE,PE-SAM,SA,medium_airport,1,8530,medium
3,SPTN,TCQ,Coronel FAP Carlos Ciriani Santa Rosa International Airport,Tacna,PE,PE-TAC,SA,medium_airport,1,8202,international + medium
3,SPTU,PEM,Padre Aldamiz International Airport,Puerto Maldonado,PE,PE-MDD,SA,medium_airport,1,11482,international + medium
3,SPUR,PIU,PAF Captain Guillermo Concha Iberico International Airport,Piura,PE,PE-PIU,SA,medium_airport,1,8202,international + medium
3,SPYL,TYL,Captain Victor Montes Arias International Airport,Talara,PE,PE-PIU,SA,medium_airport,1,8038,international + medium
3,SPZA,NZC,Maria Reiche Neuman Airport,Nazca,PE,PE-ICA,SA,medium_airport,1,3355,medium
3,SPZO,CUZ,Alejandro Velasco Astete International Airport,Cusco,PE,PE-CUS,SA,large_airport,1,11146,international + large
3,SPJC,LIM,Jorge Chávez International Airport,Lima,PE,PE-LIM,SA,large_airport,0,0,international + large
3,SGAS,ASU,Silvio Pettirossi International Airport,Asunción,PY,PY-11,SA,large_airport,1,10997,international + large
3,SGAY,AYO,Aeropuerto Nacional Juan de Ayolas,Ayolas,PY,PY-8,SA,medium_airport,1,6070,medium
3,SGCO,CIO,Lieutenant Colonel Carmelo Peralta National Airport,Concepción,PY,PY-1,SA,medium_airport,1,6070,medium
3,SGEN,ENO,Teniente Ramon A. Ayub Gonzalez International Airport,Encarnación,PY,PY-7,SA,large_airport,1,7218,international + large
3,SGES,AGT,Guaraní International Airport,Ciudad del Este,PY,PY-10,SA,large_airport,1,11154,international + large
3,SGIB,,Itaipú Airport,Itaipú,PY,PY-10,SA,medium_airport,1,4987,medium
3,SGME,ESG,Dr. Luis María Argaña International Airport,Mariscal Estigarribia,PY,PY-19,SA,medium_airport,1,11483,international + medium
3,SGPI,PIL,Aeródromo Don Carlos Miguel Gimenez,Pilar,PY,PY-12,SA,medium_airport,1,4920,medium
3,SGPJ,PJC,Aeropuerto Nacional Dr. Augusto Roberto Fuster,Pedro Juan Caballero,PY,PY-13,SA,medium_airport,1,5908,medium
3,SGST,,Santa Teresa Airport,Santa Teresa,PY,PY-13,SA,medium_airport,1,5895,medium
3,SGGR,,Aeropuerto Nacional de Salto del Guaira,Salto del Guaira,PY,PY-14,SA,medium_airport,0,0,medium
3,SGOV,,Aeropuerto Nacional de Coronel Oviedo,Coronel Oviedo,PY,PY-5,SA,medium_airport,0,0,medium
3,SGVM,VMI,Aeropuerto Nacional Doctor Juan Plate,Puerto Vallemi,PY,PY-1,SA,medium_airport,0,0,medium
3,SMJP,PBM,Johan Adolf Pengel International Airport,Paramaribo,SR,SR-PR,SA,large_airport,1,11417,international + large
3,SUDU,DZO,Santa Bernardina International Airport,Durazno,UY,UY-DU,SA,medium_airport,2,7477,2+ runways + international + medium
3,SULS,PDP,Capitan Corbeta CA Curbelo International Airport,Punta del Este,UY,UY-MA,SA,medium_airport,2,6998,2+ runways + international + medium
3,SUMU,MVD,Carrasco General Cesáreo L. Berisso International Airport,Ciudad de la Costa,UY,UY-CA,SA,large_airport,2,10499,2+ runways + international + large
3,SUSO,STY,Nueva Hesperides International Airport,Salto,UY,UY-SA,SA,medium_airport,2,5210,2+ runways + international + medium
3,SUAA,,Ángel S. Adami International Airport,Montevideo,UY,UY-MO,SA,medium_airport,1,4101,international + medium
3,SUPU,PDU,Tydeo Larre Borges Airport,Paysandú,UY,UY-PA,SA,medium_airport,1,4331,medium
3,SURV,RVY,Pres. Gral. Óscar D. Gestido Binational Airport,Rivera/Santana do Livramento,UY,UY-RV,SA,medium_airport,1,6004,medium
3,SVAC,AGV,Oswaldo Guevara Mujica Airport,Acarigua,VE,VE-P,SA,medium_airport,2,5990,2+ runways + medium
3,SVBC,BLA,General José Antonio Anzoategui International Airport,Barcelona,VE,VE-B,SA,large_airport,2,9842,2+ runways + international + large
3,SVBI,BNS,Barinas Airport,Barinas,VE,VE-E,SA,medium_airport,2,6560,2+ runways + medium
3,SVBS,MYC,Escuela Mariscal Sucre Airport,Maracay,VE,VE-D,SA,medium_airport,2,6846,2+ runways + medium
3,SVLF,LFR,La Fria Airport,,VE,VE-S,SA,medium_airport,2,6643,2+ runways + medium
3,SVMC,MAR,La Chinita International Airport,Maracaibo,VE,VE-V,SA,large_airport,2,9843,2+ runways + international + large
3,SVMI,CCS,Maiquetía Simón Bolívar International Airport,Maiquetía,VE,VE-X,SA,large_airport,2,11483,2+ runways + international + large
3,SVPM,SCI,Paramillo Airport,San Cristóbal,VE,VE-S,SA,medium_airport,2,3576,2+ runways + medium
3,SVAN,AAO,Anaco Airport,Anaco,VE,VE-B,SA,medium_airport,1,4134,medium
3,SVBL,,El Libertador Airbase,,VE,VE-D,SA,medium_airport,1,10400,medium
3,SVBM,BRM,Jacinto Lara International Airport,Barquisimeto,VE,VE-K,SA,large_airport,1,9350,international + large
3,SVCB,CBL,General Tomas de Heres Airport,Ciudad Bolivar,VE,VE-F,SA,medium_airport,1,5527,medium
3,SVCD,CXA,Caicara del Orinoco Airport,,VE,VE-F,SA,medium_airport,1,4920,medium
3,SVCL,CLZ,Calabozo Airport,Guarico,VE,VE-J,SA,medium_airport,1,4790,medium
3,SVCN,CAJ,Canaima Airport,Canaima,VE,VE-F,SA,medium_airport,1,7070,medium
3,SVCP,CUP,General Francisco Bermúdez Airport,Carúpano,VE,VE-R,SA,medium_airport,1,6611,medium
3,SVCR,CZE,José Leonardo Chirinos Airport,Coro,VE,VE-I,SA,medium_airport,1,6761,medium
3,SVCS,,Caracas Óscar Machado Zuloaga International Airport,Charallave,VE,VE-M,SA,medium_airport,1,6562,international + medium
3,SVCU,CUM,Antonio José de Sucre Airport,Cumaná,VE,VE-R,SA,medium_airport,1,10171,medium
3,SVED,EOR,El Dorado Airport,Bolivar,VE,VE-F,SA,medium_airport,1,4000,medium
3,SVEZ,EOZ,Elorza Airport,,VE,VE-C,SA,medium_airport,1,3937,medium
3,SVFM,,Generalissimo Francisco de Miranda Air Base,Caracas,VE,VE-M,SA,medium_airport,1,6475,medium
3,SVGD,GDO,Guasdualito Airport,Guasdualito,VE,VE-C,SA,medium_airport,1,6792,medium
3,SVGI,GUI,Guiria Airport,,VE,VE-R,SA,medium_airport,1,6585,medium
3,SVGU,GUQ,Guanare Airport,Guanare,VE,VE-P,SA,medium_airport,1,5905,medium
3,SVJC,LSP,Josefa Camejo International Airport,Paraguaná,VE,VE-I,SA,medium_airport,1,9186,international + medium
3,SVJM,,San Juan de Los Morros Airport,San Juan de los Morros,VE,VE-J,SA,medium_airport,1,4990,medium
3,SVLO,,La Orchila Airport,Isla La Orchila,VE,VE-W,SA,medium_airport,1,9843,medium
3,SVMD,MRD,Alberto Carnevalli Airport,Mérida,VE,VE-L,SA,medium_airport,1,5348,medium
3,SVMP,,Metropolitano International Airport,Ocumare del Tuy,VE,VE-M,SA,medium_airport,1,4659,international + medium
3,SVMT,MUN,José Tadeo Monagas International Airport,Maturín,VE,VE-N,SA,medium_airport,1,6890,international + medium
3,SVPA,PYH,Cacique Aramare Airport,Puerto Ayacucho,VE,VE-Z,SA,medium_airport,1,8272,medium
3,SVPC,PBL,General Bartolome Salom International Airport,Puerto Cabello,VE,VE-G,SA,medium_airport,1,6970,international + medium
3,SVPR,PZO,General Manuel Carlos Piar International Airport,Guyana City,VE,VE-F,SA,large_airport,1,6726,international + large
3,SVPT,PTM,Palmarito Airport,Palmarito,VE,VE-C,SA,medium_airport,1,3775,medium
3,SVSA,SVZ,Juan Vicente Gómez International Airport,San Antonio del Tachira,VE,VE-S,SA,medium_airport,1,6135,international + medium
3,SVSE,SNV,Santa Elena de Uairén Airport,Santa Elena de Uairén,VE,VE-F,SA,medium_airport,1,5445,medium
3,SVSO,STD,Mayor Buenaventura Vivas International Airport,Santo Domingo,VE,VE-S,SA,medium_airport,1,9990,international + medium
3,SVSP,SNF,Sub Teniente Nestor Arias Airport,San Felipe,VE,VE-U,SA,medium_airport,1,4921,medium
3,SVSR,SFD,San Fernando de Apure Las Flecheras National Airport,San Fernando de Apure,VE,VE-C,SA,medium_airport,1,6420,medium
3,SVST,SOM,San Tomé Airport,El Tigre,VE,VE-B,SA,medium_airport,1,6299,medium
3,SVSZ,STB,Miguel Urdaneta Fernández Airport,San Carlos del Zulia,VE,VE-V,SA,medium_airport,1,8835,medium
3,SVTC,TUV,Tucupita Airport,Tucupita,VE,VE-Y,SA,medium_airport,1,5512,medium
3,SVTM,TMO,Tumeremo Airport,,VE,VE-F,SA,medium_airport,1,9765,medium
3,SVVA,VLN,Arturo Michelena International Airport,Valencia,VE,VE-G,SA,large_airport,1,9842,international + large
3,SVVG,VIG,Juan Pablo Pérez Alfonso Airport,El Vigía,VE,VE-L,SA,medium_airport,1,10645,medium
3,SVVL,VLV,Dr. Antonio Nicolás Briceño Airport,Valera,VE,VE-T,SA,medium_airport,1,6791,medium
3,SVVP,VDP,Valle de La Pascua Airport,,VE,VE-J,SA,medium_airport,1,4921,medium
