icao,iata,name,city,country,region,continent,kind,runways,longest_ft,lat,lon
07FA,OCA,Ocean Reef Club Airport,Key Largo,US,US-FL,NA,medium_airport,1,4500,25.32540,-80.27480
AGGH,HIR,Honiara International Airport,Honiara,SB,SB-GU,OC,large_airport,1,7218,-9.42800,160.05499
AGGM,MUA,Munda Airport,Munda,SB,SB-WE,OC,medium_airport,1,4593,-8.32797,157.26300
ANYN,INU,Nauru International Airport,Yaren,NR,NR-14,OC,medium_airport,1,7054,-0.54789,166.91952
AQBC,,Boulder Clay Runway,Zucchelli Station,AQ,AQ-U-A,AN,medium_airport,0,,-74.73937,164.03539
AT03,,Concordia Skyway,Concordia Station,AQ,AQ-U-A,AN,medium_airport,0,,-75.10328,123.35825
AT28,,Vostok Skiway,Vostok Station,AQ,AQ-U-A,AN,medium_airport,0,,-78.46614,106.84825
AYBA,VMU,Baimuru Airport,Baimuru,PG,PG-GPK,OC,medium_airport,1,2953,-7.49695,144.82176
AYBK,BUA,Buka Airport,Buka Island,PG,PG-NSB,OC,medium_airport,1,5125,-5.42230,154.67270
AYBM,OPU,Balimo Airport,Balimo,PG,PG-WPD,OC,medium_airport,0,,-8.05000,142.93300
AYCH,CMU,Chimbu Airport,Kundiawa,PG,PG-CPK,OC,medium_airport,1,3330,-6.02429,144.97099
AYDU,DAU,Daru Airport,Daru,PG,PG-WPD,OC,medium_airport,1,4593,-9.08676,143.20799
AYGA,GKA,Goroka Airport,Goronka,PG,PG-EHG,OC,medium_airport,2,5400,-6.08169,145.39200
AYGN,GUR,Gurney Airport,Gurney,PG,PG-MBA,OC,medium_airport,1,5546,-10.31150,150.33400
AYGR,PNP,Girua Airport,Popondetta,PG,PG-NPP,OC,medium_airport,1,5485,-8.80454,148.30901
AYHK,HKN,Hoskins Airport,Kimbe,PG,PG-WBK,OC,medium_airport,1,6644,-5.46385,150.40733
AYKM,KMA,Kerema Airport,Kerema,PG,PG-GPK,OC,medium_airport,1,3044,-7.96361,145.77100
AYKV,KVG,Kavieng Airport,Kavieng,PG,PG-NIK,OC,medium_airport,1,5592,-2.57940,150.80800
AYMD,MAG,Madang Airport,Madang,PG,PG-MPM,OC,medium_airport,1,5174,-5.20708,145.78900
AYMH,HGU,Mount Hagen Kagamuga Airport,Mount Hagen,PG,PG-WHM,OC,medium_airport,2,7185,-5.82821,144.29941
AYMN,MDU,Mendi Airport,Mendi,PG,PG-SHM,OC,medium_airport,1,4411,-6.14774,143.65700
AYMO,MAS,Momote Airport,Manus Island,PG,PG-MRL,OC,medium_airport,1,6136,-2.06189,147.42400
AYNZ,LAE,Nadzab Tomodachi International Airport,Lae,PG,PG-MPL,OC,large_airport,1,8000,-6.56799,146.72654
AYPY,POM,Port Moresby Jacksons International Airport,Port Moresby,PG,PG-NCD,OC,large_airport,2,9022,-9.44338,147.22000
AYTK,RAB,Tokua Airport,Kokopo,PG,PG-EBR,OC,medium_airport,1,5643,-4.34046,152.38001
AYVN,VAI,Vanimo Airport,Vanimo,PG,PG-SAN,OC,medium_airport,1,5775,-2.69260,141.30280
AYWD,WBM,Wapenamanda Airport,Wapenamanda,PG,PG-EPW,OC,medium_airport,1,5052,-5.63529,143.89223
AYWK,WWK,Wewak International Airport,Wewak,PG,PG-ESW,OC,medium_airport,1,5234,-3.58383,143.66901
BGAA,JEG,Aasiaat Airport,Aasiaat,GL,GL-QK,NA,medium_airport,1,2621,68.72180,-52.78470
BGCO,CNP,Neerlerit Inaat Airport,Neerlerit Inaat,GL,GL-SE,NA,medium_airport,1,3281,70.74310,-22.65050
BGGH,GOH,Nuuk International Airport,Nuuk,GL,GL-SE,NA,large_airport,1,7217,64.19107,-51.67914
BGJN,JAV,Ilulissat Airport,Ilulissat,GL,GL-AV,NA,medium_airport,1,2772,69.24320,-51.05710
BGKK,KUS,Kulusuk Airport,Kulusuk,GL,GL-SE,NA,medium_airport,1,3934,65.57360,-37.12360
BGQO,JJU,Qaqortoq Airport,Qaqortoq,GL,GL-KU,NA,medium_airport,0,,60.76383,-46.06500
BGQQ,NAQ,Qaanaaq Airport,Qaanaaq,GL,GL-AV,NA,medium_airport,1,3314,77.48860,-69.38870
BGSF,SFJ,Kangerlussuaq International Airport,Kangerlussuaq,GL,GL-QA,NA,medium_airport,1,9219,67.01045,-50.71529
BGSS,JHS,Sisimiut Airport,Sisimiut,GL,GL-QA,NA,medium_airport,1,2621,66.95130,-53.72930
BGTL,THU,Pituffik Space Base,Pituffik,GL,GL-AV,NA,medium_airport,1,9997,76.53063,-68.70054
BIAR,AEY,Akureyri International Airport,Akureyri,IS,IS-6,EU,large_airport,1,8858,65.65657,-18.07202
BIBD,BIU,Bildudalur Airport,Bildudalur,IS,IS-4,EU,medium_airport,1,3084,65.64130,-23.54620
BIEG,EGS,Egilsstaðir Airport,Egilsstaðir,IS,IS-7,EU,medium_airport,1,7054,65.28330,-14.40140
BIGR,GRY,Grímsey Airport,Grímsey/Sandvík,IS,IS-6,EU,medium_airport,1,3399,66.54580,-18.01730
BIHN,HFN,Hornafjörður Airport,Höfn,IS,IS-8,EU,medium_airport,1,4921,64.29560,-15.22720
BIHU,HZK,Húsavík Airport,Húsavík,IS,IS-6,EU,medium_airport,1,5266,65.95230,-17.42600
BIIS,IFJ,Ísafjörður Airport,Ísafjörður,IS,IS-4,EU,medium_airport,1,4593,66.05810,-23.13530
BIKF,KEF,Keflavik International Airport,Reykjavík,IS,IS-2,EU,large_airport,2,10056,63.98500,-22.60560
BIRK,RKV,Reykjavík Domestic Airport,Reykjavík,IS,IS-1,EU,medium_airport,2,5138,64.12873,-21.93759
BIRL,MVA,Mývatn Airport,Myvatn,IS,IS-6,EU,medium_airport,1,3461,65.65580,-16.91810
BISI,SIJ,Siglufjörður Airport,Siglufjörður,IS,IS-6,EU,medium_airport,1,3556,66.13785,-18.90816
BIVM,VEY,Vestmannaeyjar Airport,Vestmannaeyjar,IS,IS-8,EU,medium_airport,2,3937,63.42430,-20.27890
BIVO,VPN,Vopnafjörður Airport,Vopnafjörður,IS,IS-7,EU,medium_airport,1,2904,65.72060,-14.85060
BKPR,PRN,Priština Adem Jashari International Airport,Prishtina,XK,XK-01,EU,large_airport,1,9974,42.57280,21.03580
CAJ4,YAA,Anahim Lake Airport,Anahim Lake,CA,CA-BC,NA,medium_airport,1,3930,52.45150,-125.30378
CAT4,XQU,Qualicum Beach Airport,Qualicum Beach,CA,CA-BC,NA,medium_airport,1,3565,49.33746,-124.39309
CAZ5,YZA,Cache Creek-Ashcroft Regional Airport,Cache Creek,CA,CA-BC,NA,medium_airport,1,3280,50.77526,-121.32131
CBBC,ZEL,Bella Bella (Campbell Island) Airport,Bella Bella,CA,CA-BC,NA,medium_airport,1,3700,52.18500,-128.15699
CNC3,,Brampton-Caledon Airport,,CA,CA-ON,NA,medium_airport,2,3500,43.76030,-79.87500
CYAG,YAG,Fort Frances Municipal Airport,Fort Frances,CA,CA-ON,NA,medium_airport,2,4500,48.65575,-93.44349
CYAH,YAH,La Grande-4 Airport,La Grande-4,CA,CA-QC,NA,medium_airport,1,5000,53.75470,-73.67530
CYAM,YAM,Sault Ste Marie Airport,Sault Ste Marie,CA,CA-ON,NA,medium_airport,2,6000,46.48322,-84.50847
CYAQ,XKS,Kasabonika Airport,Kasabonika,CA,CA-ON,NA,medium_airport,1,3500,53.52470,-88.64280
CYAV,,Winnipeg / St. Andrews Airport,Winnipeg/Saint Andrews,CA,CA-MB,NA,medium_airport,3,3000,50.05640,-97.03250
CYAY,YAY,St. Anthony Airport,St. Anthony,CA,CA-NL,NA,medium_airport,1,4000,51.39191,-56.08321
CYAZ,YAZ,Tofino / Long Beach Airport,Tofino,CA,CA-BC,NA,medium_airport,3,5000,49.07983,-125.77558
CYBC,YBC,Baie-Comeau Airport,Baie-Comeau,CA,CA-QC,NA,medium_airport,1,6000,49.13250,-68.20440
CYBD,QBC,Bella Coola Airport,Bella Coola,CA,CA-BC,NA,medium_airport,1,4200,52.38750,-126.59600
CYBF,YBY,Bonnyville Airport,Bonnyville,CA,CA-AB,NA,medium_airport,1,4434,54.30420,-110.74400
CYBG,YBG,Saguenay-Bagotville Airport,Saguenay,CA,CA-QC,NA,medium_airport,2,10000,48.33012,-70.99201
CYBK,YBK,Baker Lake Airport,Baker Lake,CA,CA-NU,NA,medium_airport,1,4200,64.29890,-96.07780
CYBL,YBL,Campbell River Airport,Campbell River,CA,CA-BC,NA,medium_airport,1,6499,49.95080,-125.27100
CYBR,YBR,Brandon Municipal Airport,Brandon,CA,CA-MB,NA,medium_airport,2,6500,49.91000,-99.95190
CYBU,,Nipawin Airport,Nipawin,CA,CA-SK,NA,medium_airport,2,2930,53.33250,-104.00800
CYBW,,Calgary / Springbank Airport,Calgary,CA,CA-AB,NA,medium_airport,2,5000,51.10398,-114.36938
CYBX,YBX,Lourdes-de-Blanc-Sablon Airport,Blanc-Sablon,CA,CA-QC,NA,medium_airport,1,4500,51.44360,-57.18530
CYCB,YCB,Cambridge Bay Airport,Cambridge Bay,CA,CA-NU,NA,medium_airport,1,5000,69.10810,-105.13800
CYCC,YCC,Cornwall Regional Airport,Cornwall,CA,CA-ON,NA,medium_airport,1,3500,45.09264,-74.56772
CYCD,YCD,Nanaimo Airport,Nanaimo,CA,CA-BC,NA,medium_airport,1,6602,49.05497,-123.86986
CYCE,YCE,Centralia / James T. Field Memorial Aerodrome,Huron Park,CA,CA-ON,NA,medium_airport,2,5012,43.28560,-81.50830
CYCG,YCG,Castlegar/West Kootenay Regional Airport,Castlegar,CA,CA-BC,NA,medium_airport,1,5300,49.29640,-117.63200
CYCH,YCH,Miramichi Airport,Miramichi,CA,CA-NB,NA,medium_airport,1,10006,47.00780,-65.44920
CYCL,YCL,Charlo Airport,Charlo,CA,CA-NB,NA,medium_airport,1,6000,47.99080,-66.33030
CYCN,YCN,Cochrane Airport,Cochrane,CA,CA-ON,NA,medium_airport,1,4500,49.10560,-81.01360
CYCP,,Blue River Airport,Blue River,CA,CA-BC,NA,medium_airport,1,5000,52.11670,-119.28300
CYCQ,YCQ,Chetwynd Airport,Chetwynd,CA,CA-BC,NA,medium_airport,1,4484,55.68720,-121.62700
CYDA,YDA,Dawson City Airport,Dawson City,CA,CA-YT,NA,medium_airport,1,5000,64.04310,-139.12801
CYDB,YDB,Burwash Airport,Burwash Landing,CA,CA-YT,NA,medium_airport,1,5006,61.37110,-139.04100
CYDF,YDF,Deer Lake Airport,Deer Lake,CA,CA-NL,NA,medium_airport,1,8005,49.20816,-57.39615
CYDM,XRR,Ross River Airport,Ross River,CA,CA-YT,NA,medium_airport,1,5000,61.97060,-132.42300
CYDN,YDN,Dauphin Barker Airport,Dauphin,CA,CA-MB,NA,medium_airport,3,5000,51.10080,-100.05200
CYDO,YDO,Dolbeau-Saint-Felicien Airport,Dolbeau-Saint-Felicien,CA,CA-QC,NA,medium_airport,1,4971,48.77850,-72.37500
CYDQ,YDQ,Dawson Creek Airport,Dawson Creek,CA,CA-BC,NA,medium_airport,1,5001,55.74124,-120.18326
CYEE,,Huronia Airport,Midland,CA,CA-ON,NA,medium_airport,1,3998,44.68330,-79.92830
CYEG,YEG,Edmonton International Airport,Edmonton,CA,CA-AB,NA,large_airport,2,11000,53.30970,-113.58000
CYEL,YEL,Elliot Lake Municipal Airport,Elliot Lake,CA,CA-ON,NA,medium_airport,1,4500,46.35140,-82.56140
CYEM,YEM,Manitoulin East Municipal Airport,Sheguiandah,CA,CA-ON,NA,medium_airport,1,3500,45.84244,-81.85760
CYEN,YEN,Estevan Airport,Estevan,CA,CA-SK,NA,medium_airport,2,5000,49.21030,-102.96600
CYET,YET,Edson Airport,Edson,CA,CA-AB,NA,medium_airport,1,6000,53.57890,-116.46500
CYEV,YEV,Inuvik Mike Zubko Airport,Inuvik,CA,CA-NT,NA,medium_airport,1,6000,68.30420,-133.48300
CYEY,YEY,Amos/Magny Airport,Amos,CA,CA-QC,NA,medium_airport,1,5000,48.56390,-78.24970
CYFB,YFB,Iqaluit Airport,Iqaluit,CA,CA-NU,NA,medium_airport,1,8605,63.75640,-68.55580
CYFC,YFC,Fredericton International Airport,Fredericton,CA,CA-NB,NA,medium_airport,2,8005,45.86870,-66.52989
CYFD,,Brantford Municipal Airport,Brantford,CA,CA-ON,NA,medium_airport,3,5000,43.13140,-80.34250
CYFE,YFE,Forestville Airport,Forestville,CA,CA-QC,NA,medium_airport,1,5000,48.74610,-69.09720
CYFJ,YTM,Mont-Tremblant International Airport,La Macaza,CA,CA-QC,NA,medium_airport,1,5587,46.40940,-74.78000
CYFR,YFR,Fort Resolution Airport,Fort Resolution,CA,CA-NT,NA,medium_airport,1,4001,61.18080,-113.69000
CYFS,YFS,Fort Simpson Airport,Fort Simpson,CA,CA-NT,NA,medium_airport,1,6000,61.76020,-121.23700
CYGD,,Goderich Airport,Goderich,CA,CA-ON,NA,medium_airport,3,5000,43.76690,-81.71060
CYGE,,Golden Airport,Golden,CA,CA-BC,NA,medium_airport,1,4500,51.29920,-116.98200
CYGK,YGK,Kingston Norman Rogers Airport,Kingston,CA,CA-ON,NA,medium_airport,2,6001,44.22530,-76.59690
CYGL,YGL,La Grande Rivière Airport,La Grande Rivière,CA,CA-QC,NA,medium_airport,1,6500,53.62530,-77.70420
CYGM,YGM,Gimli Industrial Park Airport,Gimli,CA,CA-MB,NA,medium_airport,1,6800,50.62810,-97.04330
CYGP,YGP,Michel-Pouliot Gaspé Airport,Gaspé,CA,CA-QC,NA,medium_airport,1,5488,48.77492,-64.48189
CYGQ,YGQ,Geraldton Greenstone Regional Airport,Geraldton,CA,CA-ON,NA,medium_airport,1,5000,49.77830,-86.93940
CYGR,YGR,Îles-de-la-Madeleine Airport,Les Îles-de-la-Madeleine,CA,CA-QC,NA,medium_airport,2,4500,47.42524,-61.77861
CYGV,YGV,Havre-Saint-Pierre Airport,Havre-Saint-Pierre,CA,CA-QC,NA,medium_airport,1,4500,50.28190,-63.61140
CYGW,YGW,Kuujjuarapik Airport,Kuujjuarapik,CA,CA-QC,NA,medium_airport,1,5052,55.28190,-77.76530
CYHD,YHD,Dryden Regional Airport,Dryden,CA,CA-ON,NA,medium_airport,1,5993,49.83170,-92.74420
CYHF,YHF,Hearst René Fontaine Municipal Airport,Hearst,CA,CA-ON,NA,medium_airport,1,4500,49.71420,-83.68610
CYHM,YHM,John C. Munro Hamilton International Airport,Hamilton,CA,CA-ON,NA,large_airport,2,10006,43.17131,-79.92942
CYHN,YHN,Hornepayne Municipal Airport,Hornepayne,CA,CA-ON,NA,medium_airport,1,3500,49.19310,-84.75890
CYHT,YHT,Haines Junction Airport,Haines Junction,CA,CA-YT,NA,medium_airport,1,5000,60.78920,-137.54601
CYHU,YHU,Montréal / Saint-Hubert Metropolitan Airport,Montréal,CA,CA-QC,NA,medium_airport,3,7840,45.51750,-73.41690
CYHY,YHY,Hay River / Merlyn Carter Airport,Hay River,CA,CA-NT,NA,medium_airport,2,6000,60.83970,-115.78300
CYHZ,YHZ,Halifax / Stanfield International Airport,Halifax,CA,CA-NS,NA,large_airport,2,10500,44.88080,-63.50860
CYIB,YIB,Atikokan Municipal Airport,Atikokan,CA,CA-ON,NA,medium_airport,1,3500,48.77390,-91.63860
CYID,YDG,Digby / Annapolis Regional Airport,Digby,CA,CA-NS,NA,medium_airport,1,3950,44.54585,-65.78542
CYIF,YIF,St Augustin Airport,St-Augustin,CA,CA-QC,NA,medium_airport,1,4590,51.21170,-58.65830
CYIV,YIV,Island Lake Airport,Island Lake,CA,CA-MB,NA,medium_airport,1,4000,53.85720,-94.65360
CYJF,YJF,Fort Liard Airport,Fort Liard,CA,CA-NT,NA,medium_airport,1,2946,60.23580,-123.46900
CYJN,YJN,St Jean Airport,St Jean,CA,CA-QC,NA,medium_airport,3,4000,45.29440,-73.28110
CYKA,YKA,Kamloops John Moose Fulton Field Regional Airport,Kamloops,CA,CA-BC,NA,medium_airport,2,8000,50.70304,-120.44864
CYKF,YKF,Region of Waterloo International Airport,Breslau,CA,CA-ON,NA,medium_airport,2,7003,43.46080,-80.37860
CYKJ,YKJ,Key Lake Airport,Key Lake,CA,CA-SK,NA,medium_airport,1,5200,57.25610,-105.61800
CYKL,YKL,Schefferville Airport,Schefferville,CA,CA-QC,NA,medium_airport,1,5000,54.80530,-66.80530
CYKM,YKD,Kincardine Municipal Airport,Kincardine,CA,CA-ON,NA,medium_airport,2,4085,44.20140,-81.60670
CYKX,YKX,Kirkland Lake Airport,Kirkland Lake,CA,CA-ON,NA,medium_airport,1,4500,48.21030,-79.98140
CYKY,YKY,Kindersley Airport,Kindersley,CA,CA-SK,NA,medium_airport,2,3507,51.51750,-109.18100
CYLD,YLD,Chapleau Airport,Chapleau,CA,CA-ON,NA,medium_airport,2,5000,47.82000,-83.34670
CYLJ,YLJ,Meadow Lake Airport,Meadow Lake,CA,CA-SK,NA,medium_airport,2,5000,54.12530,-108.52300
CYLL,YLL,Lloydminster Airport,Lloydminster,CA,CA-AB,NA,medium_airport,2,5577,53.30920,-110.07300
CYLR,YLR,Leaf Rapids Airport,Leaf Rapids,CA,CA-MB,NA,medium_airport,1,3000,56.51330,-99.98530
CYLS,YLK,Barrie-Lake Simcoe Regional Airport,Barrie,CA,CA-ON,NA,medium_airport,1,6001,44.48506,-79.55466
CYLT,YLT,Alert Airport,Alert,CA,CA-NU,NA,medium_airport,1,5500,82.51726,-62.28304
CYLW,YLW,Kelowna International Airport,Kelowna,CA,CA-BC,NA,large_airport,1,8900,49.95610,-119.37800
CYMA,YMA,Mayo Airport,Mayo,CA,CA-YT,NA,medium_airport,1,4856,63.61640,-135.86800
CYME,YME,Matane Airport,Matane,CA,CA-QC,NA,medium_airport,1,5500,48.85690,-67.45330
CYMG,YMG,Manitouwadge Airport,Manitouwadge,CA,CA-ON,NA,medium_airport,1,3600,49.08390,-85.86060
CYMJ,YMJ,Moose Jaw Air Vice Marshal C. M. McEwen Airport,Moose Jaw,CA,CA-SK,NA,medium_airport,3,8326,50.33030,-105.55900
CYML,YML,Charlevoix Airport,Charlevoix,CA,CA-QC,NA,medium_airport,1,4501,47.59750,-70.22390
CYMM,YMM,Fort McMurray International Airport,Fort McMurray,CA,CA-AB,NA,medium_airport,1,7503,56.65330,-111.22200
CYMO,YMO,Moosonee Airport,Moosonee,CA,CA-ON,NA,medium_airport,2,4000,51.29110,-80.60780
CYMT,YMT,Chapais Airport,Chibougamau,CA,CA-QC,NA,medium_airport,1,6496,49.77190,-74.52810
CYMX,YMX,Montreal Mirabel International Airport,Montréal,CA,CA-QC,NA,medium_airport,2,12000,45.67950,-74.03870
CYNA,YNA,Natashquan Airport,Natashquan,CA,CA-QC,NA,medium_airport,1,4494,50.19011,-61.78898
CYND,YND,Ottawa / Gatineau Airport,Gatineau,CA,CA-QC,NA,medium_airport,1,6000,45.52170,-75.56360
CYNJ,YLY,Langley Airport,Langley,CA,CA-BC,NA,medium_airport,2,2743,49.10080,-122.63100
CYNL,YNL,Points North Landing Airport,Points North Landing,CA,CA-SK,NA,medium_airport,1,6000,58.27670,-104.08200
CYNM,YNM,Matagami Airport,Matagami,CA,CA-QC,NA,medium_airport,1,5000,49.76170,-77.80280
CYNN,,Nejanilini Lake Airport,Nejanilini Lake,CA,CA-MB,NA,medium_airport,1,3350,59.48750,-97.78030
CYOA,YOA,Ekati Airport,Ekati,CA,CA-NT,NA,medium_airport,1,6411,64.69890,-110.61500
CYOD,YOD,CFB Cold Lake,Cold Lake,CA,CA-AB,NA,medium_airport,3,12600,54.40500,-110.27900
CYOJ,YOJ,High Level Airport,High Level,CA,CA-AB,NA,medium_airport,1,5000,58.62140,-117.16500
CYOO,YOO,Oshawa Executive Airport,Oshawa,CA,CA-ON,NA,medium_airport,2,4750,43.92280,-78.89500
CYOP,YOP,Rainbow Lake Airport,Rainbow Lake,CA,CA-AB,NA,medium_airport,1,4539,58.49140,-119.40800
CYOS,YOS,Owen Sound / Billy Bishop Regional Airport,Owen Sound,CA,CA-ON,NA,medium_airport,1,3932,44.59030,-80.83750
CYOW,YOW,Ottawa Macdonald-Cartier International Airport,Ottawa,CA,CA-ON,NA,large_airport,3,10000,45.32250,-75.66920
CYPA,YPA,Prince Albert Glass Field,Prince Albert,CA,CA-SK,NA,medium_airport,2,5000,53.21420,-105.67300
CYPD,YPS,Port Hawkesbury Airport,Port Hawkesbury,CA,CA-NS,NA,medium_airport,1,5000,45.65670,-61.36810
CYPE,YPE,Peace River Airport,Peace River,CA,CA-AB,NA,medium_airport,1,5000,56.22690,-117.44700
CYPG,YPG,Portage-la-Prairie / Southport Airport,Portage la Prairie,CA,CA-MB,NA,medium_airport,4,7000,49.90310,-98.27382
CYPK,,Pitt Meadows Regional Airport,Pitt Meadows,CA,CA-BC,NA,medium_airport,3,5003,49.21488,-122.70929
CYPL,YPL,Pickle Lake Airport,Pickle Lake,CA,CA-ON,NA,medium_airport,1,4921,51.44640,-90.21420
CYPN,YPN,Port-Menier Airport,Port-Menier,CA,CA-QC,NA,medium_airport,1,4886,49.83640,-64.28860
CYPQ,YPQ,Peterborough Regional Airport,Peterborough,CA,CA-ON,NA,medium_airport,2,7005,44.23225,-78.36205
CYPR,YPR,Prince Rupert Airport,Prince Rupert,CA,CA-BC,NA,medium_airport,1,6000,54.28610,-130.44501
CYPW,YPW,Powell River Airport,Powell River,CA,CA-BC,NA,medium_airport,1,3627,49.83420,-124.50000
CYPX,YPX,Puvirnituq Airport,Puvirnituq,CA,CA-QC,NA,medium_airport,1,6299,60.05060,-77.28690
CYPY,YPY,Fort Chipewyan Airport,Fort Chipewyan,CA,CA-AB,NA,medium_airport,1,5000,58.76720,-111.11700
CYPZ,YPZ,Burns Lake Airport,Burns Lake,CA,CA-BC,NA,medium_airport,1,5000,54.37640,-125.95100
CYQA,YQA,Muskoka Airport,Gravenhurst,CA,CA-ON,NA,medium_airport,1,6000,44.97538,-79.30655
CYQB,YQB,Quebec Jean Lesage International Airport,Quebec,CA,CA-QC,NA,large_airport,2,9000,46.79110,-71.39330
CYQD,YQD,The Pas Airport,The Pas,CA,CA-MB,NA,medium_airport,1,5901,53.97140,-101.09100
CYQF,YQF,Red Deer Regional Airport,Springbrook,CA,CA-AB,NA,medium_airport,2,7500,52.18220,-113.89400
CYQG,YQG,Windsor International Airport,Windsor,CA,CA-ON,NA,large_airport,2,9000,42.27560,-82.95560
CYQH,YQH,Watson Lake Airport,Watson Lake,CA,CA-YT,NA,medium_airport,1,5504,60.11684,-128.82199
CYQI,YQI,Yarmouth Airport,Yarmouth,CA,CA-NS,NA,medium_airport,2,6000,43.82690,-66.08810
CYQK,YQK,Kenora Airport,Kenora,CA,CA-ON,NA,medium_airport,1,5800,49.78830,-94.36310
CYQL,YQL,Lethbridge County Airport,Lethbridge,CA,CA-AB,NA,medium_airport,2,6500,49.63030,-112.80000
CYQM,YQM,Greater Moncton Roméo LeBlanc International Airport,Moncton,CA,CA-NB,NA,medium_airport,2,10001,46.11319,-64.67719
CYQN,YQN,Nakina Airport,Nakina,CA,CA-ON,NA,medium_airport,1,3500,50.18280,-86.69640
CYQQ,YQQ,Comox Valley International Airport / CFB Comox,Comox,CA,CA-BC,NA,medium_airport,2,10000,49.71080,-124.88700
CYQR,YQR,Regina International Airport,Regina,CA,CA-SK,NA,medium_airport,2,7900,50.43194,-104.66091
CYQS,YQS,St Thomas Municipal Airport,St Thomas,CA,CA-ON,NA,medium_airport,3,5013,42.77000,-81.11080
CYQT,YQT,Thunder Bay International Airport,Thunder Bay,CA,CA-ON,NA,medium_airport,2,7318,48.37190,-89.32390
CYQU,YQU,Grande Prairie Airport,Grande Prairie,CA,CA-AB,NA,medium_airport,2,8502,55.17970,-118.88500
CYQV,YQV,Yorkton Municipal Airport,Yorkton,CA,CA-SK,NA,medium_airport,2,4800,51.26470,-102.46200
CYQW,YQW,North Battleford Airport,North Battleford,CA,CA-SK,NA,medium_airport,2,5000,52.76941,-108.24374
CYQX,YQX,Gander International Airport,Gander,CA,CA-NL,NA,medium_airport,2,10200,48.93626,-54.56772
CYQY,YQY,Sydney / J.A. Douglas McCurdy Airport,Sydney,CA,CA-NS,NA,medium_airport,2,7070,46.16107,-60.04976
CYQZ,YQZ,Quesnel Airport,Quesnel,CA,CA-BC,NA,medium_airport,1,5500,53.02610,-122.51000
CYRB,YRB,Resolute Bay Airport,Resolute Bay,CA,CA-NU,NA,medium_airport,1,6500,74.71690,-94.96940
CYRI,YRI,Rivière-du-Loup Airport,Rivière-du-Loup,CA,CA-QC,NA,medium_airport,1,6000,47.76440,-69.58470
CYRJ,YRJ,Roberval Airport,Roberval,CA,CA-QC,NA,medium_airport,1,5000,48.51967,-72.26574
CYRL,YRL,Red Lake Airport,Red Lake,CA,CA-ON,NA,medium_airport,1,5001,51.06690,-93.79310
CYRO,YRO,Ottawa / Rockcliffe Airport,Ottawa,CA,CA-ON,NA,medium_airport,1,3300,45.46050,-75.64400
CYRP,,Ottawa / Carp Airport,Ottawa,CA,CA-ON,NA,medium_airport,2,3937,45.31920,-76.02220
CYRQ,YRQ,Trois-Rivières Airport,Trois-Rivières,CA,CA-QC,NA,medium_airport,1,9006,46.35280,-72.67940
CYRT,YRT,Rankin Inlet Airport,Rankin Inlet,CA,CA-NU,NA,medium_airport,1,6000,62.81140,-92.11580
CYRV,YRV,Revelstoke Airport,Revelstoke,CA,CA-BC,NA,medium_airport,1,4800,50.96225,-118.18426
CYSB,YSB,Sudbury Airport,Sudbury,CA,CA-ON,NA,medium_airport,2,6600,46.62500,-80.79890
CYSC,YSC,Sherbrooke Airport,Sherbrooke,CA,CA-QC,NA,medium_airport,2,6000,45.43860,-71.69140
CYSF,YSF,Stony Rapids Airport,Stony Rapids,CA,CA-SK,NA,medium_airport,1,5050,59.25030,-105.84100
CYSG,,Saint-Georges Airport,Saint-Georges,CA,CA-QC,NA,medium_airport,1,5108,46.09640,-70.71470
CYSH,YSH,Smiths Falls-Montague (Russ Beach) Airport,Smiths Falls,CA,CA-ON,NA,medium_airport,2,4000,44.94580,-75.94060
CYSJ,YSJ,Saint John Airport,Saint John,CA,CA-NB,NA,medium_airport,2,7000,45.31610,-65.89030
CYSL,YSL,Saint-Léonard Airport,Saint-Léonard,CA,CA-NB,NA,medium_airport,1,4000,47.15710,-67.83624
CYSM,YSM,Fort Smith Airport,Fort Smith,CA,CA-NT,NA,medium_airport,2,6000,60.02030,-111.96200
CYSN,YCM,Niagara District Airport,Niagara-on-the-Lake,CA,CA-ON,NA,medium_airport,3,5000,43.19160,-79.17169
CYSP,YSP,Marathon Airport,Marathon,CA,CA-ON,NA,medium_airport,1,3933,48.75530,-86.34440
CYSU,YSU,Summerside Airport,Slemon Park,CA,CA-PE,NA,medium_airport,1,8000,46.44060,-63.83360
CYTA,YTA,Pembroke Airport,Pembroke,CA,CA-ON,NA,medium_airport,1,5000,45.86440,-77.25170
CYTF,YTF,Alma Airport,Alma,CA,CA-QC,NA,medium_airport,1,5000,48.50890,-71.64190
CYTH,YTH,Thompson Airport,Thompson,CA,CA-MB,NA,medium_airport,2,5800,55.80110,-97.86420
CYTR,YTR,CFB Trenton,Trenton,CA,CA-ON,NA,medium_airport,2,10000,44.11890,-77.52810
CYTS,YTS,Timmins/Victor M. Power,Timmins,CA,CA-ON,NA,medium_airport,2,6000,48.56970,-81.37670
CYTZ,YTZ,Billy Bishop Toronto City Airport,Toronto,CA,CA-ON,NA,medium_airport,2,3988,43.62785,-79.39553
CYUL,YUL,Montreal / Pierre Elliott Trudeau International Airport,Montréal,CA,CA-QC,NA,large_airport,2,11000,45.46784,-73.74229
CYUX,YUX,Hall Beach Airport,Sanirajak,CA,CA-NU,NA,medium_airport,1,5410,68.77610,-81.24250
CYUY,YUY,Rouyn Noranda Airport,Rouyn-Noranda,CA,CA-QC,NA,medium_airport,1,7485,48.20610,-78.83560
CYVB,YVB,Bonaventure Airport,Bonaventure,CA,CA-QC,NA,medium_airport,1,5985,48.07110,-65.46030
CYVC,YVC,La Ronge Airport,La Ronge,CA,CA-SK,NA,medium_airport,2,5000,55.15140,-105.26200
CYVD,,Virden / RJ (Bob) Andrew Field Regional Aerodrome,Virden,CA,CA-MB,NA,medium_airport,1,4000,49.87830,-100.91800
CYVK,YVE,Vernon Regional Airport,Vernon,CA,CA-BC,NA,medium_airport,1,3360,50.24616,-119.33096
CYVO,YVO,Val-d'Or Airport,Val-d'Or,CA,CA-QC,NA,medium_airport,1,10000,48.05330,-77.78280
CYVP,YVP,Kuujjuaq Airport,Kuujjuaq,CA,CA-QC,NA,medium_airport,2,6000,58.09610,-68.42690
CYVQ,YVQ,Norman Wells Airport,Norman Wells,CA,CA-NT,NA,medium_airport,1,5998,65.28160,-126.79800
CYVR,YVR,Vancouver International Airport,Vancouver,CA,CA-BC,NA,large_airport,3,11500,49.19390,-123.18400
CYVV,YVV,Wiarton Airport,Wiarton,CA,CA-ON,NA,medium_airport,2,5021,44.74580,-81.10720
CYWG,YWG,Winnipeg / James Armstrong Richardson International Airport,Winnipeg,CA,CA-MB,NA,large_airport,2,11000,49.91000,-97.23990
CYWK,YWK,Wabush Airport,Wabush,CA,CA-NL,NA,medium_airport,1,6002,52.92190,-66.86440
CYWL,YWL,Williams Lake Airport,Williams Lake,CA,CA-BC,NA,medium_airport,1,7000,52.18310,-122.05400
CYWY,YWY,Wrigley Airport,Wrigley,CA,CA-NT,NA,medium_airport,1,3500,63.20940,-123.43700
CYXC,YXC,Cranbrook/Canadian Rockies International Airport,Cranbrook,CA,CA-BC,NA,medium_airport,1,6000,49.61080,-115.78200
CYXE,YXE,Saskatoon John G. Diefenbaker International Airport,Saskatoon,CA,CA-SK,NA,large_airport,2,8300,52.17072,-106.70079
CYXH,YXH,Medicine Hat Regional Airport,Medicine Hat,CA,CA-AB,NA,medium_airport,2,5000,50.01890,-110.72100
CYXJ,YXJ,Fort St John / North Peace Regional Airport,Fort Saint John,CA,CA-BC,NA,medium_airport,2,6909,56.23810,-120.74000
CYXK,YXK,Rimouski Airport,Rimouski,CA,CA-QC,NA,medium_airport,1,4600,48.47764,-68.49632
CYXL,YXL,Sioux Lookout Airport,Sioux Lookout,CA,CA-ON,NA,medium_airport,1,5300,50.11390,-91.90530
CYXQ,YXQ,Beaver Creek Airport,Beaver Creek,CA,CA-YT,NA,medium_airport,1,3745,62.41030,-140.86700
CYXR,YXR,Earlton (Timiskaming Regional) Airport,Earlton,CA,CA-ON,NA,medium_airport,2,5998,47.69740,-79.84735
CYXS,YXS,Prince George (International) Airport,Prince George,CA,CA-BC,NA,medium_airport,3,11450,53.88431,-122.66655
CYXT,YXT,Northwest Regional Airport Terrace-Kitimat,Terrace,CA,CA-BC,NA,medium_airport,2,7497,54.46850,-128.57601
CYXU,YXU,London International Airport,London,CA,CA-ON,NA,medium_airport,2,8800,43.03285,-81.14900
CYXX,YXX,Abbotsford International Airport,Abbotsford,CA,CA-BC,NA,medium_airport,2,9600,49.02530,-122.36100
CYXY,YXY,Whitehorse / Erik Nielsen International Airport,Whitehorse,CA,CA-YT,NA,medium_airport,2,9497,60.70853,-135.06571
CYXZ,YXZ,Wawa Airport,Wawa,CA,CA-ON,NA,medium_airport,1,4429,47.96670,-84.78670
CYYB,YYB,North Bay Jack Garland Airport,North Bay,CA,CA-ON,NA,medium_airport,3,10000,46.36360,-79.42280
CYYC,YYC,Calgary International Airport,Calgary,CA,CA-AB,NA,large_airport,3,14000,51.11882,-114.00993
CYYD,YYD,Smithers Airport,Smithers,CA,CA-BC,NA,medium_airport,1,5000,54.82470,-127.18300
CYYE,YYE,Fort Nelson Airport,Fort Nelson,CA,CA-BC,NA,medium_airport,2,6400,58.83640,-122.59700
CYYF,YYF,Penticton Airport,Penticton,CA,CA-BC,NA,medium_airport,1,6000,49.46310,-119.60200
CYYG,YYG,Charlottetown Airport,Charlottetown,CA,CA-PE,NA,medium_airport,2,7002,46.28891,-63.12517
CYYJ,YYJ,Victoria International Airport,Victoria,CA,CA-BC,NA,large_airport,3,7000,48.64720,-123.42779
CYYL,YYL,Lynn Lake Airport,Lynn Lake,CA,CA-MB,NA,medium_airport,2,5000,56.86390,-101.07600
CYYN,YYN,Swift Current Airport,Swift Current,CA,CA-SK,NA,medium_airport,2,4250,50.29190,-107.69100
CYYQ,YYQ,Churchill Airport,Churchill,CA,CA-MB,NA,medium_airport,2,9200,58.73920,-94.06500
CYYR,YYR,Goose Bay Airport,Goose Bay,CA,CA-NL,NA,medium_airport,2,11046,53.31920,-60.42580
CYYT,YYT,St. John's International Airport,St. John's,CA,CA-NL,NA,large_airport,2,8502,47.61860,-52.75190
CYYU,YYU,Kapuskasing Airport,Kapuskasing,CA,CA-ON,NA,medium_airport,1,5500,49.41159,-82.46964
CYYW,YYW,Armstrong Airport,Armstrong,CA,CA-ON,NA,medium_airport,2,4000,50.29030,-88.90970
CYYY,YYY,Mont Joli Airport,Mont-Joli,CA,CA-QC,NA,medium_airport,2,6000,48.60860,-68.20810
CYYZ,YYZ,Toronto Pearson International Airport,Toronto,CA,CA-ON,NA,large_airport,5,11120,43.67594,-79.62942
CYZE,YZE,Gore Bay Manitoulin Airport,Gore Bay,CA,CA-ON,NA,medium_airport,1,5500,45.88530,-82.56780
CYZF,YZF,Yellowknife International Airport,Yellowknife,CA,CA-NT,NA,medium_airport,2,7500,62.46280,-114.44000
CYZH,YZH,Slave Lake Airport,Slave Lake,CA,CA-AB,NA,medium_airport,1,5561,55.29295,-114.77728
CYZP,YZP,Sandspit Airport,Sandspit,CA,CA-BC,NA,medium_airport,1,5120,53.25430,-131.81400
CYZR,YZR,Chris Hadfield Airport,Sarnia,CA,CA-ON,NA,medium_airport,2,5100,42.99940,-82.30890
CYZS,YZS,Coral Harbour Airport,Coral Harbour,CA,CA-NU,NA,medium_airport,1,5000,64.19330,-83.35940
CYZT,YZT,Port Hardy Airport,Port Hardy,CA,CA-BC,NA,medium_airport,3,5000,50.68060,-127.36700
CYZU,YZU,Whitecourt Airport,Whitecourt,CA,CA-AB,NA,medium_airport,1,5800,54.14390,-115.78700
CYZV,YZV,Sept-Îles Airport,Sept-Îles,CA,CA-QC,NA,medium_airport,2,6552,50.22330,-66.26560
CYZW,YZW,Teslin Airport,Teslin,CA,CA-YT,NA,medium_airport,1,5028,60.17280,-132.74300
CYZX,YZX,CFB Greenwood,Greenwood,CA,CA-NS,NA,medium_airport,2,8000,44.98440,-64.91690
CYZY,,Mackenzie Airport,Mackenzie,CA,CA-BC,NA,medium_airport,1,5033,55.29779,-123.13391
CZAM,YSN,Shuswap Regional Airport,Salmon Arm,CA,CA-BC,NA,medium_airport,1,4260,50.68280,-119.22900
CZBB,YDT,Boundary Bay Airport,Delta,CA,CA-BC,NA,medium_airport,2,5606,49.07434,-123.00688
CZBF,ZBF,Bathurst Airport,South Tetagouche,CA,CA-NB,NA,medium_airport,1,5613,47.62970,-65.73890
CZBM,ZBM,Bromont (Roland Désourdy) Airport,Bromont,CA,CA-QC,NA,medium_airport,2,5000,45.29080,-72.74140
CZEE,KES,Kelsey Airport,Kelsey,CA,CA-MB,NA,medium_airport,1,2590,56.03750,-96.50970
CZFA,ZFA,Faro Airport,Faro,CA,CA-YT,NA,medium_airport,1,4000,62.20750,-133.37601
CZGF,ZGF,Grand Forks Airport,Grand Forks,CA,CA-BC,NA,medium_airport,1,4300,49.01560,-118.43100
CZJG,ZJG,Jenpeg Airport,Jenpeg,CA,CA-MB,NA,medium_airport,1,3800,54.51890,-98.04610
CZJN,ZJN,Swan River Airport,Swan River,CA,CA-MB,NA,medium_airport,2,3933,52.12060,-101.23600
CZLQ,YTD,Thicket Portage Airport,Thicket Portage,CA,CA-MB,NA,medium_airport,1,2220,55.31890,-97.70780
CZMN,PIW,Pikwitonei Airport,Pikwitonei,CA,CA-MB,NA,medium_airport,1,2200,55.58890,-97.16420
CZMT,ZMT,Masset Airport,Masset,CA,CA-BC,NA,medium_airport,1,5000,54.02750,-132.12500
CZPC,WPC,Pincher Creek Airport,Pincher Creek,CA,CA-AB,NA,medium_airport,1,6600,49.52043,-113.99700
CZSJ,ZSJ,Sandy Lake Airport,Sandy Lake,CA,CA-ON,NA,medium_airport,1,3500,53.06420,-93.34440
CZST,ZST,Stewart Airport,Stewart,CA,CA-BC,NA,medium_airport,1,3900,55.93541,-129.98243
CZUC,ZUC,Ignace Municipal Airport,Ignace,CA,CA-ON,NA,medium_airport,1,3512,49.42820,-91.72042
DAAB,,Blida Airport,Blida,DZ,DZ-09,AF,medium_airport,1,5833,36.50360,2.81417
DAAD,BUJ,Bou Saada Airport,Ouled Sidi Brahim,DZ,DZ-28,AF,medium_airport,1,7218,35.33250,4.20639
DAAE,BJA,Soummam–Abane Ramdane Airport,Béjaïa,DZ,DZ-06,AF,large_airport,1,7874,36.71255,5.06991
DAAG,ALG,Houari Boumediene Airport,Algiers,DZ,DZ-16,AF,large_airport,2,11483,36.69389,3.21453
DAAJ,DJG,Tiska Djanet Airport,Djanet,DZ,DZ-56,AF,large_airport,2,9843,24.28545,9.46365
DAAK,,Boufarik Air Base,Boufarik,DZ,DZ-09,AF,medium_airport,1,11883,36.54580,2.87611
DAAP,VVZ,Illizi Takhamalt Airport,Illizi,DZ,DZ-33,AF,medium_airport,1,9843,26.72350,8.62265
DAAS,QSF,Ain Arnat Airport,Sétif,DZ,DZ-19,AF,medium_airport,1,9498,36.17849,5.32991
DAAT,TMR,Aguenar – Hadj Bey Akhamok Airport,Tamanrasset,DZ,DZ-11,AF,large_airport,2,11811,22.81099,5.45083
DAAV,GJL,Jijel Ferhat Abbas Airport,Tahir,DZ,DZ-18,AF,large_airport,1,7874,36.79413,5.87365
DAAY,MZW,Mecheria Airport,Mecheria,DZ,DZ-45,AF,medium_airport,2,11780,33.53590,-0.24235
DAAZ,,Relizane Airport,Relizane,DZ,DZ-48,AF,medium_airport,1,4265,35.75296,0.62588
DABB,AAE,Annaba Rabah Bitat Airport,Annaba,DZ,DZ-23,AF,large_airport,2,9843,36.82678,7.81334
DABC,CZL,Mohamed Boudiaf International Airport,Constantine,DZ,DZ-25,AF,large_airport,2,9843,36.27600,6.62039
DABS,TEE,Cheikh Larbi Tébessi Airport,Tébessi,DZ,DZ-12,AF,medium_airport,2,9843,35.43160,8.12072
DABT,BLJ,Batna Mostefa Ben Boulaid Airport,Batna,DZ,DZ-05,AF,large_airport,1,9843,35.75210,6.30859
DAFH,HRM,Hassi R'Mel Airport,Hassi R'Mel,DZ,DZ-03,AF,medium_airport,2,9835,32.93040,3.31154
DAOB,TID,Abdelhafid Boussouf Bou Chekif Airport,Tiaret,DZ,DZ-14,AF,medium_airport,1,9843,35.34110,1.46315
DAOF,TIN,Tindouf Airport,Tindouf,DZ,DZ-37,AF,medium_airport,2,9840,27.70040,-8.16710
DAOI,CFK,Chlef Aboubakr Belkaid International Airport,Chlef,DZ,DZ-02,AF,large_airport,2,8793,36.21661,1.34111
DAOL,TAF,Oran Tafraoui Airport,Tafraoui,DZ,DZ-31,AF,medium_airport,1,9037,35.54240,-0.53228
DAON,TLM,Zenata – Messali El Hadj Airport,Zenata,DZ,DZ-13,AF,large_airport,1,8530,35.01273,-1.45712
DAOO,ORN,Oran Es-Sénia (Ahmed Ben Bella) International Airport,Es-Sénia,DZ,DZ-31,AF,large_airport,2,11811,35.62065,-0.62249
DAOR,CBH,Béchar Boudghene Ben Ali Lotfi Airport,Béchar,DZ,DZ-08,AF,medium_airport,2,12245,31.64570,-2.26986
DAOV,MUW,Ghriss Airport,Ghriss,DZ,DZ-29,AF,medium_airport,1,5577,35.20770,0.14714
DATM,BMW,Bordj Badji Mokhtar Airport,Bordj Badji Mokhtar,DZ,DZ-52,AF,medium_airport,1,9843,21.37780,0.92698
DAUA,AZR,Touat-Cheikh Sidi Mohamed Belkebir Airport,Adrar,DZ,DZ-01,AF,medium_airport,1,9843,27.83760,-0.18641
DAUB,BSK,Biskra - Mohamed Khider Airport,Biskra,DZ,DZ-07,AF,large_airport,1,9469,34.79318,5.73890
DAUE,ELG,El Golea Airport,El Menia,DZ,DZ-50,AF,medium_airport,2,9843,30.58073,2.86159
DAUG,GHA,Noumérat - Moufdi Zakaria Airport,El Atteuf,DZ,DZ-47,AF,medium_airport,2,10171,32.38410,3.79411
DAUH,HME,Hassi Messaoud-Oued Irara Krim Belkacem Airport,Hassi Messaoud,DZ,DZ-30,AF,medium_airport,2,9843,31.67300,6.14044
DAUI,INZ,In Salah Airport,In Salah,DZ,DZ-57,AF,medium_airport,1,9843,27.25100,2.51202
DAUK,TGR,Touggourt Sidi Madhi Airport,Touggourt,DZ,DZ-55,AF,medium_airport,1,9843,33.06780,6.08867
DAUL,LOO,Laghouat - Molay Ahmed Medeghri Airport,Laghouat,DZ,DZ-03,AF,medium_airport,2,12486,33.76440,2.92834
DAUO,ELU,Guemar Airport - مطار قمار بالوادي,Guemar,DZ,DZ-39,AF,medium_airport,2,9843,33.51140,6.77679
DAUT,TMX,Timimoun Airport,Timimoun,DZ,DZ-54,AF,medium_airport,1,9843,29.23710,0.27603
DAUU,OGX,Ain Beida Airport,Ouargla,DZ,DZ-30,AF,medium_airport,2,10171,31.91720,5.41278
DAUZ,IAM,Zarzaitine - In Aménas Airport,In Aménas,DZ,DZ-33,AF,medium_airport,2,9843,28.05150,9.64291
DBBB,COO,Cotonou Cadjehoun International Airport,Cotonou,BJ,BJ-AQ,AF,large_airport,1,7906,6.35723,2.38435
DFFD,OUA,Ouagadougou Thomas Sankara International Airport,Ouagadougou,BF,BF-KAD,AF,large_airport,1,9843,12.35320,-1.51242
DFOO,BOY,Bobo Dioulasso Airport,Bobo Dioulasso,BF,BF-HOU,AF,large_airport,1,10826,11.16010,-4.33097
DGAA,ACC,Kotoka International Airport,Accra,GH,GH-AA,AF,large_airport,1,11165,5.60519,-0.16679
DGAH,,Ho Airport,Ho,GH,GH-TV,AF,medium_airport,1,5266,6.57969,0.53255
DGLE,TML,Yakubu Tali International Airport,Tamale,GH,GH-NP,AF,large_airport,1,7999,9.55391,-0.86606
DGSI,KMS,Prempeh I International Airport,Kumasi,GH,GH-AH,AF,large_airport,1,7612,6.71456,-1.59082
DGSN,NYI,Sunyani Airport,Sunyani,GH,GH-BO,AF,medium_airport,1,4594,7.36183,-2.32876
DGTK,TKD,Takoradi Airport,Sekondi-Takoradi,GH,GH-WP,AF,medium_airport,1,5745,4.89606,-1.77476
DIAP,ABJ,Félix-Houphouët-Boigny International Airport,Abidjan,CI,CI-AB,AF,large_airport,1,9843,5.26139,-3.92629
DIBK,BYK,Bouaké Airport,Bouaké,CI,CI-VB,AF,medium_airport,1,10827,7.73880,-5.07367
DIDL,DJO,Daloa Airport,,CI,CI-SM,AF,medium_airport,1,6562,6.79281,-6.47319
DIKO,HGO,Korhogo Airport,Korhogo,CI,CI-SV,AF,medium_airport,1,6890,9.38718,-5.55666
DIMN,MJC,Man Airport,,CI,CI-MG,AF,medium_airport,1,6726,7.27207,-7.58736
DISP,SPY,San Pedro Airport,,CI,CI-BS,AF,medium_airport,1,6234,4.74672,-6.66082
DIYO,ASK,Yamoussoukro International Airport,Yamoussoukro,CI,CI-YM,AF,large_airport,1,9843,6.90317,-5.36558
DNAA,ABV,Nnamdi Azikiwe International Airport,Abuja,NG,NG-FC,AF,large_airport,1,11842,9.00679,7.26317
DNAI,QUO,Akwa Ibom International Airport,Uyo,NG,NG-AK,AF,medium_airport,1,11811,4.87250,8.09300
DNAK,AKR,Akure Airport,Akure,NG,NG-ON,AF,medium_airport,1,9195,7.24674,5.30101
DNAS,ABB,Asaba International Airport,Asaba,NG,NG-DE,AF,large_airport,1,11155,6.20417,6.66528
DNBC,BCU,Sir Abubakar Tafawa Balewa Bauchi State International Airport,Bauchi,NG,NG-BA,AF,large_airport,1,11154,10.48283,9.74400
DNBE,BNI,Benin Airport,Benin,NG,NG-ED,AF,medium_airport,1,7870,6.31698,5.59950
DNBK,,Sir Ahmadu Bello International Airport,Birinin Kebbi,NG,NG-KE,AF,large_airport,0,,12.47905,4.36913
DNBY,,Bayelsa International Airport,Yenagoa,NG,NG-BY,AF,medium_airport,1,12139,4.95759,6.20333
DNCA,CBQ,Margaret Ekpo International Airport,Calabar,NG,NG-CR,AF,medium_airport,1,8040,4.97602,8.34720
DNEN,ENU,Akanu Ibiam International Airport,Enegu,NG,NG-EN,AF,large_airport,1,7879,6.47372,7.56046
DNGO,GMO,Gombe Lawanti International Airport,Gombe,NG,NG-GO,AF,medium_airport,1,10827,10.29889,10.90000
DNGU,,Gusau Airport,Gusau,NG,NG-ZA,AF,medium_airport,1,4800,12.17286,6.69614
DNIB,IBA,Ibadan Airport,Ibadan,NG,NG-OY,AF,medium_airport,1,7875,7.36246,3.97833
DNIL,ILR,General Tunde Idiagbon International Airport,Ilorin/Ogbomosho,NG,NG-KW,AF,large_airport,1,10169,8.44021,4.49392
DNIM,QOW,Sam Mbakwe International Cargo Airport,Owerri,NG,NG-IM,AF,medium_airport,1,8858,5.42706,7.20603
DNJO,JOS,Yakubu Gowon Airport,Jos,NG,NG-PL,AF,medium_airport,1,9845,9.63983,8.86905
DNKA,KAD,Kaduna International Airport,Kaduna,NG,NG-KD,AF,large_airport,1,9843,10.69600,7.32011
DNKN,KAN,Mallam Aminu Kano International Airport,Kano,NG,NG-KN,AF,large_airport,2,10831,12.04561,8.52357
DNKT,DKA,Umaru Musa Yar'adua Airport,Katsina,NG,NG-KT,AF,medium_airport,0,,13.00780,7.66045
DNMA,MIU,Maiduguri International Airport,Maiduguri,NG,NG-BO,AF,large_airport,1,9846,11.85416,13.08070
DNMK,MDI,Makurdi Airport,Makurdi,NG,NG-BE,AF,medium_airport,1,9830,7.70388,8.61394
DNMM,LOS,Murtala Muhammed International Airport,Lagos,NG,NG-LA,AF,large_airport,2,12794,6.57737,3.32116
DNMN,MXJ,Minna Airport,Minna,NG,NG-NI,AF,medium_airport,1,11153,9.65217,6.46226
DNPM,PHG,Port Harcourt City Airport / Port Harcourt Air Force Base,Port Harcourt,NG,NG-RI,AF,medium_airport,0,,4.84611,7.02139
DNPO,PHC,Port Harcourt International Airport,Port Harcourt,NG,NG-RI,AF,large_airport,1,9843,5.01549,6.94959
DNSO,SKO,Sadiq Abubakar III International Airport,Sokoto,NG,NG-SO,AF,large_airport,1,9844,12.91573,5.20755
DNSU,QRW,Warri Airport,Okpe,NG,NG-DE,AF,medium_airport,1,6868,5.59821,5.81870
DNYO,YOL,Yola Airport,Yola,NG,NG-AD,AF,medium_airport,1,9840,9.25755,12.43040
DNZA,ZAR,Zaria Airport,Zaria,NG,NG-KD,AF,medium_airport,1,5462,11.13020,7.68581
DRRM,MFQ,Maradi Airport,Maradi,NE,NE-4,AF,medium_airport,1,6070,13.50250,7.12675
DRRN,NIM,Diori Hamani International Airport,Niamey,NE,NE-8,AF,large_airport,2,10499,13.48150,2.18361
DRRT,THZ,Tahoua Airport,Tahoua,NE,NE-5,AF,medium_airport,1,7053,14.87570,5.26536
DRZA,AJY,Mano Dayak International Airport,Agadez,NE,NE-1,AF,medium_airport,1,9843,16.96600,8.00011
DRZR,ZND,Zinder Airport,Zinder,NE,NE-7,AF,medium_airport,1,5988,13.77900,8.98376
DTKA,TBJ,Tabarka-Aïn Draham International Airport,Tabarka,TN,TN-32,AF,medium_airport,1,9416,36.98000,8.87694
DTMB,MIR,Monastir Habib Bourguiba International Airport,Monastir,TN,TN-52,AF,medium_airport,1,9678,35.75810,10.75470
DTNH,NBE,Enfidha - Hammamet International Airport,Enfidha,TN,TN-51,AF,medium_airport,1,10827,36.07583,10.43861
DTTA,TUN,Tunis Carthage International Airport,Tunis,TN,TN-11,AF,large_airport,2,10499,36.85100,10.22720
DTTB,,Bizerte Sidi Ahmed Air Base,Borj Challouf,TN,TN-23,AF,medium_airport,2,9845,37.24236,9.78702
DTTD,,Remada Air Base,Remada,TN,TN-83,AF,medium_airport,1,7812,32.30620,10.38210
DTTF,GAF,Gafsa Ksar International Airport,Gafsa,TN,TN-71,AF,medium_airport,1,9514,34.42200,8.82250
DTTG,GAE,Gabès Matmata International Airport,Gabès,TN,TN-81,AF,medium_airport,1,3702,33.73369,9.91941
DTTJ,DJE,Djerba Zarzis International Airport,Mellita,TN,TN-82,AF,large_airport,1,10171,33.87372,10.77730
DTTR,EBM,El Borma Airport,El Borma,TN,TN-83,AF,medium_airport,1,8858,31.70430,9.25462
DTTX,SFA,Sfax Thyna International Airport,Sfax,TN,TN-61,AF,medium_airport,1,9843,34.71800,10.69100
DTTZ,TOE,Tozeur Nefta International Airport,Tozeur,TN,TN-72,AF,medium_airport,1,10581,33.93970,8.11056
DXNG,LRL,Niamtougou International Airport,Niamtougou,TG,TG-K,AF,large_airport,1,8202,9.76667,1.09094
DXXX,LFW,Lomé–Tokoin International Airport,Lomé,TG,TG-M,AF,large_airport,1,9847,6.16561,1.25451
EBAW,ANR,Antwerp International Airport (Deurne),Antwerp,BE,BE-VAN,EU,medium_airport,1,4954,51.19067,4.46315
EBBE,,Beauvechain Air Base,Beauvechain,BE,BE-WBR,EU,medium_airport,2,10085,50.75860,4.76833
EBBL,,Kleine Brogel Air Base,Kleine Brogel,BE,BE-VLI,EU,medium_airport,2,10158,51.16830,5.47000
EBBR,BRU,Brussels Airport,Zaventem,BE,BE-VBR,EU,large_airport,3,11936,50.90140,4.48444
EBCI,CRL,Brussels South Charleroi Airport,Charleroi,BE,BE-WHT,EU,large_airport,1,10023,50.46196,4.45956
EBCV,,Chièvres Air Base,Chièvres,BE,BE-WHT,EU,medium_airport,1,8197,50.57580,3.83100
EBFN,,Koksijde Air Base,Koksijde,BE,BE-VWV,EU,medium_airport,2,8786,51.09030,2.65278
EBFS,,Florennes Air Base,Florennes,BE,BE-WNA,EU,medium_airport,2,11105,50.24330,4.64583
EBKT,KJK,Kortrijk-Wevelgem International Airport,Wevelgem,BE,BE-VWV,EU,medium_airport,1,6234,50.81888,3.20955
EBLG,LGG,Liège Airport,Grâce-Hollogne,BE,BE-WLG,EU,medium_airport,2,12106,50.63857,5.44390
EBOS,OST,Ostend-Bruges International Airport,Oostende,BE,BE-VWV,EU,large_airport,1,10499,51.19980,2.87467
EDAC,AOC,Leipzig–Altenburg Airport,Nobitz,DE,DE-TH,EU,medium_airport,1,7988,50.98195,12.50639
EDAH,HDF,Heringsdorf Airport,Zirchow,DE,DE-MV,EU,medium_airport,3,7562,53.87870,14.15230
EDBN,FNB,Neubrandenburg Trollenhagen Airport,Trollenhagen,DE,DE-MV,EU,medium_airport,1,7522,53.60220,13.30600
EDBR,,Rothenburg/Görlitz Airfield,Rothenburg/Oberlausitz,DE,DE-SN,EU,medium_airport,2,6562,51.36333,14.95000
EDDB,BER,Berlin Brandenburg Airport,Berlin,DE,DE-BR,EU,large_airport,2,13123,52.36174,13.50234
EDDC,DRS,Dresden Airport,Dresden,DE,DE-SN,EU,large_airport,1,9350,51.13412,13.76783
EDDE,ERF,Erfurt-Weimar Airport,Erfurt,DE,DE-TH,EU,large_airport,1,8530,50.97828,10.96071
EDDF,FRA,Frankfurt Main Airport,Frankfurt am Main,DE,DE-HE,EU,large_airport,4,13123,50.02671,8.55835
EDDG,FMO,Münster Osnabrück Airport,Greven,DE,DE-NW,EU,large_airport,1,7119,52.13382,7.68848
EDDH,HAM,Hamburg Helmut Schmidt Airport,Hamburg,DE,DE-HH,EU,large_airport,2,12028,53.63040,9.98823
EDDK,CGN,Cologne Bonn Airport,Köln (Cologne),DE,DE-NW,EU,large_airport,3,12516,50.86590,7.14274
EDDL,DUS,Düsseldorf Airport,Düsseldorf,DE,DE-NW,EU,large_airport,2,9842,51.28950,6.76678
EDDM,MUC,Munich Airport,Munich,DE,DE-BY,EU,large_airport,2,13123,48.35380,11.78610
EDDN,NUE,Nuremberg Airport,Nuremberg,DE,DE-BY,EU,large_airport,1,8858,49.49870,11.07806
EDDP,LEJ,Leipzig/Halle Airport,Schkeuditz,DE,DE-SN,EU,large_airport,2,11811,51.42066,12.23270
EDDR,SCN,Saarbrücken Airport,Saarbrücken,DE,DE-SL,EU,medium_airport,1,6562,49.21455,7.10973
EDDS,STR,Stuttgart Airport,Stuttgart,DE,DE-BW,EU,large_airport,3,10974,48.68990,9.22196
EDDV,HAJ,Hannover Airport,Hannover,DE,DE-NI,EU,large_airport,3,12434,52.46110,9.68508
EDDW,BRE,Bremen Airport,Bremen,DE,DE-HB,EU,large_airport,2,8642,53.04679,8.78932
EDFE,,Frankfurt-Egelsbach Airport,Egelsbach,DE,DE-HE,EU,medium_airport,2,4593,49.96000,8.64304
EDFH,HHN,Frankfurt-Hahn Airport,Frankfurt am Main (Lautzenhausen),DE,DE-RP,EU,large_airport,1,12467,49.94635,7.26173
EDFM,MHG,Mannheim-City Airport,Mannheim,DE,DE-BW,EU,medium_airport,3,3497,49.47306,8.51417
EDFZ,,Mainz-Finthen Airfield,Mainz,DE,DE-RP,EU,medium_airport,2,3281,49.96750,8.14722
EDGE,EIB,Eisenach-Kindel Airport,Hörselberg-Hainich,DE,DE-TH,EU,medium_airport,1,5643,50.99160,10.47973
EDGS,SGE,Siegerland Airport,Burbach,DE,DE-NW,EU,medium_airport,5,5315,50.70770,8.08297
EDHI,XFW,Hamburg-Finkenwerder Airport,Hamburg,DE,DE-HH,EU,medium_airport,1,8629,53.53528,9.83556
EDHK,KEL,Kiel-Holtenau Airport,Kiel,DE,DE-SH,EU,medium_airport,2,4134,54.37957,10.14527
EDHL,LBC,Lübeck Blankensee Airport,Lübeck,DE,DE-SH,EU,medium_airport,1,6896,53.80540,10.71920
EDJA,FMM,Memmingen Allgau Airport,Memmingen,DE,DE-BY,EU,large_airport,1,8629,47.98809,10.23825
EDLI,BFE,Bielefeld Airport,Bielefeld,DE,DE-NW,EU,medium_airport,1,4121,51.96472,8.54444
EDLN,MGL,Mönchengladbach Airport,Mönchengladbach,DE,DE-NW,EU,medium_airport,1,3937,51.23028,6.50444
EDLP,PAD,Paderborn Lippstadt Airport,Büren,DE,DE-NW,EU,large_airport,1,7152,51.61253,8.61746
EDLV,NRN,Weeze (Niederrhein) Airport,Weeze,DE,DE-NW,EU,large_airport,1,8005,51.60136,6.14123
EDLW,DTM,Dortmund Airport,Dortmund,DE,DE-NW,EU,large_airport,1,6562,51.51830,7.61224
EDMA,AGB,Augsburg Airport,Augsburg,DE,DE-BY,EU,medium_airport,2,5230,48.42528,10.93167
EDML,,Landshut Airfield,Landshut,DE,DE-BY,EU,medium_airport,1,2953,48.51202,12.03486
EDMO,OBF,Oberpfaffenhofen Airport,Weßling,DE,DE-BY,EU,medium_airport,1,7500,48.08140,11.28310
EDNY,FDH,Bodensee Airport Friedrichshafen,Friedrichshafen,DE,DE-BW,EU,large_airport,2,7729,47.67130,9.51149
EDQA,,Bamberg-Breitenau Airfield,Bamberg,DE,DE-BY,EU,medium_airport,1,3622,49.92040,10.91423
EDQD,BYU,Bayreuth Airport,Bindlach,DE,DE-BY,EU,medium_airport,1,3392,49.98500,11.64000
EDQM,HOQ,Hof-Plauen Airport,Hof,DE,DE-BY,EU,medium_airport,1,4856,50.28854,11.85288
EDSB,FKB,Karlsruhe Baden-Baden Airport,Rheinmünster,DE,DE-BW,EU,large_airport,1,9787,48.77940,8.08050
EDTD,,Donaueschingen-Villingen Airfield,Donaueschingen,DE,DE-BW,EU,medium_airport,1,4232,47.97333,8.52222
EDTL,LHA,Lahr Airport,Lahr/Schwarzwald,DE,DE-BW,EU,medium_airport,1,9842,48.36930,7.82772
EDTM,,Mengen-Hohentengen Airfield,Mengen,DE,DE-BW,EU,medium_airport,2,5138,48.05389,9.37278
EDTY,,Adolf Würth Airport,Schwäbisch Hall,DE,DE-BW,EU,medium_airport,2,5053,49.11833,9.78389
EDUZ,,Zerbst Airfield,Straguth,DE,DE-ST,EU,medium_airport,0,,52.00083,12.14861
EDVE,BWE,Braunschweig-Wolfsburg Airport,Braunschweig,DE,DE-NI,EU,medium_airport,1,7546,52.31920,10.55610
EDVK,KSF,Kassel Airport,Calden,DE,DE-HE,EU,large_airport,1,8202,51.41839,9.39164
EDXW,GWT,Westerland Sylt Airport,Sylt,DE,DE-SH,EU,medium_airport,2,6955,54.91320,8.34047
EEEI,,Ämari Air Base,Keila,EE,EE-37,EU,medium_airport,1,6562,59.25960,24.20480
EEKA,KDL,Kärdla Airport,Kärdla,EE,EE-39,EU,medium_airport,1,4987,58.99080,22.83070
EEKE,URE,Kuressaare Airport,Kuressaare,EE,EE-74,EU,medium_airport,2,6561,58.22990,22.50950
EEPU,EPU,Pärnu Airport,Pärnu,EE,EE-67,EU,medium_airport,1,6463,58.41900,24.47280
EETN,TLL,Lennart Meri Tallinn Airport,Tallinn,EE,EE-37,EU,large_airport,1,11417,59.41325,24.83264
EETU,TAY,Tartu Airport,Tartu,EE,EE-7B,EU,medium_airport,1,5905,58.30744,26.68647
EFET,ENF,Enontekio Airport,Enontekio,FI,FI-10,EU,medium_airport,1,6565,68.36260,23.42430
EFHA,KEV,Halli Airport,Jämsä,FI,FI-08,EU,medium_airport,1,8533,61.85604,24.78669
EFHK,HEL,Helsinki Vantaa Airport,Helsinki (Vantaa),FI,FI-18,EU,large_airport,3,11483,60.31836,24.96334
EFIT,KTQ,Kitee Airport,Kitee,FI,FI-13,EU,medium_airport,1,4921,62.16610,30.07360
EFIV,IVL,Ivalo Airport,Ivalo,FI,FI-10,EU,large_airport,2,8199,68.60730,27.40530
EFJO,JOE,Joensuu Airport,Joensuu,FI,FI-13,EU,medium_airport,2,8202,62.65881,29.61940
EFJY,JYV,Jyväskylä Airport,Jyväskylän Maalaiskunta,FI,FI-08,EU,medium_airport,1,8533,62.39950,25.67830
EFKA,KAU,Kauhava Airfield,Kauhava,FI,FI-03,EU,medium_airport,1,8858,63.12710,23.05140
EFKE,KEM,Kemi-Tornio Airport,Kemi / Tornio,FI,FI-10,EU,medium_airport,1,8212,65.77870,24.58210
EFKI,KAJ,Kajaani Airport,Kajaani,FI,FI-05,EU,medium_airport,1,8199,64.28550,27.69240
EFKJ,KHJ,Kauhajoki Airfield,Kauhajoki,FI,FI-03,EU,medium_airport,1,3806,62.46321,22.39082
EFKK,KOK,Kokkola-Pietarsaari Airport,Kokkola / Kruunupyy,FI,FI-07,EU,medium_airport,2,8202,63.72120,23.14310
EFKS,KAO,Kuusamo Airport,Kuusamo,FI,FI-14,EU,medium_airport,1,8202,65.98760,29.23940
EFKT,KTT,Kittilä International Airport,Kittilä,FI,FI-10,EU,large_airport,1,8202,67.70100,24.84680
EFKU,KUO,Kuopio Airport,Kuopio / Siilinjärvi,FI,FI-15,EU,large_airport,1,9186,63.00710,27.79780
EFLP,LPP,Lappeenranta Airport,Lappeenranta,FI,FI-02,EU,large_airport,1,8202,61.04460,28.14474
EFMA,MHQ,Mariehamn Airport,Mariehamn,FI,FI-01,EU,medium_airport,1,6243,60.12220,19.89820
EFMI,MIK,Mikkeli Airport,Mikkeli,FI,FI-04,EU,medium_airport,1,5584,61.68660,27.20180
EFOU,OUL,Oulu Airport,Oulu / Oulunsalo,FI,FI-14,EU,large_airport,1,8205,64.93010,25.35460
EFPO,POR,Pori Airport,Pori,FI,FI-17,EU,medium_airport,2,7713,61.46170,21.80000
EFPR,,Helsinki East-Redstone Aerodrome,Helsinki (Pyhtää),FI,FI-09,EU,medium_airport,1,3280,60.47917,26.59389
EFRO,RVN,Rovaniemi Airport,Rovaniemi,FI,FI-10,EU,large_airport,1,9849,66.56333,25.82975
EFSA,SVL,Savonlinna Airport,Savonlinna,FI,FI-04,EU,medium_airport,1,7546,61.94310,28.94510
EFSI,SJY,Seinäjoki Airport,Seinäjoki / Ilmajoki,FI,FI-03,EU,medium_airport,1,6562,62.69210,22.83230
EFSO,SOT,Sodankyla Airport,Sodankyla,FI,FI-10,EU,medium_airport,1,4921,67.39500,26.61910
EFTP,TMP,Tampere-Pirkkala Airport,Tampere / Pirkkala,FI,FI-11,EU,large_airport,1,8858,61.41410,23.60440
EFTU,TKU,Turku Airport,Turku,FI,FI-19,EU,large_airport,1,8202,60.51410,22.26280
EFUT,UTI,Utti Air Base,Utti / Valkeala,FI,FI-09,EU,medium_airport,1,6562,60.89640,26.93840
EFVA,VAA,Vaasa Airport,Vaasa,FI,FI-12,EU,large_airport,1,8727,63.05023,21.76254
EFVR,VRK,Varkaus Airport,Varkaus / Joroinen,FI,FI-04,EU,medium_airport,1,6562,62.17110,27.86860
EFYL,YLI,Ylivieska Airfield,Ylivieska,FI,FI-14,EU,medium_airport,1,4921,64.05472,24.72528
EGAA,BFS,Belfast International Airport,Belfast,GB,GB-NIR,EU,large_airport,2,9121,54.65750,-6.21583
EGAB,ENK,Enniskillen/St Angelo Airport,"Enniskillen, Fermanagh and Omagh",GB,GB-NIR,EU,medium_airport,1,3996,54.39827,-7.65118
EGAC,BHD,George Best Belfast City Airport,Belfast,GB,GB-NIR,EU,medium_airport,1,6001,54.61810,-5.87250
EGAE,LDY,City of Derry Airport,"Derry, Derry and Strabane",GB,GB-NIR,EU,medium_airport,1,6460,55.04280,-7.16111
EGBB,BHX,Birmingham Airport,"Birmingham, West Midlands",GB,GB-ENG,EU,large_airport,1,10013,52.45390,-1.74803
EGBJ,GLO,Gloucestershire Airport,"Staverton, Gloucestershire",GB,GB-ENG,EU,medium_airport,2,4695,51.89420,-2.16722
EGBN,NQT,Nottingham City Airport,"Nottingham, Nottinghamshire",GB,GB-ENG,EU,medium_airport,2,3445,52.92000,-1.07917
EGCC,MAN,Manchester Airport,"Manchester, Greater Manchester",GB,GB-ENG,EU,large_airport,2,10007,53.34938,-2.27952
EGCM,,Leeds East Airport,"Tadcaster, North Yorkshire",GB,GB-ENG,EU,medium_airport,0,,53.83475,-1.19468
EGDC,,Royal Marines Base Chivenor,Chivenor,GB,GB-ENG,EU,medium_airport,1,6014,51.08720,-4.15034
EGDM,,MoD Boscombe Down,"Salisbury, Wiltshire",GB,GB-ENG,EU,medium_airport,3,10538,51.15220,-1.74741
EGDR,,RNAS Culdrose,Helston,GB,GB-ENG,EU,medium_airport,3,6006,50.08610,-5.25571
EGDY,YEO,RNAS Yeovilton,"Yeovil, Somerset",GB,GB-ENG,EU,medium_airport,2,7580,51.00940,-2.63882
EGEC,CAL,Campbeltown Airport,Campbeltown,GB,GB-SCT,EU,medium_airport,1,4633,55.43720,-5.68639
EGED,EOI,Eday Airport,Eday,GB,GB-SCT,EU,medium_airport,2,1896,59.19060,-2.77222
EGFE,HAW,Haverfordwest Airport,Haverfordwest,GB,GB-WLS,EU,medium_airport,2,5000,51.83310,-4.96111
EGFF,CWL,Cardiff International Airport,Cardiff,GB,GB-WLS,EU,large_airport,1,7723,51.39670,-3.34333
EGFH,SWS,Swansea Airport,Swansea,GB,GB-WLS,EU,medium_airport,2,4429,51.60137,-4.07101
EGGD,BRS,Bristol Airport,Bristol,GB,GB-ENG,EU,large_airport,1,6598,51.38233,-2.71645
EGGP,LPL,Liverpool John Lennon Airport,Liverpool,GB,GB-ENG,EU,large_airport,1,7497,53.33486,-2.84964
EGGW,LTN,London Luton Airport,"Luton, Luton",GB,GB-ENG,EU,large_airport,1,7093,51.87470,-0.36833
EGHH,BOH,Bournemouth Airport,Bournemouth,GB,GB-ENG,EU,medium_airport,1,7454,50.78048,-1.83958
EGHI,SOU,Southampton Airport,Southampton,GB,GB-ENG,EU,medium_airport,1,6191,50.95030,-1.35680
EGHL,,Lasham Airfield,"Alton, Hampshire",GB,GB-ENG,EU,medium_airport,1,5896,51.18744,-1.03166
EGHQ,NQY,Cornwall Airport Newquay,Newquay,GB,GB-ENG,EU,medium_airport,1,9003,50.44060,-4.99541
EGJA,ACI,Alderney Airport,Saint Anne,GG,GG-A,EU,medium_airport,3,2877,49.70610,-2.21472
EGJB,GCI,Guernsey Airport,Saint Peter Port,GG,GG-G,EU,medium_airport,1,5194,49.43500,-2.60197
EGJJ,JER,Jersey Airport,St. Peter,JE,JE-U-A,EU,medium_airport,1,5594,49.20790,-2.19551
EGKA,ESH,Brighton City Airport,"Brighton, East Sussex",GB,GB-ENG,EU,medium_airport,3,3385,50.83560,-0.29722
EGKB,BQH,London Biggin Hill Airport,London,GB,GB-ENG,EU,medium_airport,1,5925,51.33080,0.03250
EGKK,LGW,London Gatwick Airport,London,GB,GB-ENG,EU,large_airport,2,10883,51.14874,-0.18574
EGLC,LCY,London City Airport,London,GB,GB-ENG,EU,medium_airport,1,4948,51.50530,0.05528
EGLF,FAB,Farnborough Airport,"Farnborough, Hampshire",GB,GB-ENG,EU,medium_airport,1,8005,51.27580,-0.77633
EGLK,BBS,Blackbushe Airport,"Camberley, Surrey",GB,GB-ENG,EU,medium_airport,1,4380,51.32390,-0.84750
EGLL,LHR,London Heathrow Airport,London,GB,GB-ENG,EU,large_airport,2,12799,51.47075,-0.45991
EGMC,SEN,London Southend Airport,"Southend-on-Sea, Essex",GB,GB-ENG,EU,medium_airport,1,6089,51.57056,0.69363
EGMD,LYX,Lydd London Ashford Airport,"Romney Marsh, Kent",GB,GB-ENG,EU,medium_airport,1,4938,50.95625,0.93907
EGNC,CAX,Carlisle Lake District Airport,"Carlisle, Cumbria",GB,GB-ENG,EU,medium_airport,2,6000,54.93750,-2.80917
EGNH,BLK,Blackpool Airport,Blackpool,GB,GB-ENG,EU,medium_airport,2,6129,53.77170,-3.02861
EGNJ,HUY,Humberside Airport,"Grimsby, Lincolnshire",GB,GB-ENG,EU,medium_airport,2,7218,53.57615,-0.34954
EGNL,BWF,Barrow Walney Island Airport,Barrow-in-Furness,GB,GB-ENG,EU,medium_airport,2,3438,54.12861,-3.26750
EGNM,LBA,Leeds Bradford Airport,"Leeds, West Yorkshire",GB,GB-ENG,EU,large_airport,1,7381,53.86590,-1.66057
EGNO,WRT,Warton Aerodrome,Warton,GB,GB-ENG,EU,medium_airport,1,7946,53.74510,-2.88306
EGNR,CEG,Hawarden Airport,Broughton,GB,GB-WLS,EU,medium_airport,1,6867,53.17810,-2.97778
EGNS,IOM,Isle of Man Airport,Castletown,IM,IM-U-A,EU,large_airport,2,6923,54.08308,-4.62387
EGNT,NCL,Newcastle International Airport,"Newcastle upon Tyne, Tyne and Wear",GB,GB-ENG,EU,large_airport,1,7644,55.03796,-1.68958
EGNV,MME,Teesside International Airport,"Darlington, Durham",GB,GB-ENG,EU,medium_airport,1,7516,54.50920,-1.42941
EGNX,EMA,East Midlands Airport,"Nottingham, Leicestershire",GB,GB-ENG,EU,large_airport,1,9495,52.83110,-1.32806
EGOM,,RAF Spadeadam,Spadeadam,GB,GB-ENG,EU,medium_airport,0,,55.05000,-2.55000
EGOS,,RAF Shawbury,"Shrewsbury, Shropshire",GB,GB-ENG,EU,medium_airport,2,6018,52.79820,-2.66804
EGOV,VLY,Anglesey Airport,Angelsey,GB,GB-WLS,EU,medium_airport,2,7513,53.24810,-4.53534
EGPA,KOI,Kirkwall Airport,"Kirkwall, Orkney Islands",GB,GB-SCT,EU,medium_airport,2,4690,58.95790,-2.90508
EGPB,LSI,Sumburgh Airport,"Lerwick, Shetland",GB,GB-SCT,EU,medium_airport,3,4915,59.87890,-1.29556
EGPC,WIC,Wick John O'Groats Airport,Wick,GB,GB-SCT,EU,medium_airport,1,6007,58.45890,-3.09306
EGPD,ABZ,Aberdeen International Airport,Aberdeen,GB,GB-SCT,EU,large_airport,1,6407,57.20190,-2.19778
EGPE,INV,Inverness Airport,Inverness,GB,GB-SCT,EU,medium_airport,2,6194,57.54250,-4.04750
EGPF,GLA,Glasgow Airport,Glasgow,GB,GB-SCT,EU,large_airport,1,8730,55.87190,-4.43306
EGPH,EDI,Edinburgh Airport,"Ingliston, Edinburgh",GB,GB-SCT,EU,large_airport,1,8392,55.95014,-3.37229
EGPI,ILY,Islay Airport,"Isle of Islay, Argyll and Bute",GB,GB-SCT,EU,medium_airport,2,5098,55.68271,-6.25753
EGPK,PIK,Glasgow Prestwick Airport,"Prestwick, South Ayrshire",GB,GB-SCT,EU,large_airport,2,9800,55.50150,-4.57718
EGPL,BEB,Benbecula Airport,Balivanich,GB,GB-SCT,EU,medium_airport,2,6027,57.48110,-7.36278
EGPN,DND,Dundee Airport,Dundee,GB,GB-SCT,EU,medium_airport,1,4593,56.45250,-3.02583
EGPO,SYY,Stornoway Airport,"Stornoway, Western Isles",GB,GB-SCT,EU,medium_airport,2,7218,58.21560,-6.33111
EGPR,BRR,Barra Airport,Eoligarry,GB,GB-SCT,EU,medium_airport,3,2776,57.02280,-7.44306
EGPU,TRE,Tiree Airport,"Balemartine, Argyll and Bute",GB,GB-SCT,EU,medium_airport,3,4600,56.49920,-6.86917
EGQL,ADX,Leuchars Station Airfield,"Leuchars, Fife",GB,GB-SCT,EU,medium_airport,1,8491,56.37398,-2.86886
EGQS,LMO,RAF Lossiemouth,"Lossiemouth, Moray",GB,GB-SCT,EU,medium_airport,2,9091,57.70520,-3.33917
EGSC,CBG,Cambridge City Airport,"Cambridge, Cambridgeshire",GB,GB-ENG,EU,medium_airport,1,6444,52.20500,0.17500
EGSH,NWI,Norwich Airport,"Norwich, Norfolk",GB,GB-ENG,EU,medium_airport,1,6043,52.67580,1.28278
EGSS,STN,London Stansted Airport,"London, Essex",GB,GB-ENG,EU,large_airport,1,10003,51.88500,0.23500
EGSY,,MOD St Athan,"St Athan, Vale of Glamorgan",GB,GB-WLS,EU,medium_airport,0,,51.40523,-3.43325
EGTC,,Cranfield Airport,"Cranfield, Central Bedfordshire",GB,GB-ENG,EU,medium_airport,1,5902,52.07220,-0.61667
EGTE,EXT,Exeter International Airport,"Exeter, Devon",GB,GB-ENG,EU,medium_airport,1,6811,50.73426,-3.41398
EGTK,OXF,London Oxford Airport,"Kidlington, Oxfordshire",GB,GB-ENG,EU,medium_airport,1,5006,51.83690,-1.32000
EGUB,BEX,RAF Benson,"Wallingford, Oxfordshire",GB,GB-ENG,EU,medium_airport,1,5981,51.61437,-1.09599
EGUL,LKZ,RAF Lakenheath,"Brandon, Suffolk",GB,GB-ENG,EU,medium_airport,1,8998,52.40954,0.56116
EGUN,MHZ,RAF Mildenhall,"Bury Saint Edmunds, Suffolk",GB,GB-ENG,EU,medium_airport,1,9213,52.36190,0.48641
EGUW,,Wattisham Airfield,"Ipswich, Suffolk",GB,GB-ENG,EU,medium_airport,1,7953,52.12745,0.95619
EGVA,FFD,RAF Fairford,"Fairford, Gloucestershire",GB,GB-ENG,EU,medium_airport,1,9994,51.68357,-1.78917
EGVN,BZZ,RAF Brize Norton,"Carterton, Oxfordshire",GB,GB-ENG,EU,medium_airport,1,10007,51.75000,-1.58362
EGVO,ODH,RAF Odiham,"Hook, Hampshire",GB,GB-ENG,EU,medium_airport,1,6030,51.23410,-0.94283
EGWC,,RAF Cosford,"Cosford, Shropshire",GB,GB-ENG,EU,medium_airport,1,3890,52.64052,-2.30533
EGWU,NHT,RAF Northolt,"Northolt, Greater London",GB,GB-ENG,EU,medium_airport,1,5545,51.55300,-0.41817
EGXC,QCY,RAF Coningsby,"Lincoln, Lincolnshire",GB,GB-ENG,EU,medium_airport,1,9003,53.09300,-0.16601
EGXE,,RAF Leeming,"Northallerton, North Yorkshire",GB,GB-ENG,EU,medium_airport,1,7516,54.29719,-1.53894
EGXH,BEQ,RAF Honington,"Bury Saint Edmunds, Suffolk",GB,GB-ENG,EU,medium_airport,1,9012,52.34260,0.77294
EGXT,,RAF Wittering,"Peterborough, Cambridgeshire",GB,GB-ENG,EU,medium_airport,1,9052,52.61260,-0.47645
EGXW,WTN,RAF Waddington,"Lincoln, Lincolnshire",GB,GB-ENG,EU,medium_airport,1,9642,53.16620,-0.52381
EGXZ,,RAF Topcliffe,"Thirsk, North Yorkshire",GB,GB-ENG,EU,medium_airport,2,5948,54.20412,-1.38027
EGYD,,RAF Cranwell,"Sleaford, Lincolnshire",GB,GB-ENG,EU,medium_airport,4,6831,53.02731,-0.49310
EGYE,,RAF Barkston Heath,"Grantham, Lincolnshire",GB,GB-ENG,EU,medium_airport,3,5722,52.96062,-0.55943
EGYM,KNF,RAF Marham,"King's Lynn, Norfolk",GB,GB-ENG,EU,medium_airport,2,9131,52.64840,0.55069
EGYP,MPN,Mount Pleasant Airport / RAF Mount Pleasant,Mount Pleasant,FK,FK-U-A,SA,medium_airport,2,8497,-51.82264,-58.44578
EHAM,AMS,Amsterdam Airport Schiphol,Amsterdam,NL,NL-NH,EU,large_airport,6,12467,52.30860,4.76389
EHBD,,Kempen Airport Budel,Weert,NL,NL-NB,EU,medium_airport,2,3934,51.25530,5.60139
EHBK,MST,Maastricht Aachen Airport,Maastricht,NL,NL-LI,EU,large_airport,1,9022,50.91109,5.76940
EHDL,,Deelen Air Base,Arnhem,NL,NL-GE,EU,medium_airport,1,3431,52.06060,5.87306
EHEH,EIN,Eindhoven Airport,Eindhoven,NL,NL-NB,EU,large_airport,1,9843,51.45010,5.37453
EHGG,GRQ,Groningen Airport Eelde,Groningen,NL,NL-DR,EU,large_airport,1,8202,53.11911,6.57765
EHGR,GLZ,Gilze Rijen Air Base,Rijen,NL,NL-NB,EU,medium_airport,2,9081,51.56740,4.93183
EHKD,DHR,De Kooy Airfield / Den Helder Naval Air Station,Den Helder,NL,NL-NH,EU,medium_airport,1,4183,52.92340,4.78062
EHLE,LEY,Lelystad Airport,Lelystad,NL,NL-FL,EU,medium_airport,1,8858,52.45319,5.51462
EHLW,LWR,Leeuwarden Air Base,Leeuwarden,NL,NL-FR,EU,medium_airport,2,8045,53.22860,5.76056
EHRD,RTM,Rotterdam The Hague Airport,Rotterdam,NL,NL-ZH,EU,large_airport,1,7218,51.95690,4.43722
EHTW,ENS,Twente Airport,Enschede,NL,NL-OV,EU,medium_airport,1,9801,52.27583,6.88917
EHVK,UDE,Volkel Air Base,Uden,NL,NL-NB,EU,medium_airport,2,9931,51.65722,5.70778
EHWO,WOE,Woensdrecht Air Base,Hoogerheide,NL,NL-NB,EU,medium_airport,2,8015,51.44910,4.34203
EICK,ORK,Cork International Airport,Cork,IE,IE-CO,EU,large_airport,2,6998,51.84130,-8.49111
EIDL,CFN,Donegal Airport,Donegal,IE,IE-DL,EU,medium_airport,1,4908,55.04420,-8.34100
EIDW,DUB,Dublin Airport,Dublin,IE,IE-D,EU,large_airport,3,10203,53.42871,-6.26212
EIKN,NOC,Ireland West Airport Knock,Charlestown,IE,IE-MO,EU,large_airport,1,7546,53.91044,-8.81700
EIKY,KIR,Kerry Airport,Farranfore,IE,IE-KY,EU,medium_airport,1,6562,52.18090,-9.52378
EIME,,Casement Air Base,Baldonnel,IE,IE-D,EU,medium_airport,2,6001,53.30170,-6.45133
EINN,SNN,Shannon Airport,Shannon,IE,IE-CE,EU,large_airport,1,10495,52.70200,-8.92482
EISG,SXL,Sligo Airport,Sligo,IE,IE-SO,EU,medium_airport,1,3517,54.28020,-8.59921
EIWF,WAT,Waterford Airport,Waterford,IE,IE-WD,EU,medium_airport,1,4701,52.18720,-7.08696
EIWT,,Weston Airport,Leixlip,IE,IE-D,EU,medium_airport,1,3038,53.35162,-6.49036
EKAH,AAR,Aarhus Airport,Aarhus,DK,DK-82,EU,large_airport,2,9111,56.30333,10.61829
EKBI,BLL,Billund Airport,Billund,DK,DK-83,EU,large_airport,1,10172,55.74034,9.15702
EKCH,CPH,Copenhagen Kastrup Airport,Copenhagen,DK,DK-84,EU,large_airport,3,11811,55.61790,12.65600
EKEB,EBJ,Esbjerg Airport,Esbjerg,DK,DK-83,EU,medium_airport,1,8527,55.52590,8.55340
EKKA,KRP,Midtjyllands Airport / Air Base Karup,Karup,DK,DK-82,EU,medium_airport,5,9816,56.29714,9.10431
EKMB,MRW,Lolland Falster Maribo Airport,Rødby,DK,DK-85,EU,medium_airport,1,3937,54.69945,11.43816
EKOD,ODE,Odense Hans Christian Andersen Airport,Odense,DK,DK-83,EU,large_airport,2,6053,55.47531,10.32721
EKRK,RKE,Copenhagen Roskilde Airport,Roskilde,DK,DK-85,EU,medium_airport,2,5709,55.58560,12.13140
EKRN,RNN,Bornholm Airport,Rønne,DK,DK-84,EU,medium_airport,1,6568,55.06330,14.75960
EKSB,SGD,Sønderborg Airport,Sønderborg,DK,DK-83,EU,medium_airport,1,5895,54.96440,9.79173
EKSN,CNL,Sindal Airport,Sindal,DK,DK-81,EU,medium_airport,1,3934,57.50350,10.22940
EKSP,SKS,Skrydstrup Air Base,Vojens,DK,DK-83,EU,medium_airport,2,9863,55.22105,9.26702
EKSV,SQW,Skive Airport,Skive,DK,DK-82,EU,medium_airport,1,3933,56.55020,9.17298
EKTS,TED,Thisted Airport,Thisted,DK,DK-81,EU,medium_airport,1,5249,57.06880,8.70522
EKVD,,Kolding Vamdrup Airfield,Kolding / Vamdrup,DK,DK-83,EU,medium_airport,2,3301,55.43630,9.33092
EKVG,FAE,Vágar Airport,Vágar,FO,FO-U-A,EU,large_airport,1,5905,62.06326,-7.27578
EKVJ,STA,Stauning Vestjylland  Airport,Skjern,DK,DK-82,EU,medium_airport,1,4757,55.99010,8.35391
EKYT,AAL,Aalborg Airport,Aalborg,DK,DK-81,EU,large_airport,2,8707,57.09476,9.84993
ELLX,LUX,Luxembourg-Findel International Airport,Luxembourg,LU,LU-L,EU,large_airport,1,13123,49.62685,6.21213
ENAL,AES,Ålesund Airport,Ålesund,NO,NO-15,EU,large_airport,1,7592,62.56044,6.11085
ENAN,ANX,"Andøya Airport, Andenes",Andenes,NO,NO-18,EU,medium_airport,2,8097,69.29519,16.13938
ENAT,ALF,Alta Airport,Alta,NO,NO-56,EU,medium_airport,1,7165,69.97610,23.37170
ENBN,BNN,"Brønnøysund Airport, Brønnøy",Brønnøy,NO,NO-18,EU,medium_airport,1,3937,65.46110,12.21750
ENBO,BOO,Bodø Airport,Bodø,NO,NO-18,EU,large_airport,1,9167,67.26920,14.36530
ENBR,BGO,"Bergen Airport, Flesland",Bergen,NO,NO-46,EU,large_airport,1,9810,60.29340,5.21814
ENBS,BJF,Båtsfjord Airport,Båtsfjord,NO,NO-56,EU,medium_airport,1,3281,70.60025,29.69261
ENBV,BVG,Berlevåg Airport,Berlevåg,NO,NO-56,EU,medium_airport,1,3372,70.87152,29.03410
ENCN,KRS,Kristiansand Airport,Kristiansand(Kjevik),NO,NO-42,EU,large_airport,1,6677,58.20420,8.08537
ENDU,BDU,Bardufoss Airport,Målselv,NO,NO-55,EU,medium_airport,1,8015,69.05580,18.54040
ENEV,EVE,Harstad/Narvik Airport,Evenes,NO,NO-18,EU,large_airport,1,9236,68.49130,16.67810
ENFL,FRO,Florø Airport,Florø,NO,NO-46,EU,medium_airport,1,4144,61.58360,5.02472
ENGM,OSL,Oslo-Gardermoen International Airport,Oslo (Gardermoen),NO,NO-32,EU,large_airport,2,11811,60.19390,11.10040
ENHD,HAU,"Haugesund Airport, Karmøy",Karmøy,NO,NO-11,EU,medium_airport,1,6957,59.34530,5.20836
ENHF,HFT,Hammerfest Airport,Hammerfest,NO,NO-56,EU,medium_airport,1,3061,70.67970,23.66860
ENHV,HVG,"Honningsvåg Airport, Valan",Honningsvåg,NO,NO-56,EU,medium_airport,1,2887,71.00970,25.98360
ENKB,KSU,"Kristiansund Airport, Kvernberget",Kvernberget,NO,NO-15,EU,medium_airport,1,7841,63.11180,7.82452
ENKR,KKN,"Kirkenes Airport, Høybuktmoen",Kirkenes,NO,NO-56,EU,medium_airport,1,6939,69.72580,29.89130
ENLK,LKN,Leknes Airport,Leknes,NO,NO-18,EU,medium_airport,1,2881,68.15250,13.60940
ENMH,MEH,Mehamn Airport,Mehamn,NO,NO-56,EU,medium_airport,1,2887,71.02970,27.82670
ENML,MOL,"Molde Airport, Årø",Årø,NO,NO-15,EU,medium_airport,1,6922,62.74470,7.26250
ENMS,MJF,"Mosjøen Airport, Kjærstad",Mosjøen,NO,NO-18,EU,medium_airport,1,3015,65.78400,13.21490
ENNA,LKL,"Lakselv Airport, Banak",Lakselv,NO,NO-56,EU,medium_airport,1,9147,70.06880,24.97350
ENNO,NTB,Notodden Airport,Notodden,NO,NO-40,EU,medium_airport,1,5745,59.56507,9.21315
ENOL,OLA,Ørland Airport,Ørland,NO,NO-50,EU,medium_airport,1,10755,63.69890,9.60400
ENOV,HOV,"Ørsta-Volda Airport, Hovden",Ørsta,NO,NO-15,EU,medium_airport,1,3510,62.18000,6.07410
ENRA,MQN,"Mo i Rana Airport, Røssvoll",Mo i Rana,NO,NO-18,EU,medium_airport,1,2759,66.36390,14.30140
ENRM,RVK,"Rørvik Airport, Ryum",Rørvik,NO,NO-50,EU,medium_airport,1,2887,64.83830,11.14610
ENRO,RRS,Røros Airport,Røros,NO,NO-50,EU,medium_airport,1,5643,62.57840,11.34230
ENRY,,"Moss Airport, Rygge",Oslo,NO,NO-31,EU,medium_airport,1,8012,59.37882,10.78544
ENSB,LYR,"Svalbard Airport, Longyear",Longyearbyen,NO,NO-21,EU,medium_airport,1,7608,78.24610,15.46560
ENSH,SVJ,"Svolvær Airport, Helle",Svolvær,NO,NO-18,EU,medium_airport,1,3104,68.24330,14.66920
ENSK,SKN,"Stokmarknes Airport, Skagen",Hadsel,NO,NO-18,EU,medium_airport,1,3031,68.57883,15.03342
ENSN,,Skien Airport,Geiteryggen,NO,NO-40,EU,medium_airport,1,4596,59.18500,9.56694
ENSO,SRP,"Stord Airport, Sørstokken",Leirvik,NO,NO-46,EU,medium_airport,1,3937,59.79190,5.34085
ENSR,SOJ,Sørkjosen Airport,Sørkjosen,NO,NO-55,EU,medium_airport,1,3015,69.78680,20.95940
ENSS,VAW,"Vardø Airport, Svartnes",Vardø,NO,NO-56,EU,medium_airport,1,3707,70.35540,31.04490
ENST,SSJ,"Sandnessjøen Airport, Stokka",Alstahaug,NO,NO-18,EU,medium_airport,1,4619,65.95680,12.46890
ENTC,TOS,Tromsø Airport,Tromsø,NO,NO-55,EU,large_airport,1,8041,69.68330,18.91890
ENTO,TRF,"Sandefjord Airport, Torp",Sandefjord(Torp),NO,NO-39,EU,large_airport,1,9216,59.18670,10.25860
ENVA,TRD,"Trondheim Airport, Værnes",Trondheim,NO,NO-50,EU,large_airport,1,9052,63.45780,10.92400
ENVD,VDS,Vadsø Airport,Vadsø,NO,NO-56,EU,medium_airport,1,3278,70.06530,29.84470
ENZV,SVG,"Stavanger Airport, Sola",Stavanger,NO,NO-11,EU,large_airport,2,9369,58.87670,5.63778
EPBY,BZG,Ignacy Jan Paderewski Bydgoszcz Airport,Bydgoszcz,PL,PL-KP,EU,medium_airport,1,8202,53.09680,17.97770
EPCE,,Cewice Naval Air Base,Siemirowice,PL,PL-PM,EU,medium_airport,1,8214,54.41653,17.76573
EPDE,,Deblin Military Air Base,Dęblin,PL,PL-LU,EU,medium_airport,1,8202,51.55102,21.89232
EPGD,GDN,Gdańsk Lech Wałęsa Airport,Gdańsk,PL,PL-PM,EU,large_airport,1,9186,54.37760,18.46620
EPIR,,Inowroclaw Military Air Base,,PL,PL-KP,EU,medium_airport,1,1312,52.82940,18.33060
EPKK,KRK,Kraków John Paul II International Airport,Balice,PL,PL-MA,EU,large_airport,1,8366,50.07770,19.78480
EPKS,,Krzesiny Military Air Base,Poznań,PL,PL-WP,EU,medium_airport,1,8202,52.33170,16.96640
EPKT,KTW,Katowice Wojciech Korfanty International Airport,Katowice,PL,PL-SL,EU,large_airport,1,10499,50.47601,19.08070
EPLB,LUZ,Lublin Airport,Lublin,PL,PL-LU,EU,large_airport,1,8268,51.24016,22.71346
EPLK,,Łask Air Base,Łask,PL,PL-LD,EU,medium_airport,1,9843,51.55170,19.17910
EPLL,LCJ,Łódź Władysław Reymont Airport,Łódź,PL,PL-LD,EU,large_airport,1,8202,51.72190,19.39810
EPLY,,Leźnica Wielka Air Base,Leźnica Wielka,PL,PL-LD,EU,medium_airport,1,8202,52.00494,19.14379
EPMB,,Malbork Królewo Air Base,Królewo,PL,PL-PM,EU,medium_airport,1,8202,54.02660,19.13572
EPMI,,Miroslawiec Military Air Base,Mirosławiec,PL,PL-ZP,EU,medium_airport,1,8202,53.39510,16.08280
EPMM,,Minsk Mazowiecki Military Air Base,,PL,PL-MZ,EU,medium_airport,1,8245,52.19550,21.65590
EPMO,WMI,Warsaw Modlin Airport,Nowy Dwór Mazowiecki,PL,PL-MZ,EU,large_airport,1,8202,52.45110,20.65180
EPPO,POZ,Poznań-Ławica Airport,Poznań,PL,PL-WP,EU,large_airport,1,8215,52.42160,16.82336
EPPW,,Powidz Military Air Base,Powidz,PL,PL-WP,EU,medium_airport,2,11565,52.38009,17.85316
EPRA,RDO,Warsaw Radom Airport,Radom,PL,PL-MZ,EU,medium_airport,1,8202,51.38937,21.21474
EPRZ,RZE,Rzeszów-Jasionka Airport,Jasionka,PL,PL-PK,EU,large_airport,4,10498,50.10979,22.02416
EPSC,SZZ,Solidarity Szczecin–Goleniów Airport,Szczecin(Glewice),PL,PL-ZP,EU,large_airport,1,8202,53.58470,14.90220
EPSN,,Swidwin Military Air Base,,PL,PL-ZP,EU,medium_airport,1,8200,53.79060,15.82630
EPSY,SZY,Olsztyn-Mazury Airport,Szymany,PL,PL-WN,EU,medium_airport,1,8202,53.48190,20.93770
EPTM,,Tomaszów Mazowiecki Military Air Base,Nowy Glinnik,PL,PL-LD,EU,medium_airport,1,6560,51.58440,20.09780
EPWA,WAW,Warsaw Chopin Airport,Warsaw,PL,PL-MZ,EU,large_airport,2,12106,52.16570,20.96710
EPWR,WRO,Copernicus Wrocław Airport,Wrocław,PL,PL-DS,EU,large_airport,1,8212,51.10372,16.88210
EPZG,IEG,Zielona Góra-Babimost Airport,Nowe Kramsko,PL,PL-LB,EU,medium_airport,1,8202,52.13850,15.79860
ESCF,,Malmen Air Base,Linköping,SE,SE-E,EU,medium_airport,2,7265,58.39767,15.52242
ESDF,RNB,Ronneby Airport,Ronneby,SE,SE-K,EU,medium_airport,1,7648,56.26670,15.26500
ESFR,,Råda Air Base,Råda,SE,SE-Q,EU,medium_airport,1,6517,58.49810,13.05320
ESGG,GOT,Göteborg Landvetter Airport,Göteborg,SE,SE-Q,EU,large_airport,1,10823,57.66280,12.27980
ESGJ,JKG,Jönköping Airport,Jönköping,SE,SE-F,EU,medium_airport,2,7228,57.75760,14.06870
ESGP,GSE,Säve Airport,Göteborg,SE,SE-Q,EU,medium_airport,1,3560,57.77470,11.87040
ESGR,KVB,Skövde Airport,Skövde,SE,SE-Q,EU,medium_airport,1,5696,58.45640,13.97270
ESGT,THN,Trollhättan-Vänersborg Airport,Trollhättan,SE,SE-Q,EU,medium_airport,1,5610,58.31810,12.34500
ESIB,,Såtenäs Air Base,Såtenäs,SE,SE-Q,EU,medium_airport,2,7428,58.42640,12.71440
ESKK,KSK,Karlskoga Airport,Karlskoga,SE,SE-T,EU,medium_airport,1,4919,59.34590,14.49590
ESKM,MXX,Mora Airport,Mora,SE,SE-W,EU,medium_airport,1,5951,60.95790,14.51140
ESKN,NYO,Stockholm Skavsta Airport,Nyköping,SE,SE-D,EU,large_airport,2,9442,58.78966,16.91148
ESKS,SCR,Scandinavian Mountains Airport,Malung-Sälen,SE,SE-W,EU,large_airport,1,8202,61.16508,12.83352
ESMK,KID,Kristianstad Airport,Kristianstad,SE,SE-M,EU,medium_airport,1,7267,55.92170,14.08550
ESMQ,KLR,Kalmar Airport,Kalmar,SE,SE-H,EU,medium_airport,2,6726,56.68550,16.28760
ESMS,MMX,Malmö Sturup Airport,Malmö,SE,SE-M,EU,large_airport,2,9186,55.53556,13.37633
ESMT,HAD,Halmstad Airport,Halmstad,SE,SE-N,EU,medium_airport,1,7419,56.69110,12.82020
ESMX,VXO,Växjö Kronoberg Airport,Växjö,SE,SE-G,EU,medium_airport,1,6900,56.92910,14.72800
ESNG,GEV,Gällivare Airport,Gällivare,SE,SE-BD,EU,medium_airport,1,5623,67.13240,20.81460
ESNK,KRF,Kramfors-Sollefteå Höga Kusten Airport,Nyland,SE,SE-Y,EU,medium_airport,1,6565,63.04860,17.76890
ESNL,LYC,Lycksele Airport,Lycksele,SE,SE-AC,EU,medium_airport,1,6564,64.54830,18.71620
ESNN,SDL,Sundsvall-Härnösand Airport,Sundsvall/ Härnösand,SE,SE-Y,EU,medium_airport,1,6857,62.52810,17.44390
ESNO,OER,Örnsköldsvik Airport,Örnsköldsvik,SE,SE-Y,EU,medium_airport,1,6607,63.40830,18.99000
ESNQ,KRN,Kiruna Airport,Kiruna,SE,SE-BD,EU,large_airport,1,8209,67.82200,20.33680
ESNS,SFT,Skellefteå Airport,Skellefteå,SE,SE-AC,EU,medium_airport,1,8268,64.62480,21.07690
ESNU,UME,Umeå Airport,Umeå,SE,SE-AC,EU,large_airport,1,7551,63.79180,20.28280
ESNV,VHM,Vilhelmina South Lapland Airport,Vilhelmina,SE,SE-AC,EU,medium_airport,1,4928,64.57910,16.83360
ESNX,AJR,Arvidsjaur Airport,Arvidsjaur,SE,SE-BD,EU,medium_airport,1,8201,65.59030,19.28190
ESNY,SOO,Söderhamn Airport,Söderhamn,SE,SE-X,EU,medium_airport,1,8281,61.26150,17.09910
ESNZ,OSD,Åre Östersund Airport,Östersund,SE,SE-Z,EU,medium_airport,1,8202,63.19355,14.50417
ESOE,ORB,Örebro Airport,Örebro,SE,SE-T,EU,medium_airport,1,10728,59.22370,15.03800
ESOK,KSD,Karlstad Airport,Karlstad,SE,SE-S,EU,medium_airport,2,8255,59.44470,13.33740
ESOW,VST,Stockholm Västerås Airport,Stockholm / Västerås,SE,SE-U,EU,large_airport,1,8468,59.58940,16.63360
ESPA,LLA,Luleå Airport,Luleå,SE,SE-BD,EU,large_airport,1,10990,65.54380,22.12200
ESSA,ARN,Stockholm-Arlanda Airport,Stockholm,SE,SE-AB,EU,large_airport,3,10830,59.64849,17.92883
ESSB,BMA,Stockholm-Bromma Airport,Stockholm,SE,SE-AB,EU,medium_airport,1,5472,59.35440,17.94170
ESSD,BLE,Dala Airport,Borlange,SE,SE-W,EU,medium_airport,1,7579,60.42200,15.51520
ESSL,LPI,Linköping City Airport,Linköping,SE,SE-E,EU,large_airport,1,7004,58.40491,15.68450
ESSP,NRK,Norrköping Airport,Norrköping,SE,SE-E,EU,medium_airport,2,7228,58.58630,16.25060
ESST,TYF,Torsby Airport,Torsby,SE,SE-S,EU,medium_airport,1,5219,60.15760,12.99130
ESSU,EKT,Eskilstuna Airport,Eskilstuna,SE,SE-D,EU,medium_airport,1,6187,59.35110,16.70840
ESSV,VBY,Visby Airport,Visby,SE,SE-I,EU,large_airport,2,6562,57.66280,18.34620
ESTA,AGH,Ängelholm-Helsingborg Airport,Ängelholm,SE,SE-M,EU,medium_airport,1,6381,56.29610,12.84710
ESTL,,Ljungbyhed Airfield,Ljungbyhed,SE,SE-M,EU,medium_airport,2,7449,56.08280,13.21250
ESUD,SQO,Storuman Airport,Storuman,SE,SE-AC,EU,medium_airport,1,7490,64.96090,17.69660
ETAD,SPM,Spangdahlem Air Base,Trier,DE,DE-RP,EU,medium_airport,1,10007,49.97651,6.69841
ETAR,RMS,Ramstein Air Base,Ramstein-Miesenbach,DE,DE-RP,EU,medium_airport,2,10498,49.43690,7.60028
ETHB,,Bückeburg Air Base,Bückeburg,DE,DE-NI,EU,medium_airport,1,6010,52.27850,9.08217
ETHC,,Celle Army Airfield,Celle,DE,DE-NI,EU,medium_airport,1,6007,52.59120,10.02210
ETHF,FRZ,Fritzlar Army Airfield,Fritzlar,DE,DE-HE,EU,medium_airport,1,3413,51.11460,9.28600
ETHL,,Laupheim Air Base,Laupheim,DE,DE-BW,EU,medium_airport,3,5400,48.22030,9.91002
ETHN,,Niederstetten Army Air Base,Niederstetten,DE,DE-BW,EU,medium_airport,1,3320,49.39162,9.95675
ETHS,,Faßberg Air Base,Faßberg,DE,DE-NI,EU,medium_airport,3,8005,52.91940,10.18583
ETIC,,Grafenwöhr Army Air Field,Grafenwöhr,DE,DE-BY,EU,medium_airport,1,3300,49.69870,11.94020
ETIH,,Hohenfels Army Airfield,Hohenfels,DE,DE-BY,EU,medium_airport,1,2187,49.21654,11.83606
ETMN,FCN,Sea-Airport Cuxhaven/Nordholz / Nordholz Naval Airbase,Wurster Nordseeküste,DE,DE-NI,EU,medium_airport,1,8002,53.76769,8.65920
ETND,,Diepholz Air Base,Diepholz,DE,DE-NI,EU,medium_airport,1,4209,52.58556,8.34222
ETNG,GKE,Geilenkirchen Air Base,Geilenkirchen,DE,DE-NW,EU,medium_airport,1,10009,50.96080,6.04242
ETNH,,Hohn Air Base,Hohn,DE,DE-SH,EU,medium_airport,1,8005,54.31220,9.53817
ETNL,RLG,Rostock-Laage Airport,Laage,DE,DE-MV,EU,medium_airport,1,8202,53.91820,12.27830
ETNN,,Nörvenich Air Base,Nörvenich,DE,DE-NW,EU,medium_airport,1,8003,50.83120,6.65817
ETNS,WBG,Schleswig Air Base,Jagel,DE,DE-SH,EU,medium_airport,2,8003,54.45930,9.51633
ETNT,,Wittmundhafen Air Base,Wittmund,DE,DE-NI,EU,medium_airport,1,8005,53.54780,7.66733
ETNW,,Wunstorf Air Base,,DE,DE-NI,EU,medium_airport,3,8199,52.45730,9.42717
ETOU,WIE,Wiesbaden Army Airfield,Wiesbaden,DE,DE-HE,EU,medium_airport,1,7065,50.04980,8.32540
ETSB,,Büchel Air Base,Alflen,DE,DE-RP,EU,medium_airport,1,8225,50.17380,7.06333
ETSH,,Holzdorf Air Base,Holzdorf,DE,DE-BR,EU,medium_airport,1,7936,51.76780,13.16770
ETSI,IGS,Ingolstadt Manching Airport,Manching,DE,DE-BY,EU,medium_airport,2,9646,48.71570,11.53400
ETSL,,Lechfeld Air Base,Graben,DE,DE-BY,EU,medium_airport,1,8012,48.18550,10.86120
ETSN,,Neuburg Air Base,Neuburg an der Donau,DE,DE-BY,EU,medium_airport,1,8005,48.71100,11.21150
EVJA,,Jūrmala Airport,Tukums,LV,LV-099,EU,medium_airport,0,,56.94220,23.22390
EVKA,,Jēkabpils Air Base,Jēkabpils,LV,LV-042,EU,medium_airport,1,2361,56.53470,25.89250
EVLA,LPX,Liepāja International Airport,Liepāja,LV,LV-112,EU,large_airport,1,6568,56.51750,21.09690
EVRA,RIX,Riga International Airport,Riga,LV,LV-062,EU,large_airport,1,10499,56.92075,23.97071
EYKA,KUN,Kaunas International Airport,Kaunas,LT,LT-KU,EU,large_airport,1,10663,54.96397,24.08582
EYKD,,Kėdainiai Air Base,Kėdainiai,LT,LT-KU,EU,medium_airport,1,6562,55.31170,23.95640
EYPA,PLQ,Palanga International Airport,Palanga,LT,LT-KL,EU,large_airport,1,7480,55.97320,21.09390
EYPP,PNV,Panevėžys Air Base,Panevėžys,LT,LT-PN,EU,medium_airport,1,6562,55.72940,24.46080
EYSA,SQQ,Šiauliai International Airport,Šiauliai,LT,LT-SA,EU,medium_airport,2,11483,55.89390,23.39500
EYSB,,Barysiai Airfield,Šiauliai,LT,LT-SA,EU,medium_airport,1,3281,56.07060,23.55810
EYVI,VNO,Vilnius International Airport,Vilnius,LT,LT-VL,EU,large_airport,1,8251,54.63410,25.28580
FAAB,ALJ,Alexander Bay Airport,Alexander Bay,ZA,ZA-NC,AF,medium_airport,3,6063,-28.57500,16.53330
FAAG,AGZ,Aggeneys Airport,Aggeneys,ZA,ZA-NC,AF,medium_airport,1,6824,-29.28180,18.81390
FABE,BIY,Bisho Airport,Bisho,ZA,ZA-EC,AF,medium_airport,1,8202,-32.89710,27.27910
FABL,BFN,Bram Fischer International Airport,Bloemfontein,ZA,ZA-FS,AF,large_airport,2,8396,-29.09270,26.30240
FABR,,Barberton Airport,Umjindi (Barberton),ZA,ZA-MP,AF,medium_airport,1,3300,-25.71715,30.97497
FACT,CPT,Cape Town International Airport,Cape Town,ZA,ZA-WC,AF,large_airport,2,10502,-33.97403,18.60433
FAEL,ELS,King Phalo Airport,East London,ZA,ZA-EC,AF,large_airport,2,6362,-33.03560,27.82590
FAEO,,Ermelo Airport,Ermelo,ZA,ZA-MP,AF,medium_airport,1,5085,-26.49560,29.97980
FAFB,FCB,Ficksburg Sentraoes Airport,Ficksburg,ZA,ZA-FS,AF,medium_airport,1,4593,-28.82310,27.90890
FAGC,GCJ,Grand Central Airport,Midrand,ZA,ZA-GT,AF,medium_airport,1,6004,-25.98630,28.14010
FAGG,GRJ,George Airport,George,ZA,ZA-WC,AF,large_airport,1,6562,-34.00560,22.37890
FAGM,QRA,Rand Airport,Johannesburg,ZA,ZA-GT,AF,medium_airport,2,5617,-26.24250,28.15120
FAHR,HRS,Harrismith Airport,Harrismith,ZA,ZA-FS,AF,medium_airport,1,3937,-28.23510,29.10620
FAKD,KXE,P C Pelser Airport,Klerksdorp,ZA,ZA-NW,AF,medium_airport,3,4921,-26.87110,26.71800
FAKM,KIM,Kimberley Airport,Kimberley,ZA,ZA-NC,AF,large_airport,2,9843,-28.80540,24.76487
FAKN,MQP,Kruger Mpumalanga International Airport,Mbombela,ZA,ZA-MP,AF,large_airport,1,10171,-25.38333,31.10533
FAKU,KMH,Johan Pienaar Airport,Kuruman,ZA,ZA-NC,AF,medium_airport,1,5578,-27.45660,23.41195
FAKZ,KLZ,Kleinsee Airport,Kleinsee,ZA,ZA-NC,AF,medium_airport,1,4921,-29.68840,17.09400
FALA,HLA,Lanseria International Airport,Johannesburg,ZA,ZA-GT,AF,large_airport,1,9996,-25.93896,27.92664
FALC,LMR,Lime Acres Finsch Mine Airport,Lime Acres,ZA,ZA-NC,AF,medium_airport,1,5249,-28.36010,23.43910
FALE,DUR,King Shaka International Airport,Durban,ZA,ZA-NL,AF,large_airport,1,12139,-29.61444,31.11972
FALW,SDB,Langebaanweg Airport,Langebaanweg,ZA,ZA-WC,AF,medium_airport,4,7689,-32.96890,18.16030
FALY,LAY,Ladysmith Airport,Ladysmith,ZA,ZA-NL,AF,medium_airport,1,3937,-28.58170,29.74970
FAMD,AAM,Malamala Airport,Malamala,ZA,ZA-MP,AF,medium_airport,1,4145,-24.81687,31.54408
FAMG,MGH,Margate Airport,Margate,ZA,ZA-NL,AF,medium_airport,1,4495,-30.85740,30.34300
FAMM,MBD,Mmabatho International Airport,Mafeking,ZA,ZA-NW,AF,medium_airport,1,15157,-25.79840,25.54800
FAMS,,Morningside Farm Airport,Silveroaks,ZA,ZA-NW,AF,medium_airport,1,5046,-25.70450,26.90900
FAMU,MZQ,Mkuze Airport,Mkuze,ZA,ZA-NL,AF,medium_airport,1,6070,-27.62610,32.04430
FANC,NCS,Newcastle Airport,Newcastle,ZA,ZA-NL,AF,medium_airport,1,4921,-27.77060,29.97690
FAOH,OUH,Oudtshoorn Airport,Oudtshoorn,ZA,ZA-WC,AF,medium_airport,1,5577,-33.60700,22.18900
FAOR,JNB,O.R. Tambo International Airport,Johannesburg,ZA,ZA-GT,AF,large_airport,2,14495,-26.14008,28.24680
FAPE,PLZ,Chief Dawid Stuurman International Airport,Gqeberha (Port Elizabeth),ZA,ZA-EC,AF,large_airport,2,7087,-33.98971,25.61735
FAPG,PBZ,Plettenberg Bay Airport,Plettenberg Bay,ZA,ZA-WC,AF,medium_airport,1,4003,-34.08816,23.32872
FAPH,PHW,Hendrik Van Eck Airport,Phalaborwa,ZA,ZA-NP,AF,medium_airport,1,4491,-23.93720,31.15540
FAPI,,Pietersburg Municipal Airport,Polokwane,ZA,ZA-NP,AF,medium_airport,1,7218,-23.92610,29.48440
FAPJ,JOH,Port St Johns Airport,Port St Johns,ZA,ZA-EC,AF,medium_airport,1,3610,-31.60612,29.52175
FAPM,PZB,Pietermaritzburg Airport,Pietermaritzburg,ZA,ZA-NL,AF,medium_airport,1,5043,-29.64900,30.39870
FAPN,NTY,Pilanesberg International Airport,Pilanesberg,ZA,ZA-NW,AF,medium_airport,1,9022,-25.33380,27.17340
FAPP,PTG,Polokwane International Airport,Polokwane,ZA,ZA-NP,AF,large_airport,2,8400,-23.84527,29.45862
FAPS,PCF,Potchefstroom Airport,Potchefstroom,ZA,ZA-NW,AF,medium_airport,2,4885,-26.67100,27.08190
FAQT,UTW,Queenstown Airport,Queenstown,ZA,ZA-EC,AF,medium_airport,1,3937,-31.92020,26.88220
FARB,RCB,Richards Bay Airport,Richards Bay,ZA,ZA-NL,AF,medium_airport,1,4265,-28.74100,32.09210
FARG,,Rustenburg Airport,Rustenburg,ZA,ZA-NW,AF,medium_airport,1,4019,-25.64430,27.27110
FARS,ROD,Robertson Airport,Robertson,ZA,ZA-WC,AF,medium_airport,2,4921,-33.81220,19.90280
FASB,SBU,Springbok Airport,Springbok,ZA,ZA-NC,AF,medium_airport,1,5213,-29.68930,17.93960
FASC,ZEC,Secunda Airport,Secunda,ZA,ZA-MP,AF,medium_airport,1,3609,-26.52410,29.17010
FASD,,Saldanha/Vredenburg Airport,Saldanha-Vredenburg,ZA,ZA-WC,AF,medium_airport,1,4665,-32.96410,17.96930
FASK,,Swartkop Air Force Base,Pretoria,ZA,ZA-GT,AF,medium_airport,2,6589,-25.80970,28.16460
FASS,SIS,Sishen Airport,Sishen,ZA,ZA-NC,AF,medium_airport,1,5709,-27.64860,22.99930
FASZ,SZK,Skukuza Airport,Skukuza,ZA,ZA-MP,AF,medium_airport,1,5085,-24.96085,31.58859
FATZ,LTA,Tzaneen Airport,Tzaneen,ZA,ZA-NP,AF,medium_airport,1,4659,-23.82440,30.32930
FAUL,ULD,Prince Mangosuthu Buthelezi Airport,Ulundi,ZA,ZA-NL,AF,medium_airport,1,5381,-28.32060,31.41650
FAUP,UTN,Upington Airport,Upington,ZA,ZA-NC,AF,medium_airport,3,16076,-28.40025,21.26359
FAUT,UTT,K. D. Matanzima Airport,Mthatha,ZA,ZA-EC,AF,medium_airport,2,8530,-31.54636,28.67336
FAVB,VRU,Vryburg Airport,Vryburg,ZA,ZA-NW,AF,medium_airport,1,3937,-26.98240,24.72880
FAVG,VIR,Virginia Airport,Durban,ZA,ZA-NL,AF,medium_airport,1,3035,-29.77060,31.05840
FAVR,VRE,Vredendal Airport,Vredendal,ZA,ZA-WC,AF,medium_airport,1,4265,-31.64100,18.54480
FAVV,,Vereeniging Airport,Vereeniging,ZA,ZA-GT,AF,medium_airport,2,5266,-26.56640,27.96080
FAWB,PRY,Wonderboom Airport,Pretoria,ZA,ZA-GT,AF,medium_airport,2,5998,-25.65390,28.22420
FAWK,WKF,Waterkloof Air Force Base,Pretoria,ZA,ZA-GT,AF,medium_airport,2,11001,-25.83000,28.22250
FAYP,,Ysterplaat Air Force Base,Cape Town,ZA,ZA-WC,AF,medium_airport,1,5200,-33.90020,18.49830
FBJW,JWA,Jwaneng Airport,Jwaneng,BW,BW-JW,AF,medium_airport,1,5495,-24.60230,24.69100
FBKE,BBK,Kasane International Airport,Kasane,BW,BW-CH,AF,large_airport,1,6562,-17.83165,25.16619
FBMN,MUB,Maun International Airport,Maun,BW,BW-NW,AF,large_airport,1,6562,-19.97049,23.43141
FBPM,FRW,Phillip Gaonwe Matante International Airport,Francistown,BW,BW-FR,AF,large_airport,0,,-21.15918,27.46883
FBSK,GBE,Sir Seretse Khama International Airport,Gaborone,BW,BW-GA,AF,large_airport,1,13123,-24.55520,25.91820
FBSN,SXN,Sua Pan Airport,Sowa,BW,BW-ST,AF,medium_airport,1,5381,-20.55340,26.11580
FBSP,PKW,Selebi Phikwe Airport,Selebi Phikwe,BW,BW-SP,AF,medium_airport,1,5840,-22.05830,27.82880
FCBB,BZV,Maya-Maya International Airport,Brazzaville,CG,CG-12,AF,large_airport,1,10827,-4.25170,15.25300
FCOD,OLL,Oyo Ollombo Airport,Oyo,CG,CG-14,AF,medium_airport,1,10827,-1.22667,15.91000
FCOO,FTX,Owando Airport,Owando,CG,CG-8,AF,medium_airport,1,5905,-0.52457,15.93782
FCOU,OUE,Ouesso Airport,,CG,CG-13,AF,medium_airport,1,6726,1.61599,16.03790
FCPD,DIS,Ngot Nzoungou Airport,Dolisie,CG,CG-9,AF,medium_airport,0,,-4.20635,12.65990
FCPP,PNR,Antonio Agostinho-Neto International Airport,Pointe Noire,CG,CG-5,AF,large_airport,1,8530,-4.81603,11.88660
FDMS,MTS,Matsapha International Airport,Manzini,SZ,SZ-MA,AF,medium_airport,1,8530,-26.52892,31.30758
FDSK,SHO,King Mswati III International Airport,Mpaka,SZ,SZ-LU,AF,large_airport,1,11811,-26.35861,31.71694
FEFF,BGF,Bangui M'Poko International Airport,Bangui,CF,CF-MP,AF,large_airport,1,8530,4.39848,18.51880
FEFT,BBT,Berbérati Airport,Berbérati,CF,CF-HS,AF,medium_airport,1,5446,4.22158,15.78640
FGBT,BSG,Bata International Airport,Bata,GQ,GQ-LI,AF,large_airport,1,10860,1.90547,9.80568
FGCO,OCS,Corisco International Airport,Corisco Island,GQ,GQ-LI,AF,large_airport,0,,0.91094,9.33027
FGMY,GEM,President Obiang Nguema International Airport,Mengomeyén,GQ,GQ-WN,AF,medium_airport,1,9843,1.67644,11.02490
FGSL,SSG,Malabo International Airport,Malabo,GQ,GQ-BN,AF,large_airport,1,9647,3.75527,8.70872
FHAW,ASI,RAF Ascension Island,Cat Hill,SH,SH-AC,AF,medium_airport,1,10019,-7.97018,-14.39274
FHSH,HLE,Saint Helena International Airport,Jamestown,SH,SH-SH,AF,medium_airport,1,6398,-15.95890,-5.64607
FIMP,MRU,Sir Seewoosagur Ramgoolam International Airport,Plaine Magnien,MU,MU-GP,AF,large_airport,1,11056,-20.43020,57.68360
FIMR,RRG,Sir Charles Gaetan Duval Airport,Port Mathurin,MU,MU-RO,AF,medium_airport,1,4223,-19.75670,63.35933
FJDG,NKW,Naval Support Facility Diego Garcia,Diego Garcia,IO,IO-U-A,AS,medium_airport,1,12003,-7.31327,72.41110
FKKC,TKC,Tiko Airport,Tiko,CM,CM-SW,AF,medium_airport,1,4512,4.08919,9.36053
FKKD,DLA,Douala International Airport,Douala,CM,CM-LT,AF,large_airport,1,9350,4.00608,9.71948
FKKL,MVR,Salak Airport,Maroua,CM,CM-EN,AF,medium_airport,1,6890,10.45140,14.25740
FKKM,FOM,Foumban Nkounja Airport,Foumban,CM,CM-OU,AF,medium_airport,1,6889,5.63692,10.75080
FKKN,NGE,N'Gaoundéré Airport,N'Gaoundéré,CM,CM-AD,AF,medium_airport,1,8858,7.35701,13.55920
FKKR,GOU,Garoua International Airport,Garoua,CM,CM-NO,AF,large_airport,1,11032,9.33479,13.37213
FKKU,BFX,Bafoussam Airport,Bafoussam,CM,CM-OU,AF,medium_airport,1,8203,5.53692,10.35460
FKKV,BPC,Bamenda Airport,Bamenda,CM,CM-NW,AF,medium_airport,1,8202,6.03924,10.12260
FKKY,YAO,Yaoundé Ville Airport,Yaoundé,CM,CM-CE,AF,medium_airport,1,6519,3.83604,11.52350
FKYS,NSI,Yaoundé Nsimalen International Airport,Yaoundé,CM,CM-CE,AF,large_airport,1,11155,3.72256,11.55330
FLHN,LVI,Harry Mwanga Nkumbula International Airport,Livingstone,ZM,ZM-07,AF,large_airport,0,,-17.82152,25.81964
FLKE,CGJ,Kasompe Airport,Chingola,ZM,ZM-08,AF,medium_airport,1,4698,-12.57280,27.89390
FLKK,LUN,Kenneth Kaunda International Airport,Lusaka,ZM,ZM-09,AF,large_airport,0,,-15.33083,28.45272
FLLC,,Lusaka City Airport,Lusaka,ZM,ZM-09,AF,medium_airport,1,6594,-15.41380,28.33070
FLMF,MFU,Mfuwe International Airport,Mfuwe,ZM,ZM-03,AF,large_airport,1,7349,-13.25890,31.93660
FLMG,MNR,Mongu Airport,Mongu,ZM,ZM-01,AF,medium_airport,1,4800,-15.25450,23.16230
FLND,,Peter Zuze Air Force Base,Ndola,ZM,ZM-08,AF,medium_airport,2,8250,-12.99722,28.66389
FLSK,NLA,Simon Mwansa Kapwepwe International Airport,Ndola,ZM,ZM-08,AF,large_airport,1,11483,-12.96513,28.51562
FLSO,KIW,Southdowns Airport,Kitwe,ZM,ZM-08,AF,medium_airport,1,6562,-12.90050,28.14990
FMCH,HAH,Prince Said Ibrahim International Airport,Moroni,KM,KM-G,AF,large_airport,1,9514,-11.53370,43.27190
FMCI,NWA,Mohéli Bandar Es Eslam Airport,Fomboni,KM,KM-M,AF,medium_airport,1,4265,-12.29810,43.76650
FMCV,AJN,Ouani Airport,Ouani,KM,KM-A,AF,medium_airport,1,4429,-12.13105,44.43004
FMCZ,DZA,Dzaoudzi Pamandzi International Airport,Dzaoudzi,YT,YT-U-A,AF,large_airport,1,6330,-12.80932,45.28182
FMEE,RUN,Roland Garros Airport,Sainte-Marie,RE,RE-SD,AF,large_airport,2,10499,-20.89009,55.51889
FMEP,ZSE,Saint-Pierre Pierrefonds Airport,Saint-Pierre,RE,RE-SR,AF,large_airport,1,7000,-21.31936,55.42251
FMMI,TNR,Ivato International Airport,Antananarivo,MG,MG-T,AF,large_airport,1,10171,-18.79690,47.47880
FMMN,ZVA,Miandrivazo Airport,Miandrivazo,MG,MG-U,AF,medium_airport,1,3609,-19.56280,45.45080
FMMS,SMS,Sainte Marie Airport,Vohilava,MG,MG-A,AF,medium_airport,1,3451,-17.09390,49.81580
FMMT,TMM,Toamasina Ambalamanasy Airport,Toamasina,MG,MG-A,AF,large_airport,1,7218,-18.11354,49.39226
FMMV,MOQ,Morondava Airport,Morondava,MG,MG-U,AF,medium_airport,2,4921,-20.28470,44.31760
FMNA,DIE,Arrachart Airport,Antisiranana,MG,MG-D,AF,medium_airport,1,4921,-12.34940,49.29170
FMNC,WMR,Mananara Nord Airport,Mananara Nord,MG,MG-A,AF,medium_airport,1,4101,-16.16390,49.77380
FMND,ZWA,Andapa Airport,,MG,MG-D,AF,medium_airport,1,4153,-14.65170,49.62060
FMNH,ANM,Antsirabe Airport,Antsirabe,MG,MG-D,AF,medium_airport,1,3914,-14.99940,50.32020
FMNL,HVA,Analalava Airport,Analalava,MG,MG-M,AF,medium_airport,1,3937,-14.62951,47.76355
FMNM,MJN,Amborovy Airport,Mahajanga,MG,MG-M,AF,large_airport,1,7218,-15.66684,46.35123
FMNN,NOS,Nosy Be International Airport,Nosy Be,MG,MG-D,AF,large_airport,1,7185,-13.31210,48.31480
FMNQ,BPY,Besalampy Airport,Besalampy,MG,MG-M,AF,medium_airport,1,4046,-16.74453,44.48248
FMNR,WMN,Maroantsetra Airport,Maroantsetra,MG,MG-A,AF,medium_airport,1,4265,-15.43774,49.68908
FMNS,SVB,Sambava Airport,Sambava,MG,MG-D,AF,medium_airport,1,4577,-14.27860,50.17470
FMNV,VOH,Vohemar Airport,Vohemar,MG,MG-D,AF,medium_airport,1,4236,-13.37580,50.00280
FMNW,WAI,Ambalabe Airport,Antsohihy,MG,MG-M,AF,medium_airport,1,4921,-14.89880,47.99390
FMSD,FTU,Tôlanaro Airport,Tôlanaro,MG,MG-U,AF,medium_airport,1,5280,-25.03810,46.95610
FMSF,WFI,Fianarantsoa Airport,Fianarantsoa,MG,MG-F,AF,medium_airport,1,4101,-21.44160,47.11170
FMSK,WVK,Manakara Airport,Manakara,MG,MG-F,AF,medium_airport,1,3886,-22.11970,48.02170
FMSM,MNJ,Mananjary Airport,Mananjary,MG,MG-F,AF,medium_airport,1,4921,-21.20180,48.35830
FMSR,MXM,Morombe Airport,Morombe,MG,MG-U,AF,medium_airport,1,4265,-21.75384,43.37475
FMST,TLE,Toliara Airport,Toliara,MG,MG-U,AF,medium_airport,2,6562,-23.38340,43.72850
FNBC,SSY,Mbanza Congo Airport,Mbanza Congo,AO,AO-ZAI,AF,medium_airport,1,5905,-6.26990,14.24700
FNBG,BUG,Benguela Airport,Benguela,AO,AO-BGU,AF,medium_airport,1,5315,-12.60900,13.40370
FNBJ,NBJ,Dr. Antonio Agostinho Neto International Airport,Luanda (Ícolo e Bengo),AO,AO-LUA,AF,large_airport,2,13123,-9.05073,13.49908
FNCA,CAB,Cabinda Airport,Cabinda,AO,AO-CAB,AF,medium_airport,1,8202,-5.59839,12.18815
FNCT,CBT,Catumbela Airport,Catumbela,AO,AO-BGU,AF,medium_airport,1,12139,-12.47920,13.48690
FNDU,DUE,Dundo Airport,Chitato,AO,AO-LNO,AF,medium_airport,1,6468,-7.40089,20.81850
FNGI,VPE,Ngjiva Pereira Airport,Ngiva,AO,AO-CNN,AF,medium_airport,1,10640,-17.04350,15.68380
FNHU,NOV,Albano Machado Airport,Huambo,AO,AO-HUA,AF,medium_airport,2,8727,-12.80890,15.76050
FNKU,SVP,Kuito Airport,Kuito,AO,AO-BIE,AF,medium_airport,1,8202,-12.40460,16.94740
FNLU,LAD,Quatro de Fevereiro International Airport,Luanda,AO,AO-LUA,AF,large_airport,2,12190,-8.85837,13.23120
FNMA,MEG,Malanje Airport,Malanje,AO,AO-MAL,AF,medium_airport,1,7283,-9.52509,16.31240
FNME,SPP,Menongue Airport,Menongue,AO,AO-CCU,AF,medium_airport,1,11483,-14.65760,17.71980
FNMO,MSZ,Welwitschia Mirabilis International Airport,Moçâmedes,AO,AO-NAM,AF,medium_airport,1,8202,-15.26120,12.14680
FNNG,GXG,Negage Airport,Negage,AO,AO-UIG,AF,medium_airport,1,7874,-7.75451,15.28770
FNPA,PBN,Porto Amboim Airport,Port Amboim,AO,AO-CUS,AF,medium_airport,1,3379,-10.72200,13.76550
FNSA,VHC,Saurimo Airport,Saurimo,AO,AO-LSU,AF,medium_airport,1,11155,-9.68907,20.43190
FNSO,SZA,Soyo Airport,Soyo,AO,AO-ZAI,AF,medium_airport,1,5905,-6.14109,12.37180
FNSU,NDD,Sumbe Airport,Sumbe,AO,AO-CUS,AF,medium_airport,1,3115,-11.16790,13.84750
FNUB,SDD,Lubango Mukanka International Airport,Lubango,AO,AO-HUI,AF,medium_airport,1,10335,-14.92484,13.57665
FNUE,LUO,Luena Airport,Luena,AO,AO-MOX,AF,medium_airport,1,7875,-11.76810,19.89770
FNUG,UGO,Uige Airport,Uige,AO,AO-UIG,AF,medium_airport,1,6562,-7.60307,15.02780
FNXA,XGN,Xangongo Airport,Xangongo,AO,AO-CNN,AF,medium_airport,1,7400,-16.75540,14.96530
FOGK,KOU,Koulamoutou Mabimbi Airport,Koulamoutou,GA,GA-7,AF,medium_airport,1,5841,-1.18461,12.44130
FOGM,MJL,Mouilla Ville Airport,Mouila,GA,GA-4,AF,medium_airport,1,5891,-1.84514,11.05670
FOGO,OYE,Oyem Airport,Oyem,GA,GA-9,AF,medium_airport,1,5906,1.54311,11.58140
FOGQ,OKN,Okondja Airport,Okondja,GA,GA-2,AF,medium_airport,1,4921,-0.66521,13.67310
FOGR,LBQ,Lambarene Airport,Lambarene,GA,GA-3,AF,medium_airport,2,7555,-0.70439,10.24570
FOOB,BMM,Bitam Airport,Bitam,GA,GA-9,AF,medium_airport,1,5726,2.07564,11.49320
FOOG,POG,Port Gentil International Airport,Port Gentil,GA,GA-8,AF,large_airport,1,6234,-0.71174,8.75438
FOOH,OMB,Omboue Hospital Airport,Omboue,GA,GA-8,AF,medium_airport,1,5285,-1.57473,9.26269
FOOK,MKU,Makokou Airport,Makokou,GA,GA-6,AF,medium_airport,1,5892,0.57921,12.89090
FOOL,LBV,Libreville Leon M'ba International Airport,Libreville,GA,GA-1,AF,large_airport,1,9844,0.45895,9.41214
FOON,MVB,M'Vengue El Hadj Omar Bongo Ondimba International Airport,Franceville,GA,GA-2,AF,medium_airport,1,10105,-1.65616,13.43800
FPPR,PCP,Principe Airport,São Tomé & Príncipe,ST,ST-P,AF,medium_airport,1,4331,1.66115,7.41108
FPST,TMS,São Tomé International Airport,São Tomé,ST,ST-01,AF,large_airport,1,7283,0.37817,6.71215
FQBR,BEW,Beira International Airport,Beira,MZ,MZ-S,AF,large_airport,1,7874,-19.79640,34.90760
FQCH,VPY,Chimoio Airport,Chimoio,MZ,MZ-B,AF,medium_airport,1,7874,-19.15130,33.42900
FQIN,INH,Inhambane Airport,Inhambane,MZ,MZ-I,AF,medium_airport,2,4921,-23.87640,35.40850
FQLC,VXC,Lichinga Airport,Lichinga,MZ,MZ-A,AF,medium_airport,1,8300,-13.27400,35.26630
FQMA,MPM,Maputo Airport,Maputo,MZ,MZ-MPM,AF,large_airport,2,12008,-25.92080,32.57260
FQMD,MUD,Mueda Airport,Mueda,MZ,MZ-P,AF,medium_airport,1,7714,-11.67290,39.56310
FQMP,MZB,Mocímboa da Praia Airport,Mocímboa da Praia,MZ,MZ-P,AF,medium_airport,1,6562,-11.36180,40.35490
FQNC,MNC,Nacala International Airport,Nacala,MZ,MZ-N,AF,medium_airport,1,10171,-14.48820,40.71220
FQNP,APL,Nampula Airport,Nampula,MZ,MZ-N,AF,large_airport,2,6562,-15.10560,39.28180
FQPB,POL,Pemba Airport,Pemba,MZ,MZ-P,AF,medium_airport,1,5905,-12.99330,40.52487
FQQL,UEL,Quelimane Airport,Quelimane,MZ,MZ-Q,AF,medium_airport,1,5905,-17.85550,36.86910
FQTT,TET,Tete Airport,Tete,MZ,MZ-T,AF,large_airport,1,8225,-16.10480,33.64020
FQVL,VNX,Vilankulo Airport,Vilanculo,MZ,MZ-I,AF,medium_airport,2,4823,-22.01840,35.31330
FSIA,SEZ,Seychelles International Airport,Victoria,SC,SC-20,AF,large_airport,1,9800,-4.67434,55.52180
FSPP,PRI,Praslin Island Airport,Praslin Island,SC,SC-14,AF,medium_airport,1,4318,-4.31926,55.69156
FTFY,,Ouadi Doum Air Base,Wadi Doum,TD,TD-EO,AF,medium_airport,0,,18.52793,20.18864
FTTC,AEH,Abeche Airport,Abeche,TD,TD-OD,AF,medium_airport,1,9186,13.84700,20.84430
FTTD,MQQ,Moundou Airport,Moundou,TD,TD-LO,AF,medium_airport,1,5906,8.62850,16.07424
FTTJ,NDJ,N'Djamena International Airport,N'Djamena,TD,TD-ND,AF,large_airport,1,9186,12.13370,15.03400
FTTY,FYT,Faya-Largeau Airport,Faya-Largeau,TD,TD-BO,AF,medium_airport,1,9186,17.91710,19.11110
FVCZ,BFO,Buffalo Range Airport,Chiredzi,ZW,ZW-MV,AF,medium_airport,1,5785,-21.00810,31.57860
FVFA,VFA,Victoria Falls International Airport,Victoria Falls,ZW,ZW-MN,AF,large_airport,1,13123,-18.09744,25.83687
FVJN,BUQ,Joshua Mqabuko Nkomo International Airport,Bulawayo,ZW,ZW-BU,AF,large_airport,0,,-20.01628,28.62290
FVKB,KAB,Kariba Airport,Kariba,ZW,ZW-MW,AF,medium_airport,1,5413,-16.51980,28.88500
FVMT,,Mutoko Airport,Mutoko,ZW,ZW-ME,AF,medium_airport,1,3609,-17.43190,32.18450
FVMV,MVZ,Masvingo International Airport,Masvingo,ZW,ZW-MV,AF,medium_airport,2,5663,-20.05530,30.85910
FVRG,HRE,Robert Gabriel Mugabe International Airport,Harare,ZW,ZW-HA,AF,large_airport,0,,-17.93180,31.09280
FVTL,GWE,Josiah Tungamirai Air Force Base,Gweru,ZW,ZW-MI,AF,medium_airport,1,8766,-19.43672,29.86194
FVWN,HWN,Hwange National Park Airport,Gwayi River Farms,ZW,ZW-MN,AF,medium_airport,1,15091,-18.62990,27.02100
FWCL,BLZ,Chileka International Airport,Blantyre,MW,MW-BL,AF,large_airport,2,7628,-15.67719,34.97232
FWDW,DWA,Dwangwa Airport,Dwangwa,MW,MW-NK,AF,medium_airport,1,3980,-12.51753,34.13188
FWKA,KGJ,Karonga Airport,Karonga,MW,MW-KR,AF,medium_airport,1,4200,-9.95357,33.89326
FWKI,LLW,Kamuzu International Airport,Lumbadzi,MW,MW-LI,AF,large_airport,1,11614,-13.78940,33.78100
FWUU,ZZU,Mzuzu Airport,Mzuzu,MW,MW-MZ,AF,medium_airport,1,4291,-11.44470,34.01180
FXMM,MSU,Moshoeshoe I International Airport,Maseru(Mazenod),LS,LS-A,AF,large_airport,2,10498,-29.45628,27.55446
FYAR,ADI,Arandis Airport,Arandis,NA,NA-ER,AF,medium_airport,1,6300,-22.46187,14.97932
FYGF,GFY,Grootfontein Airport,Grootfontein,NA,NA-OD,AF,medium_airport,2,11680,-19.60220,18.12270
FYKM,MPA,Katima Mulilo Airport,Mpacha,NA,NA-CA,AF,medium_airport,1,7520,-17.63426,24.17669
FYKT,KMP,Keetmanshoop Airport,Keetmanshoop,NA,NA-KA,AF,medium_airport,2,7598,-26.53980,18.11140
FYLZ,LUD,Luderitz Airport,Luderitz,NA,NA-KA,AF,medium_airport,2,6004,-26.68740,15.24290
FYML,,Mariental Airport,Mariental,NA,NA-HA,AF,medium_airport,2,6562,-24.60540,17.92540
FYOA,OND,Ondangwa Airport,Ondangwa,NA,NA-ON,AF,medium_airport,2,9800,-17.87820,15.95260
FYOG,OMD,Oranjemund Airport,Oranjemund,NA,NA-KA,AF,medium_airport,1,5252,-28.58532,16.44638
FYRU,NDU,Rundu Airport,Rundu,NA,NA-KE,AF,medium_airport,1,11004,-17.95650,19.71940
FYTF,,Twyfelfontein Airport,Twyfelfontein,NA,NA-KU,AF,medium_airport,1,6550,-20.54424,14.35879
FYTM,TSB,Tsumeb Airport,Tsumeb,NA,NA-OT,AF,medium_airport,1,4823,-19.26208,17.73251
FYWB,WVB,Walvis Bay International Airport,Walvis Bay(Rooikop),NA,NA-ER,AF,large_airport,1,11483,-22.97933,14.64710
FYWE,ERS,Eros Airport,Windhoek,NA,NA-KH,AF,medium_airport,2,7381,-22.60492,17.07900
FYWH,WDH,Hosea Kutako International Airport,Windhoek,NA,NA-KH,AF,large_airport,2,15010,-22.47990,17.47090
FZAA,FIH,Ndjili International Airport,Kinshasa,CD,CD-KN,AF,large_airport,1,13123,-4.38575,15.44460
FZAB,NLO,Ndolo Airport,N'dolo,CD,CD-KN,AF,medium_airport,1,5526,-4.32666,15.32750
FZBO,FDU,Bandundu Airport,Bandundu,CD,CD-KL,AF,medium_airport,1,4528,-3.31132,17.38170
FZCA,KKW,Kikwit Airport,Kikwit,CD,CD-KL,AF,medium_airport,1,5151,-5.03577,18.78560
FZEA,MDK,Mbandaka Airport,Mbandaka,CD,CD-EQ,AF,medium_airport,1,7223,0.02260,18.28870
FZFD,BDT,Gbadolite Airport,Gbadolite,CD,CD-NU,AF,medium_airport,1,10499,4.25274,20.97527
FZFK,GMA,Gemena Airport,Gemena,CD,CD-SU,AF,medium_airport,1,6550,3.23537,19.77130
FZGA,LIQ,Lisala Airport,Lisala,CD,CD-MO,AF,medium_airport,1,7200,2.17066,21.49690
FZIC,FKI,Bangoka International Airport,Kisangani,CD,CD-TO,AF,large_airport,1,11483,0.48164,25.33800
FZJH,IRP,Matari Airport,Isiro,CD,CD-HU,AF,medium_airport,1,8202,2.82761,27.58830
FZKA,BUX,Bunia Airport,Bunia,CD,CD-IT,AF,medium_airport,1,8202,1.56574,30.22068
FZKJ,BZU,Buta Zega Airport,Buta,CD,CD-BU,AF,medium_airport,1,6890,2.81806,24.79400
FZMA,BKY,Bukavu Kavumu Airport,Kamakombe,CD,CD-SK,AF,medium_airport,1,6562,-2.30898,28.80880
FZNA,GOM,Goma International Airport,Goma,CD,CD-NK,AF,large_airport,1,9695,-1.66676,29.23804
FZOA,KND,Kindu Airport,Kindu,CD,CD-MA,AF,medium_airport,1,7218,-2.91918,25.91540
FZQA,FBM,Lubumbashi International Airport,Lubumbashi,CD,CD-HK,AF,large_airport,1,10623,-11.59149,27.53075
FZQM,KWZ,Kolwezi Airport,Kolwezi,CD,CD-LU,AF,medium_airport,1,5741,-10.76590,25.50570
FZRF,FMI,Kalemie Airport,Kalemie,CD,CD-TA,AF,medium_airport,1,5741,-5.87556,29.25000
FZSA,,Kamina Air Base,Lumwe,CD,CD-HL,AF,medium_airport,2,8858,-8.64202,25.25290
FZUA,KGA,Kananga Airport,Kananga,CD,CD-KC,AF,medium_airport,1,7218,-5.90005,22.46920
FZWA,MJM,Mbuji Mayi Airport,Mbuji Mayi,CD,CD-KE,AF,medium_airport,1,6558,-6.12124,23.56900
GABS,BKO,Modibo Keita International Airport,Bamako,ML,ML-2,AF,large_airport,1,10498,12.53350,-7.94994
GAGO,GAQ,Gao International Airport,Gao,ML,ML-7,AF,medium_airport,1,8202,16.24847,-0.00539
GAKD,KYS,Kayes Dag Dag Airport,Kayes,ML,ML-1,AF,medium_airport,0,,14.48252,-11.39934
GAMB,MZI,Mopti Airport,Sévaré,ML,ML-5,AF,medium_airport,1,8340,14.51280,-4.07956
GATB,TOM,Tombouktou Airport,Timbuktu,ML,ML-7,AF,large_airport,1,6923,16.73050,-3.00758
GBYD,BJL,Banjul International Airport,Banjul (Yundum),GM,GM-W,AF,large_airport,1,11811,13.33800,-16.65220
GCFV,FUE,Fuerteventura Airport,El Matorral,ES,ES-CN,AF,large_airport,1,11220,28.45270,-13.86380
GCHI,VDE,El Hierro Airport,El Hierro Island,ES,ES-CN,AF,medium_airport,1,4101,27.81480,-17.88710
GCLA,SPC,La Palma Airport,"Sta Cruz de la Palma, La Palma Island",ES,ES-CN,AF,medium_airport,1,7218,28.62650,-17.75560
GCLP,LPA,Gran Canaria Airport,Gran Canaria Island,ES,ES-CN,AF,large_airport,2,10171,27.93190,-15.38660
GCRR,ACE,César Manrique-Lanzarote Airport,San Bartolomé,ES,ES-CN,AF,large_airport,1,7874,28.94550,-13.60520
GCTS,TFS,Tenerife Sur Airport,Tenerife,ES,ES-CN,AF,large_airport,1,10499,28.04450,-16.57250
GCXO,TFN,Tenerife Norte-Ciudad de La Laguna Airport,Tenerife,ES,ES-CN,AF,large_airport,1,10404,28.48275,-16.34171
GEML,MLN,Melilla Airport,Melilla,ES,ES-ML,AF,medium_airport,1,4701,35.27980,-2.95626
GFBO,KBS,Bo Airport,Bo,SL,SL-S,AF,medium_airport,1,4003,7.94440,-11.76100
GFKE,KEN,Kenema Airport,Kenema,SL,SL-E,AF,medium_airport,1,3770,7.89636,-11.17413
GFLL,FNA,Lungi International Airport,Freetown (Lungi-Town),SL,SL-N,AF,large_airport,1,10498,8.61644,-13.19550
GFYE,WYE,Yengema Airport,Yengema,SL,SL-E,AF,medium_airport,1,3000,8.61047,-11.04540
GGOV,OXB,Osvaldo Vieira International Airport,Bissau,GW,GW-BS,AF,large_airport,1,10499,11.89426,-15.65360
GLGE,SNI,Greenville/Sinoe Airport,Greenville,LR,LR-SI,AF,medium_airport,0,,5.03212,-9.06424
GLMR,MLW,Spriggs Payne Airport,Monrovia,LR,LR-MO,AF,medium_airport,1,6000,6.28906,-10.75870
GLRB,ROB,Roberts International Airport,Monrovia,LR,LR-MG,AF,large_airport,1,11000,6.23379,-10.36230
GMAD,AGA,Al Massira Airport,Agadir (Temsia),MA,MA-09,AF,large_airport,1,10499,30.32248,-9.41200
GMAR,,Mahbes Airbase,,EH,EH-U-A,AF,medium_airport,0,,27.72698,-9.23786
GMAT,TTA,Tan Tan Airport,Tan Tan,MA,MA-10,AF,medium_airport,1,6562,28.44756,-11.16175
GMAZ,OZG,Zagora Airport,Zagora,MA,MA-08,AF,large_airport,0,,30.26579,-5.86081
GMFB,UAR,Bouarfa Airport,Bouarfa,MA,MA-02,AF,medium_airport,1,10499,32.51431,-1.98306
GMFF,FEZ,Fes Saïss International Airport,Saïss,MA,MA-03,AF,large_airport,1,10499,33.92730,-4.97796
GMFK,ERH,Moulay Ali Cherif Airport,Errachidia,MA,MA-08,AF,medium_airport,1,10499,31.94750,-4.39833
GMFM,MEK,Bassatine Airport,Meknes,MA,MA-03,AF,medium_airport,2,9252,33.87910,-5.51512
GMFO,OUD,Oujda Angads Airport,Ahl Angad,MA,MA-02,AF,large_airport,2,9843,34.78956,-1.92604
GMMA,SMW,Smara Airport,Smara,EH,EH-U-A,AF,medium_airport,1,9843,26.73199,-11.68365
GMMD,BEM,Beni Mellal Airport,Oulad Yaich,MA,MA-05,AF,large_airport,1,8169,32.40190,-6.31590
GMME,RBA,Rabat-Salé Airport,Rabat,MA,MA-04,AF,large_airport,1,11483,34.05150,-6.75152
GMMH,VIL,Dakhla Airport,Dakhla,EH,EH-U-A,AF,large_airport,1,9842,23.71830,-15.93200
GMMI,ESU,Essaouira-Mogador Airport,Essaouira,MA,MA-07,AF,medium_airport,1,8553,31.39750,-9.68167
GMML,EUN,Laayoune Hassan I International Airport,El Aaiún,EH,EH-U-A,AF,large_airport,2,8861,27.14247,-13.22495
GMMN,CMN,Mohammed V International Airport,Casablanca,MA,MA-06,AF,large_airport,2,12205,33.36750,-7.58997
GMMP,NNA,Kenitra Air Base,Kenitra,MA,MA-04,AF,medium_airport,0,,34.29890,-6.59588
GMMW,NDR,Nador Al Aaroui International Airport,Al Aaroui,MA,MA-02,AF,large_airport,1,9842,34.98880,-3.02821
GMMX,RAK,Marrakesh Menara Airport,Marrakesh,MA,MA-07,AF,large_airport,1,10170,31.60481,-8.03579
GMMZ,OZZ,Ouarzazate International Airport,Ouarzazate,MA,MA-08,AF,large_airport,1,9842,30.93910,-6.90943
GMTA,AHU,Cherif Al Idrissi Airport,Al Hoceima,MA,MA-01,AF,medium_airport,1,10511,35.17710,-3.83952
GMTN,TTU,Sania Ramel Airport,Tétouan,MA,MA-01,AF,large_airport,1,10784,35.59430,-5.32002
GMTT,TNG,Tangier Ibn Battuta Airport,Tangier,MA,MA-01,AF,large_airport,1,11483,35.73174,-5.92146
GOBD,DSS,Blaise Diagne International Airport,Dakar,SN,SN-DK,AF,large_airport,1,11483,14.67088,-17.07283
GOGG,ZIG,Ziguinchor Airport,Ziguinchor,SN,SN-ZG,AF,medium_airport,1,5069,12.55559,-16.28330
GOGS,CSK,Cap Skirring Airport,Cap Skirring,SN,SN-ZG,AF,medium_airport,1,6573,12.39533,-16.74800
GOOK,KLC,Kaolack Airport,Kaolack,SN,SN-FK,AF,medium_airport,1,5249,14.14690,-16.05130
GOOY,DKR,Léopold Sédar Senghor International Airport,Dakar,SN,SN-DK,AF,large_airport,1,11450,14.74234,-17.47922
GOSM,MAX,Ouro Sogui Airport,Ouro Sogui,SN,SN-MT,AF,medium_airport,1,6299,15.59360,-13.32280
GOSS,XLS,Saint Louis Airport,Saint Louis,SN,SN-SL,AF,medium_airport,1,6230,16.04981,-16.46104
GOTB,BXE,Bakel Airport,Bakel,SN,SN-TC,AF,medium_airport,1,5741,14.84730,-12.46830
GOTK,KGG,Kédougou Airport,Kédougou,SN,SN-TC,AF,medium_airport,1,5906,12.57230,-12.22030
GOTT,TUD,Tambacounda Airport,Tambacounda,SN,SN-TC,AF,medium_airport,1,6562,13.73680,-13.65310
GQNO,NKC,Nouakchott–Oumtounsy International Airport,Nouakchott,MR,MR-NKC,AF,large_airport,2,11155,18.31000,-15.96972
GQPA,ATR,Atar International Airport,Atar,MR,MR-07,AF,medium_airport,1,9855,20.50582,-13.04374
GQPP,NDB,Nouadhibou International Airport,Nouadhibou,MR,MR-08,AF,large_airport,1,7961,20.93240,-17.03020
GQPZ,OUZ,Tazadit Airport,Zouérate,MR,MR-11,AF,medium_airport,1,8202,22.75735,-12.48223
GUCY,CKY,Ahmed Sékou Touré International Airport,Conakry,GN,GN-C,AF,large_airport,1,10826,9.57689,-13.61200
GVAC,SID,Amílcar Cabral International Airport,Espargos,CV,CV-B,AF,large_airport,1,10760,16.74140,-22.94940
GVBA,BVC,Aristides Pereira International Airport,Rabil,CV,CV-B,AF,large_airport,1,6890,16.13650,-22.88890
GVMA,MMO,Maio Airport,Vila do Maio,CV,CV-S,AF,medium_airport,1,3937,15.15590,-23.21370
GVNP,RAI,Nelson Mandela International Airport,Praia,CV,CV-S,AF,large_airport,1,6890,14.94113,-23.48473
GVSN,SNE,Preguiça Airport,Preguiça,CV,CV-B,AF,medium_airport,1,4593,16.58885,-24.28413
GVSV,VXE,Cesaria Evora International Airport,São Pedro,CV,CV-B,AF,large_airport,1,6561,16.83336,-25.05531
HAAB,ADD,Addis Ababa Bole International Airport,Addis Ababa,ET,ET-AA,AF,large_airport,2,12467,8.97789,38.79930
HAAM,AMH,Arba Minch Airport,Arba Minch,ET,ET-SN,AF,medium_airport,1,9170,6.03939,37.59050
HAAX,AXU,Axum Airport,Axum,ET,ET-TI,AF,medium_airport,1,7874,14.14680,38.77280
HABD,BJR,Bahir Dar Airport,Bahir Dar,ET,ET-AM,AF,medium_airport,1,9842,11.60810,37.32160
HADR,DIR,Aba Tenna Dejazmach Yilma International Airport,Dire Dawa,ET,ET-DD,AF,large_airport,1,8791,9.62355,41.85503
HAGM,GMB,Gambela Airport,Gambela,ET,ET-GA,AF,medium_airport,1,8248,8.12876,34.56310
HAGN,GDQ,Gondar Airport,Azezo,ET,ET-AM,AF,medium_airport,1,9072,12.51990,37.43400
HAGO,GDE,Gode Airport,Gode,ET,ET-SO,AF,medium_airport,1,7505,5.93513,43.57860
HAHM,QHR,Harar Meda Airport,Debre Zeyit,ET,ET-OR,AF,medium_airport,1,5940,8.71630,39.00590
HAJJ,JIJ,Gerad Wilwal International Airport,Jijiga,ET,ET-SO,AF,large_airport,1,8202,9.33191,42.91181
HAJM,JIM,Jimma Airport,Jimma,ET,ET-OR,AF,medium_airport,1,10236,7.66609,36.81660
HAKD,ABK,Kebri Dahar Airport,Kebri Dahar,ET,ET-SO,AF,medium_airport,1,8202,6.73258,44.24134
HALA,AWA,Hawassa International Airport,Hawassa,ET,ET-XSD,AF,large_airport,1,9843,7.10061,38.39646
HAMK,MQX,Mekele Alula Aba Nega Airport,Mekele,ET,ET-TI,AF,medium_airport,1,11811,13.46740,39.53350
HASO,ASO,Asosa Airport,Asosa,ET,ET-BE,AF,medium_airport,1,8218,10.01850,34.58630
HBBA,BJM,Bujumbura Melchior Ndadaye International Airport,Bujumbura,BI,BI-BM,AF,large_airport,2,11811,-3.32402,29.31850
HBBE,GID,Gitega Airport,Gitega,BI,BI-GI,AF,medium_airport,1,3248,-3.41721,29.91131
HCMF,BSA,Bender Qassim International Airport,Bosaso,SO,SO-BR,AF,large_airport,2,7874,11.27524,49.13923
HCMH,HGA,Egal International Airport,Hargeisa,SO,SO-WO,AF,large_airport,1,12139,9.51408,44.08347
HCMI,BBO,Berbera Airport,Berbera,SO,SO-WO,AF,medium_airport,1,13582,10.38504,44.93672
HCMK,KMU,Kismayo Airport,Kismayo,SO,SO-JH,AF,medium_airport,1,12139,-0.37735,42.45920
HCMM,MGQ,Aden Adde International Airport,Mogadishu,SO,SO-BN,AF,large_airport,1,10446,2.01444,45.30470
HDAM,JIB,Djibouti-Ambouli Airport,Djibouti City,DJ,DJ-DJ,AF,large_airport,1,10335,11.54730,43.15950
HE16,,Birma Air Base,Tanta,EG,EG-GH,AF,medium_airport,0,,30.83660,30.93600
HE28,,Gebel El Basur Air Base,Markaz Ad Delingat,EG,EG-BH,AF,medium_airport,2,10568,30.54050,30.56020
HE32,,Al Mansurah Airbase,Mansoura,EG,EG-DK,AF,medium_airport,2,9084,30.96760,31.43420
HE35,,Abu Suwayr Air Base,Abu Suwayr,EG,EG-IS,AF,medium_airport,2,9752,30.57270,32.09530
HE36,RDL,Bardawil International Airport,El Hassana,EG,EG-SIN,AS,medium_airport,1,8241,30.41071,33.15535
HE37,,Bilbeis Air Base,Bilbeis,EG,EG-SHR,AF,medium_airport,5,11480,30.39490,31.60140
HE42,,Quesna Airport,Quesna,EG,EG-MNF,AF,medium_airport,1,9054,30.57900,31.12920
HEAL,DBB,El Alamein International Airport,El Alamein,EG,EG-MT,AF,large_airport,1,11479,30.92432,28.46161
HEAR,AAC,El Arish International Airport,El Arish,EG,EG-SIN,AS,large_airport,2,9905,31.05532,33.82796
HEAT,ATZ,Asyut International Airport,Asyut,EG,EG-AST,AF,large_airport,1,9905,27.04596,31.01276
HEAX,HBE,Alexandria International Airport,Alexandria,EG,EG-ALX,AF,large_airport,0,,30.93249,29.69644
HEAZ,,Almaza Air Force Base,El Nozha,EG,EG-C,AF,medium_airport,2,6726,30.09170,31.35974
HEBL,ABS,Abu Simbel Airport,Abu Simbel,EG,EG-ASN,AF,medium_airport,1,9843,22.37592,31.61173
HEBR,EES,Berenice International Airport / Banas Cape Air Base,Berenice Troglodytica,EG,EG-BA,AF,large_airport,0,,23.98044,35.46028
HEBS,,Bani Sweif Air Base,Bani Sweif,EG,EG-BNS,AF,medium_airport,2,11565,29.20224,31.01347
HECA,CAI,Cairo International Airport,Cairo,EG,EG-C,AF,large_airport,3,13124,30.11153,31.39669
HECP,CCE,Capital International Airport,New Cairo,EG,EG-C,AF,medium_airport,3,11980,30.06465,31.83997
HECW,,Cairo West Air Base,Cairo,EG,EG-GZ,AF,medium_airport,2,11939,30.11643,30.91553
HEGN,HRG,Hurghada International Airport,Hurghada,EG,EG-BA,AF,large_airport,2,13171,27.17678,33.79669
HEGR,EGH,El Jora Airport,El Jora,EG,EG-SIN,AS,medium_airport,1,7874,31.07814,34.15313
HEGS,,Jiyanklis Air Base,Abu El Matamir,EG,EG-BH,AF,medium_airport,2,9473,30.81980,30.19120
HEIS,,Al Ismailiyya Air Base,Al Ismailiyya,EG,EG-IS,AF,medium_airport,1,10555,30.59795,32.23569
HELX,LXR,Luxor International Airport,Luxor,EG,EG-LX,AF,large_airport,1,9843,25.67102,32.70645
HEMA,RMF,Marsa Alam International Airport,Marsa Alam,EG,EG-BA,AF,large_airport,1,11253,25.55555,34.59245
HEMM,MUH,Mersa Matruh International Airport,Marsa Matruh,EG,EG-MT,AF,large_airport,2,9843,31.32431,27.22227
HEPS,PSD,Port Said International Airport,Port Said,EG,EG-PTS,AF,large_airport,1,7707,31.27929,32.24058
HESC,SKV,Saint Catherine International Airport,Saint Catherine,EG,EG-JS,AS,medium_airport,1,6939,28.68429,34.06441
HESG,HMB,Suhaj International Airport,Suhaj,EG,EG-SHG,AF,large_airport,1,9843,26.34251,31.74302
HESH,SSH,Sharm El Sheikh International Airport,Sharm El Sheikh,EG,EG-JS,AS,large_airport,2,10108,27.97727,34.39472
HESN,ASW,Aswan International Airport,Aswan,EG,EG-ASN,AF,large_airport,1,11161,23.96108,32.82038
HESX,SPX,Sphinx International Airport,Al Jiza,EG,EG-GZ,AF,large_airport,1,11975,30.10818,30.89573
HETB,TCP,Taba International Airport,Taba,EG,EG-JS,AS,medium_airport,2,13123,29.59450,34.77575
HHAS,ASM,Asmara International Airport,Asmara,ER,ER-SK,AF,medium_airport,2,9842,15.29190,38.91070
HHMS,MSW,Massawa International Airport,Massawa,ER,ER-SK,AF,medium_airport,1,11483,15.67000,39.37010
HHSB,ASA,Assab International Airport,Assab,ER,ER-DK,AF,medium_airport,1,11531,13.07180,42.64500
HJJJ,JUB,Juba International Airport,Juba,SS,SS-EC,AF,large_airport,1,10171,4.87201,31.60110
HJPH,,Paloich Airport,Higleig,SS,SS-NU,AF,medium_airport,0,,10.52917,32.50056
HKAM,ASV,Amboseli Airport,Ol Tukai,KE,KE-34,AF,medium_airport,1,3284,-2.64479,37.25292
HKEL,EDL,Eldoret International Airport,Eldoret,KE,KE-27,AF,large_airport,1,11480,0.40446,35.23890
HKJK,NBO,Jomo Kenyatta International Airport,Nairobi,KE,KE-47,AF,large_airport,1,13507,-1.31889,36.92823
HKKI,KIS,Kisumu International Airport,Kisumu,KE,KE-42,AF,large_airport,1,10823,-0.08614,34.72890
HKKT,KTL,Kitale Airport,Kitale,KE,KE-26,AF,medium_airport,1,4757,0.97199,34.95860
HKLK,LKG,Lokichogio Airport,Lokichogio,KE,KE-23,AF,medium_airport,1,6195,4.20412,34.34820
HKLO,LOK,Lodwar Airport,Lodwar,KE,KE-23,AF,medium_airport,3,3281,3.12197,35.60870
HKLU,LAU,Manda Airport,Lamu,KE,KE-05,AF,medium_airport,2,6561,-2.25243,40.91289
HKML,MYD,Malindi International Airport,Malindi,KE,KE-03,AF,medium_airport,2,4600,-3.22931,40.10170
HKMO,MBA,Moi International Airport,Mombasa,KE,KE-01,AF,large_airport,2,10991,-4.03483,39.59420
HKMS,MRE,Mara Serena Lodge Airstrip,Serena,KE,KE-33,AF,medium_airport,1,3450,-1.40459,35.00835
HKNK,NUU,Nakuru Lanet Airport,Nakuru,KE,KE-32,AF,medium_airport,1,5607,-0.29842,36.15919
HKNL,NYK,Nanyuki Civil Airport,Gathiuru,KE,KE-19,AF,medium_airport,1,3900,-0.06235,37.04130
HKNW,WIL,Nairobi Wilson Airport,Nairobi,KE,KE-47,AF,medium_airport,2,5052,-1.32172,36.81480
HKNY,,Laikipia Air Base,Nanyuki,KE,KE-31,AF,medium_airport,0,,0.02902,37.02520
HKRE,,Moi Air Base,Nairobi,KE,KE-47,AF,medium_airport,1,7998,-1.27727,36.86230
HKWJ,WJR,Wajir Airport,Wajir,KE,KE-08,AF,medium_airport,1,9193,1.73324,40.09160
HKWY,KWY,Kiwayu Airport,Kiwayu,KE,KE-05,AF,medium_airport,0,,-1.96064,41.29716
HL56,,Matan al-Sarra Air Base,,LY,LY-KF,AF,medium_airport,2,11013,21.68770,21.83090
HL77,,Okba Ibn Nafa Air Base,,LY,LY-NQ,AF,medium_airport,2,10500,32.47340,11.89790
HLBU,,Bombah Airport,Bombah,LY,LY-DR,AF,medium_airport,0,,32.45290,23.11860
HLGD,SRX,Sirt International Airport / Ghardabiya Airbase,Sirt,LY,LY-SR,AF,large_airport,2,11807,31.05858,16.59709
HLGT,GHT,Ghat Airport,Ghat,LY,LY-GT,AF,medium_airport,2,11811,25.14560,10.14260
HLKF,AKF,Kufra Airport,Kufra,LY,LY-KF,AF,medium_airport,2,12007,24.17870,23.31400
HLLB,BEN,Benina International Airport,Benina,LY,LY-BA,AF,large_airport,2,11732,32.09680,20.26950
HLLM,MJI,Mitiga International Airport,Tripoli,LY,LY-TB,AF,large_airport,1,11155,32.89177,13.28788
HLLQ,LAQ,Al Abraq International Airport,Al Albraq,LY,LY-JA,AF,large_airport,2,11824,32.78904,21.95486
HLLS,SEB,Sabha Airport,Sabha,LY,LY-SB,AF,medium_airport,1,11778,26.99245,14.46616
HLMB,LMQ,Marsa al Brega Airport,Marsa al Brega,LY,LY-WA,AF,medium_airport,1,7220,30.37810,19.57640
HLTD,LTD,Ghadames Airport,Ghadames,LY,LY-NL,AF,medium_airport,2,11811,30.14548,9.70209
HRYG,GYI,Gisenyi Airport,Gisenyi,RW,RW-04,AF,medium_airport,1,3330,-1.67720,29.25890
HRYR,KGL,Kigali International Airport,Kigali,RW,RW-01,AF,large_airport,1,11483,-1.96863,30.13950
HRZA,KME,Kamembe Airport,Kamembe,RW,RW-04,AF,medium_airport,1,4921,-2.46224,28.90790
HSDN,DOG,Dongola Airport,Dongola,SD,SD-01,AF,medium_airport,1,9843,19.15367,30.43007
HSFS,ELF,El Fasher Airport,El Fasher,SD,SD-02,AF,medium_airport,2,9744,13.61490,25.32460
HSKA,KSL,Kassala Airport,Kassala,SD,SD-05,AF,medium_airport,1,8202,15.38750,36.32880
HSMN,MWE,Merowe Airport,Merowe,SD,SD-01,AF,medium_airport,1,13186,18.44333,31.84333
HSNN,UYL,Nyala Airport,Nyala,SD,SD-11,AF,medium_airport,1,9880,12.05350,24.95620
HSOB,EBD,El-Obeid Airport,El-Obeid,SD,SD-09,AF,medium_airport,1,9843,13.15320,30.23270
HSPN,PZU,Port Sudan New International Airport,Port Sudan,SD,SD-26,AF,large_airport,1,8202,19.43456,37.23412
HSSG,,Sabera Geneina Airport,Geneina,SD,SD-12,AF,medium_airport,1,9829,13.47740,22.53722
HSSK,KRT,Khartoum International Airport,Khartoum,SD,SD-03,AF,large_airport,1,9751,15.58950,32.55320
HSSM,MAK,Malakal International Airport,Malakal,SS,SS-NU,AF,medium_airport,1,6562,9.55874,31.65194
HSWW,WUU,Wau Airport,Wau,SS,SS-BW,AF,medium_airport,1,8202,7.72583,27.97500
HTAR,ARK,Arusha Airport,Arusha,TZ,TZ-01,AF,medium_airport,1,5377,-3.36779,36.63330
HTDA,DAR,Julius Nyerere International Airport,Dar es Salaam,TZ,TZ-02,AF,large_airport,2,9843,-6.87350,39.20729
HTDO,DOD,Dodoma Airport,Dodoma,TZ,TZ-03,AF,medium_airport,1,6700,-6.17056,35.75604
HTGW,MBI,Songwe Airport,Mbeya,TZ,TZ-14,AF,medium_airport,1,10925,-8.91994,33.27398
HTIR,IRI,Iringa Airport,Nduli,TZ,TZ-04,AF,medium_airport,1,5508,-7.66863,35.75210
HTKJ,JRO,Kilimanjaro International Airport,Arusha,TZ,TZ-01,AF,large_airport,1,11811,-3.42705,37.07353
HTLM,LKY,Lake Manyara Airport,Lake Manyara National Park,TZ,TZ-26,AF,medium_airport,1,4003,-3.37631,35.81830
HTMT,MYW,Mtwara Airport,Mtwara,TZ,TZ-17,AF,medium_airport,2,7410,-10.33620,40.18200
HTMW,MWZ,Mwanza International Airport,Mwanza,TZ,TZ-18,AF,large_airport,1,10212,-2.44656,32.93605
HTPE,PMA,Pemba Airport,Chake Chake,TZ,TZ-25,AF,medium_airport,1,5003,-5.25726,39.81140
HTTG,TGT,Tanga Airport,Tanga,TZ,TZ-25,AF,medium_airport,1,4160,-5.09236,39.07120
HTZA,ZNZ,Abeid Amani Karume International Airport,Zanzibar,TZ,TZ-07,AF,large_airport,1,9915,-6.22202,39.22490
HUAR,RUA,Arua Airport,Arua,UG,UG-N,AF,medium_airport,1,5600,3.04915,30.91171
HUEN,EBB,Entebbe International Airport,Entebbe,UG,UG-C,AF,large_airport,2,12000,0.04239,32.44350
HUGU,ULU,Gulu Airport,Gulu,UG,UG-N,AF,medium_airport,1,10314,2.80556,32.27180
HUSO,SRT,Soroti Airport,Soroti,UG,UG-E,AF,medium_airport,1,6100,1.72769,33.62280
K67L,MFH,Mesquite Airport,Mesquite,US,US-NV,NA,medium_airport,2,5100,36.83311,-114.05593
K76F,,Van Zandt County Regional Airport,Wills Point,US,US-TX,NA,medium_airport,1,3230,32.68150,-95.98410
K79J,,South Alabama Regional At Bill Benton Field Airport,Andalusia/Opp,US,US-AL,NA,medium_airport,1,6000,31.30880,-86.39380
KABE,ABE,Lehigh Valley International Airport,Allentown/Bethlehem,US,US-PA,NA,medium_airport,2,7599,40.65177,-75.44280
KABI,ABI,Abilene Regional Airport,Abilene,US,US-TX,NA,medium_airport,3,7208,32.41130,-99.68190
KABQ,ABQ,Albuquerque International Sunport,Albuquerque,US,US-NM,NA,large_airport,3,13793,35.03998,-106.60892
KABR,ABR,Aberdeen Regional Airport,Aberdeen,US,US-SD,NA,medium_airport,2,6901,45.44910,-98.42180
KABY,ABY,Southwest Georgia Regional Airport,Albany,US,US-GA,NA,medium_airport,2,6601,31.53295,-84.19621
KACK,ACK,Nantucket Memorial Airport,Nantucket,US,US-MA,NA,medium_airport,2,6303,41.25310,-70.06020
KACT,ACT,Waco Regional Airport,Waco,US,US-TX,NA,medium_airport,2,7107,31.61130,-97.23050
KACV,ACV,California Redwood Coast-Humboldt County Airport,Arcata/Eureka,US,US-CA,NA,medium_airport,2,6046,40.97810,-124.10900
KACY,ACY,Atlantic City International Airport,Atlantic City,US,US-NJ,NA,medium_airport,2,10001,39.45620,-74.57751
KADH,ADT,Ada Regional Airport,Ada,US,US-OK,NA,medium_airport,2,6203,34.80521,-96.67199
KADW,ADW,Joint Base Andrews,Camp Springs,US,US-MD,NA,medium_airport,2,11301,38.81080,-76.86700
KAEG,,Double Eagle II Airport,Albuquerque,US,US-NM,NA,medium_airport,2,7398,35.14520,-106.79500
KAEX,AEX,Alexandria International Airport,Alexandria,US,US-LA,NA,medium_airport,1,9352,31.32583,-92.54670
KAFW,AFW,Perot Field/Fort Worth Alliance Airport,Fort Worth,US,US-TX,NA,medium_airport,2,11125,32.99044,-97.31947
KAGC,AGC,Allegheny County Airport,Pittsburgh,US,US-PA,NA,medium_airport,3,6501,40.35440,-79.93020
KAGS,AGS,Augusta Regional At Bush Field,Augusta,US,US-GA,NA,medium_airport,2,8001,33.36990,-81.96450
KAHN,AHN,Athens Ben Epps Airport,Athens,US,US-GA,NA,medium_airport,2,6122,33.94884,-83.32563
KAIA,AIA,Alliance Municipal Airport,Alliance,US,US-NE,NA,medium_airport,3,9203,42.05254,-102.80397
KAKR,AKC,Akron Fulton International Airport,Akron,US,US-OH,NA,medium_airport,1,6336,41.03735,-81.46784
KALB,ALB,Albany International Airport,Albany,US,US-NY,NA,large_airport,2,8500,42.74830,-73.80170
KALI,ALI,Alice International Airport,Alice,US,US-TX,NA,medium_airport,2,5997,27.74090,-98.02690
KALM,ALM,Alamogordo White Sands Regional Airport,Alamogordo,US,US-NM,NA,medium_airport,1,9207,32.83782,-105.99315
KALN,ALN,St Louis Regional Airport,Alton/St Louis,US,US-IL,NA,medium_airport,2,8099,38.89030,-90.04600
KALO,ALO,Waterloo Regional Airport,Waterloo,US,US-IA,NA,medium_airport,2,8399,42.55710,-92.40030
KALS,ALS,San Luis Valley Regional Airport/Bergman Field,Alamosa,US,US-CO,NA,medium_airport,1,8521,37.43490,-105.86700
KALW,ALW,Walla Walla Regional Airport,Walla Walla,US,US-WA,NA,medium_airport,1,6527,46.09490,-118.28800
KAMA,AMA,Rick Husband Amarillo International Airport,Amarillo,US,US-TX,NA,medium_airport,2,13502,35.21786,-101.70644
KANB,ANB,Anniston Regional Airport,Anniston,US,US-AL,NA,medium_airport,1,7002,33.58820,-85.85810
KAND,AND,Anderson Regional Airport,Anderson,US,US-SC,NA,medium_airport,2,6002,34.49460,-82.70940
KAOO,AOO,Altoona Blair County Airport,Altoona,US,US-PA,NA,medium_airport,2,5465,40.29640,-78.32000
KAPA,APA,Centennial Airport,Denver,US,US-CO,NA,medium_airport,3,10001,39.57010,-104.84900
KAPF,APF,Naples Municipal Airport,Naples,US,US-FL,NA,medium_airport,3,6600,26.15260,-81.77530
KAPG,APG,Phillips Army Air Field,Aberdeen,US,US-MD,NA,medium_airport,1,7998,39.46620,-76.16880
KAPN,APN,Alpena County Regional Airport,Alpena,US,US-MI,NA,medium_airport,2,9001,45.07810,-83.56030
KARA,ARA,Acadiana Regional Airport,New Iberia,US,US-LA,NA,medium_airport,2,8002,30.03780,-91.88390
KART,ART,Watertown International Airport,Watertown,US,US-NY,NA,medium_airport,2,7001,43.99190,-76.02170
KASE,ASE,Aspen-Pitkin County Airport (Sardy Field),Aspen,US,US-CO,NA,medium_airport,1,8006,39.22320,-106.86900
KAST,AST,Astoria Regional Airport,Astoria,US,US-OR,NA,medium_airport,2,5794,46.15800,-123.87900
KATL,ATL,Hartsfield Jackson Atlanta International Airport,Atlanta,US,US-GA,NA,large_airport,5,12390,33.63670,-84.42810
KATW,ATW,Appleton International Airport,Appleton,US,US-WI,NA,medium_airport,2,8003,44.25852,-88.51900
KATY,ATY,Watertown Regional Airport,Watertown,US,US-SD,NA,medium_airport,2,6898,44.91400,-97.15470
KAUG,AUG,Augusta State Airport,Augusta,US,US-ME,NA,medium_airport,2,5002,44.32060,-69.79730
KAUS,AUS,Austin Bergstrom International Airport,Austin,US,US-TX,NA,large_airport,2,12250,30.19753,-97.66201
KAUW,AUW,Wausau Downtown Airport,Wausau,US,US-WI,NA,medium_airport,3,8000,44.92620,-89.62660
KAVL,AVL,Asheville Regional Airport,Asheville,US,US-NC,NA,medium_airport,1,8002,35.43549,-82.54185
KAVP,AVP,Wilkes-Barre/Scranton International Airport,Wilkes-Barre/Scranton,US,US-PA,NA,medium_airport,2,7502,41.33706,-75.72423
KAWO,,Arlington Municipal Airport,Arlington,US,US-WA,NA,medium_airport,2,5332,48.16145,-122.15844
KAXN,AXN,Chandler Field,Alexandria,US,US-MN,NA,medium_airport,2,5099,45.86630,-95.39470
KAZO,AZO,Kalamazoo/Battle Creek International Airport,Kalamazoo,US,US-MI,NA,medium_airport,3,6502,42.23210,-85.54964
KBAB,BAB,Beale Air Force Base,Beale Air Force Base,US,US-CA,NA,medium_airport,1,12001,39.13610,-121.43700
KBAD,BAD,Barksdale Air Force Base,Bossier City,US,US-LA,NA,medium_airport,1,11758,32.50180,-93.66270
KBAF,BAF,Westfield-Barnes Regional Airport,Westfield,US,US-MA,NA,medium_airport,2,9000,42.15780,-72.71560
KBAK,CLU,Columbus Municipal Airport,Columbus,US,US-IN,NA,medium_airport,2,6401,39.26239,-85.89558
KBAZ,,New Braunfels National Airport,New Braunfels,US,US-TX,NA,medium_airport,2,6503,29.70450,-98.04220
KBBD,BBD,Curtis Field,Brady,US,US-TX,NA,medium_airport,1,4605,31.17893,-99.32473
KBBG,BKG,Branson Airport,Branson,US,US-MO,NA,medium_airport,1,7140,36.53208,-93.20054
KBCE,BCE,Bryce Canyon Airport,Bryce Canyon,US,US-UT,NA,medium_airport,1,7395,37.70640,-112.14500
KBCT,BCT,Boca Raton Airport,Boca Raton,US,US-FL,NA,medium_airport,1,6276,26.37850,-80.10770
KBDE,BDE,Baudette International Airport,Baudette,US,US-MN,NA,medium_airport,2,6000,48.72840,-94.61220
KBDL,BDL,Bradley International Airport,Hartford,US,US-CT,NA,large_airport,2,9510,41.93856,-72.68802
KBDR,BDR,Igor I Sikorsky Memorial Airport,Bridgeport,US,US-CT,NA,medium_airport,2,4759,41.16350,-73.12620
KBED,BED,Laurence G Hanscom Field,Bedford,US,US-MA,NA,medium_airport,2,7011,42.47000,-71.28900
KBFD,BFD,Bradford Regional Airport,Bradford,US,US-PA,NA,medium_airport,2,6307,41.80310,-78.64010
KBFF,BFF,Western Neb. Rgnl/William B. Heilig Airport,Scottsbluff,US,US-NE,NA,medium_airport,2,8279,41.87400,-103.59600
KBFI,BFI,King County International Airport - Boeing Field,Seattle,US,US-WA,NA,medium_airport,2,10007,47.52704,-122.29995
KBFL,BFL,Meadows Field,Bakersfield,US,US-CA,NA,medium_airport,2,10849,35.43360,-119.05700
KBFM,BFM,Mobile Downtown Airport,Mobile,US,US-AL,NA,medium_airport,2,9618,30.62680,-88.06810
KBGM,BGM,Greater Binghamton/Edwin A Link field,Binghamton,US,US-NY,NA,medium_airport,2,7305,42.20870,-75.97980
KBGR,BGR,Bangor International Airport,Bangor,US,US-ME,NA,medium_airport,1,11440,44.80636,-68.82667
KBHB,BHB,Hancock County-Bar Harbor Airport,Bar Harbor,US,US-ME,NA,medium_airport,2,5200,44.45000,-68.36150
KBHM,BHM,Birmingham-Shuttlesworth International Airport,Birmingham,US,US-AL,NA,large_airport,2,12007,33.56288,-86.75071
KBIF,BIF,Biggs Army Air Field (Fort Bliss),Fort Bliss/El Paso,US,US-TX,NA,medium_airport,1,13554,31.84950,-106.38000
KBIH,BIH,Eastern Sierra Regional Airport,Bishop,US,US-CA,NA,medium_airport,3,7498,37.37310,-118.36400
KBIL,BIL,Billings Logan International Airport,Billings,US,US-MT,NA,medium_airport,3,10518,45.80893,-108.54124
KBIS,BIS,Bismarck Municipal Airport,Bismarck,US,US-ND,NA,medium_airport,2,8794,46.77273,-100.74687
KBIX,BIX,Keesler Air Force Base,Biloxi,US,US-MS,NA,medium_airport,1,7630,30.41040,-88.92440
KBJC,BJC,Rocky Mountain Metropolitan Airport,Denver,US,US-CO,NA,medium_airport,3,9000,39.90880,-105.11700
KBJI,BJI,Bemidji Regional Airport,Bemidji,US,US-MN,NA,medium_airport,2,7004,47.50940,-94.93370
KBKE,BKE,Baker City Municipal Airport,Baker City,US,US-OR,NA,medium_airport,3,5084,44.83730,-117.80900
KBKF,BFK,Buckley Space Force Base,Aurora,US,US-CO,NA,medium_airport,1,11006,39.70170,-104.75200
KBKL,BKL,Burke Lakefront Airport,Cleveland,US,US-OH,NA,medium_airport,2,6604,41.51750,-81.68330
KBKW,BKW,Raleigh County Memorial Airport,Beaver,US,US-WV,NA,medium_airport,2,6750,37.78730,-81.12420
KBLF,BLF,Mercer County Airport,Bluefield,US,US-WV,NA,medium_airport,1,4743,37.29580,-81.20770
KBLH,BLH,Blythe Airport,Blythe,US,US-CA,NA,medium_airport,2,6543,33.61920,-114.71700
KBLI,BLI,Bellingham International Airport,Bellingham,US,US-WA,NA,medium_airport,1,6700,48.79280,-122.53800
KBLV,BLV,Scott AFB/Midamerica Airport,Belleville,US,US-IL,NA,medium_airport,2,10000,38.54520,-89.83520
KBMG,BMG,Monroe County Airport,Bloomington,US,US-IN,NA,medium_airport,2,6500,39.14600,-86.61670
KBMI,BMI,Central Illinois Regional Airport at Bloomington-Normal,Bloomington/Normal,US,US-IL,NA,medium_airport,2,8000,40.47710,-88.91590
KBNA,BNA,Nashville International Airport,Nashville,US,US-TN,NA,large_airport,4,11030,36.12450,-86.67820
KBNO,BNO,Burns Municipal Airport,Burns,US,US-OR,NA,medium_airport,2,5101,43.59046,-118.95515
KBOI,BOI,Boise Air Terminal/Gowen Field,Boise,US,US-ID,NA,large_airport,2,10000,43.56440,-116.22300
KBOS,BOS,Boston Logan International Airport,Boston,US,US-MA,NA,large_airport,6,10083,42.36197,-71.00790
KBPI,BPI,Miley Memorial Field,Big Piney,US,US-WY,NA,medium_airport,2,6803,42.58510,-110.11100
KBPK,WMH,Ozark Regional Airport,Mountain Home,US,US-AR,NA,medium_airport,1,5000,36.36890,-92.47050
KBPT,BPT,Jack Brooks Regional Airport,Beaumont/Port Arthur,US,US-TX,NA,medium_airport,2,6751,29.95080,-94.02070
KBQK,BQK,Brunswick Golden Isles Airport,Brunswick,US,US-GA,NA,medium_airport,1,8001,31.25880,-81.46650
KBRD,BRD,Brainerd Lakes Regional Airport,Brainerd,US,US-MN,NA,medium_airport,3,7100,46.40286,-94.12973
KBRL,BRL,Southeast Iowa Regional Airport,Burlington,US,US-IA,NA,medium_airport,2,6102,40.78320,-91.12550
KBRO,BRO,Brownsville South Padre Island International Airport,Brownsville,US,US-TX,NA,medium_airport,2,7399,25.90724,-97.42524
KBTL,BTL,Battle Creek Executive Airport at Kellogg Field,Battle Creek,US,US-MI,NA,medium_airport,3,10004,42.30730,-85.25150
KBTM,BTM,Bert Mooney Airport,Butte,US,US-MT,NA,medium_airport,2,9000,45.95480,-112.49700
KBTR,BTR,Baton Rouge Metropolitan Airport,Baton Rouge,US,US-LA,NA,medium_airport,3,7500,30.53320,-91.14960
KBTV,BTV,Patrick Leahy Burlington International Airport,Burlington,US,US-VT,NA,medium_airport,2,8319,44.47190,-73.15330
KBUF,BUF,Buffalo Niagara International Airport,Buffalo,US,US-NY,NA,large_airport,2,8829,42.94050,-78.73220
KBUR,BUR,Hollywood Burbank/Bob Hope Airport,Burbank,US,US-CA,NA,large_airport,2,6886,34.20283,-118.35805
KBVI,BFP,Beaver County Airport,Beaver Falls,US,US-PA,NA,medium_airport,1,4501,40.77250,-80.39140
KBVU,BLD,Boulder City Municipal Airport,Boulder City,US,US-NV,NA,medium_airport,0,,35.94716,-114.85880
KBVY,BVY,Beverly Regional Airport,Beverly / Danvers,US,US-MA,NA,medium_airport,2,5001,42.58420,-70.91650
KBWG,BWG,Bowling Green Warren County Regional Airport,Bowling Green,US,US-KY,NA,medium_airport,2,6501,36.96450,-86.41970
KBWI,BWI,Baltimore/Washington International Thurgood Marshall Airport,Baltimore,US,US-MD,NA,large_airport,3,10503,39.17540,-76.66830
KBXM,NHZ,Brunswick Executive Airport,Brunswick,US,US-ME,NA,medium_airport,1,8000,43.89220,-69.93860
KBYH,BYH,Arkansas International Airport,Blytheville,US,US-AR,NA,medium_airport,1,11602,35.96430,-89.94400
KBYI,BYI,Burley Municipal Airport,Burley,US,US-ID,NA,medium_airport,2,4092,42.54260,-113.77200
KBYS,BYS,Bicycle Lake Army Air Field,Fort Irwin/Barstow,US,US-CA,NA,medium_airport,2,9631,35.28050,-116.63000
KBZN,BZN,Bozeman Yellowstone International Airport,Bozeman,US,US-MT,NA,medium_airport,4,8994,45.77885,-111.15371
KCAE,CAE,Columbia Metropolitan Airport,Columbia,US,US-SC,NA,medium_airport,2,8601,33.93817,-81.12302
KCAK,CAK,Akron Canton Regional Airport,Akron,US,US-OH,NA,medium_airport,2,8204,40.91610,-81.44220
KCAR,CAR,Caribou Municipal Airport,Caribou,US,US-ME,NA,medium_airport,2,4003,46.87150,-68.01790
KCBM,CBM,Columbus Air Force Base,Columbus,US,US-MS,NA,medium_airport,3,12004,33.64380,-88.44380
KCCR,CCR,Buchanan Field,Concord,US,US-CA,NA,medium_airport,4,5001,37.98970,-122.05700
KCCY,CCY,Northeast Iowa Regional Airport,Charles City,US,US-IA,NA,medium_airport,3,4000,43.07260,-92.61080
KCDC,CDC,Cedar City Regional Airport,Cedar City,US,US-UT,NA,medium_airport,2,8653,37.70100,-113.09900
KCDR,CDR,Chadron Municipal Airport,Chadron,US,US-NE,NA,medium_airport,2,5998,42.83760,-103.09500
KCDS,CDS,Childress Municipal Airport,Childress,US,US-TX,NA,medium_airport,2,5949,34.43380,-100.28800
KCEC,CEC,Jack Mc Namara Field Airport,Crescent City,US,US-CA,NA,medium_airport,2,5002,41.77893,-124.23640
KCEF,CEF,Westover Metropolitan Airport / Westover Air Reserve Base,Chicopee,US,US-MA,NA,medium_airport,2,11597,42.19400,-72.53480
KCEW,CEW,Bob Sikes Airport,Crestview,US,US-FL,NA,medium_airport,1,8006,30.77880,-86.52210
KCEZ,CEZ,Cortez Municipal Airport,Cortez,US,US-CO,NA,medium_airport,1,7205,37.30300,-108.62800
KCGF,CGF,Cuyahoga County Airport,Cleveland,US,US-OH,NA,medium_airport,1,5502,41.56510,-81.48640
KCGI,CGI,Cape Girardeau Regional Airport,Cape Girardeau,US,US-MO,NA,medium_airport,2,6500,37.22530,-89.57080
KCHA,CHA,Chattanooga Metropolitan Airport (Lovell Field),Chattanooga,US,US-TN,NA,medium_airport,2,7400,35.03530,-85.20380
KCHO,CHO,Charlottesville Albemarle Airport,Charlottesville,US,US-VA,NA,medium_airport,1,6801,38.13860,-78.45290
KCHS,CHS,Charleston International Airport,Charleston,US,US-SC,NA,large_airport,2,9001,32.89616,-80.03815
KCID,CID,The Eastern Iowa Airport,Cedar Rapids,US,US-IA,NA,medium_airport,2,8600,41.88470,-91.71080
KCIU,CIU,Chippewa County International Airport,Kincheloe,US,US-MI,NA,medium_airport,2,7203,46.24204,-84.46208
KCKB,CKB,North Central West Virginia Airport,Bridgeport,US,US-WV,NA,medium_airport,1,7800,39.29660,-80.22810
KCLE,CLE,Cleveland Hopkins International Airport,Cleveland,US,US-OH,NA,large_airport,3,9953,41.41170,-81.84980
KCLL,CLL,Easterwood Field,College Station,US,US-TX,NA,medium_airport,2,7000,30.58860,-96.36380
KCLM,CLM,William R Fairchild International Airport,Port Angeles,US,US-WA,NA,medium_airport,2,6347,48.12020,-123.50000
KCLT,CLT,Charlotte Douglas International Airport,Charlotte,US,US-NC,NA,large_airport,3,10000,35.21400,-80.94310
KCMA,,Camarillo International Airport,Camarillo,US,US-CA,NA,medium_airport,2,6013,34.21370,-119.09400
KCMH,CMH,John Glenn Columbus International Airport,Columbus,US,US-OH,NA,large_airport,2,10114,39.99800,-82.89190
KCMI,CMI,University of Illinois Willard Airport,Savoy,US,US-IL,NA,medium_airport,3,8101,40.03982,-88.27625
KCMX,CMX,Houghton County Memorial Airport,Hancock,US,US-MI,NA,medium_airport,2,6501,47.16840,-88.48910
KCNM,CNM,Cavern City Air Terminal,Carlsbad,US,US-NM,NA,medium_airport,4,7854,32.33750,-104.26300
KCNU,CNU,Chanute Martin Johnson Airport,Chanute,US,US-KS,NA,medium_airport,1,4254,37.66817,-95.48673
KCNY,CNY,Canyonlands Regional Airport,Moab,US,US-UT,NA,medium_airport,1,7360,38.75500,-109.75500
KCOD,COD,Yellowstone Regional Airport,Cody,US,US-WY,NA,medium_airport,1,8268,44.52020,-109.02400
KCOE,COE,Coeur D'Alene Airport - Pappy Boyington Field,Coeur d'Alene,US,US-ID,NA,medium_airport,2,7400,47.77430,-116.82000
KCOF,COF,Patrick Space Force Base,Cocoa Beach,US,US-FL,NA,medium_airport,2,9008,28.23490,-80.61010
KCON,CON,Concord Municipal Airport,Concord,US,US-NH,NA,medium_airport,2,6005,43.20270,-71.50230
KCOS,COS,City of Colorado Springs Municipal Airport,Colorado Springs,US,US-CO,NA,large_airport,3,13500,38.80580,-104.70100
KCOU,COU,Columbia Regional Airport,Columbia,US,US-MO,NA,medium_airport,2,7401,38.81810,-92.21960
KCPR,CPR,Casper-Natrona County International Airport,Casper,US,US-WY,NA,medium_airport,2,10165,42.90738,-106.46161
KCRE,CRE,Grand Strand Airport,North Myrtle Beach,US,US-SC,NA,medium_airport,1,5997,33.81170,-78.72390
KCRG,CRG,Jacksonville Executive at Craig Airport,Jacksonville,US,US-FL,NA,medium_airport,2,4008,30.33630,-81.51440
KCRP,CRP,Corpus Christi International Airport,Corpus Christi,US,US-TX,NA,medium_airport,2,7510,27.77040,-97.50120
KCRQ,CLD,McClellan-Palomar Airport,Carlsbad,US,US-CA,NA,medium_airport,1,4897,33.12830,-117.28000
KCRW,CRW,Yeager Airport,Charleston,US,US-WV,NA,medium_airport,1,6715,38.37310,-81.59320
KCSG,CSG,Columbus Airport,Columbus,US,US-GA,NA,medium_airport,2,6997,32.51642,-84.93960
KCSV,CSV,Crossville Memorial Airport Whitson Field,Crossville,US,US-TN,NA,medium_airport,1,5423,35.95131,-85.08499
KCTB,CTB,Cut Bank International Airport,Cut Bank,US,US-MT,NA,medium_airport,2,5300,48.60866,-112.37818
KCUB,CUB,Jim Hamilton L.B. Owens Airport,Columbia,US,US-SC,NA,medium_airport,1,5011,33.97050,-80.99520
KCVG,CVG,Cincinnati Northern Kentucky International Airport,Cincinnati / Covington,US,US-KY,NA,large_airport,4,12001,39.04880,-84.66780
KCVN,CVN,Clovis Municipal Airport,Clovis,US,US-NM,NA,medium_airport,3,7200,34.42659,-103.07879
KCVO,CVO,Corvallis Municipal Airport,Corvallis,US,US-OR,NA,medium_airport,2,5900,44.49720,-123.29000
KCVS,CVS,Cannon Air Force Base,Clovis,US,US-NM,NA,medium_airport,2,10003,34.38280,-103.32200
KCWA,CWA,Central Wisconsin Airport,Mosinee,US,US-WI,NA,medium_airport,2,7723,44.77745,-89.67024
KCXO,CXO,Conroe-North Houston Regional Airport,Houston,US,US-TX,NA,medium_airport,2,7501,30.35180,-95.41450
KCXP,CSN,Carson Airport,Carson City,US,US-NV,NA,medium_airport,1,6101,39.19433,-119.73431
KCYS,CYS,Cheyenne Regional Jerry Olson Field,Cheyenne,US,US-WY,NA,medium_airport,2,9270,41.15570,-104.81200
KDAA,DAA,Davison Army Air Field,Fort Belvoir,US,US-VA,NA,medium_airport,1,5421,38.71500,-77.18100
KDAB,DAB,Daytona Beach International Airport,Daytona Beach,US,US-FL,NA,medium_airport,3,10500,29.18255,-81.05946
KDAG,DAG,Barstow Daggett Airport,Daggett,US,US-CA,NA,medium_airport,2,6402,34.85370,-116.78700
KDAL,DAL,Dallas Love Field,Dallas,US,US-TX,NA,large_airport,2,8800,32.84478,-96.84765
KDAN,DAN,Danville Regional Airport,Danville,US,US-VA,NA,medium_airport,2,5900,36.57290,-79.33610
KDAY,DAY,James M. Cox Dayton International Airport,Dayton,US,US-OH,NA,medium_airport,3,10901,39.90240,-84.21940
KDBQ,DBQ,Dubuque Regional Airport,Dubuque,US,US-IA,NA,medium_airport,2,6502,42.40200,-90.70950
KDCA,DCA,Ronald Reagan Washington National Airport,Washington,US,US-DC,NA,large_airport,3,7169,38.85210,-77.03770
KDDC,DDC,Dodge City Regional Airport,Dodge City,US,US-KS,NA,medium_airport,2,6899,37.76340,-99.96560
KDEC,DEC,Decatur Airport,Decatur,US,US-IL,NA,medium_airport,3,8496,39.83460,-88.86570
KDEN,DEN,Denver International Airport,Denver,US,US-CO,NA,large_airport,6,16000,39.86003,-104.67379
KDET,DET,Coleman A. Young Municipal Airport,Detroit,US,US-MI,NA,medium_airport,1,5092,42.40920,-83.00990
KDFW,DFW,Dallas Fort Worth International Airport,Dallas-Fort Worth,US,US-TX,NA,large_airport,7,13401,32.89680,-97.03800
KDHN,DHN,Dothan Regional Airport,Dothan,US,US-AL,NA,medium_airport,2,8500,31.32130,-85.44960
KDHT,DHT,Dalhart Municipal Airport,Dalhart,US,US-TX,NA,medium_airport,2,6400,36.02260,-102.54700
KDIK,DIK,Dickinson Theodore Roosevelt Regional Airport,Dickinson,US,US-ND,NA,medium_airport,2,7301,46.79753,-102.80191
KDJT,DJT,President Donald J. Trump International Airport,West Palm Beach,US,US-FL,NA,large_airport,0,,26.68320,-80.09560
KDLF,DLF,Laughlin Air Force Base,Del Rio,US,US-TX,NA,medium_airport,3,8852,29.35950,-100.77800
KDLH,DLH,Duluth International Airport,Duluth,US,US-MN,NA,medium_airport,2,10591,46.84187,-92.19875
KDLS,DLS,Columbia Gorge Regional Airport,Dallesport / The Dalles,US,US-OR,NA,medium_airport,2,5097,45.62098,-121.17078
KDMA,DMA,Davis Monthan Air Force Base,Tucson,US,US-AZ,NA,medium_airport,1,13643,32.16650,-110.88300
KDMN,DMN,Deming Municipal Airport,Deming,US,US-NM,NA,medium_airport,2,8018,32.26230,-107.72100
KDNL,DNL,Daniel Field,Augusta,US,US-GA,NA,medium_airport,2,4002,33.46650,-82.03940
KDOV,DOV,Dover Civil Air Terminal/Dover Air Force Base,Dover,US,US-DE,NA,medium_airport,2,12903,39.12950,-75.46600
KDPA,DPA,Dupage Airport,Chicago/West Chicago,US,US-IL,NA,medium_airport,4,7571,41.90780,-88.24860
KDRA,DRA,Desert Rock Airport,Mercury,US,US-NV,NA,medium_airport,1,7515,36.61940,-116.03300
KDRI,DRI,Beauregard Regional Airport,DeRidder,US,US-LA,NA,medium_airport,2,5494,30.83170,-93.33990
KDRO,DRO,Durango La Plata County Airport,Durango,US,US-CO,NA,medium_airport,1,9201,37.15150,-107.75400
KDRT,DRT,Del Rio International Airport,Del Rio,US,US-TX,NA,medium_airport,1,6300,29.37420,-100.92700
KDSM,DSM,Des Moines International Airport,Des Moines,US,US-IA,NA,large_airport,2,9004,41.53403,-93.65672
KDTS,DSI,Destin Executive Airport,Destin,US,US-FL,NA,medium_airport,1,5001,30.40010,-86.47150
KDTW,DTW,Detroit Metropolitan Wayne County Airport,Detroit,US,US-MI,NA,large_airport,6,12003,42.21377,-83.35379
KDUA,DUA,Durant Regional Airport - Eaker Field,Durant,US,US-OK,NA,medium_airport,1,6800,33.93968,-96.39507
KDUG,DUG,Bisbee Douglas International Airport,Douglas Bisbee,US,US-AZ,NA,medium_airport,2,6430,31.46414,-109.60456
KDUJ,DUJ,DuBois Regional Airport,Dubois,US,US-PA,NA,medium_airport,1,5503,41.17830,-78.89870
KDVL,DVL,Devils Lake Regional Airport,Devils Lake,US,US-ND,NA,medium_airport,2,6400,48.11545,-98.90880
KDXR,DXR,Danbury Municipal Airport,Danbury,US,US-CT,NA,medium_airport,2,4421,41.37166,-73.48223
KDYS,DYS,Dyess Air Force Base,Abilene,US,US-TX,NA,medium_airport,3,13500,32.42080,-99.85460
KEAR,EAR,Kearney Regional Airport,Kearney,US,US-NE,NA,medium_airport,2,7094,40.72700,-99.00680
KEAT,EAT,Pangborn Memorial Airport,Wenatchee,US,US-WA,NA,medium_airport,1,7000,47.39890,-120.20700
KEAU,EAU,Chippewa Valley Regional Airport,Eau Claire,US,US-WI,NA,medium_airport,2,8101,44.86580,-91.48430
KECG,ECG,Elizabeth City Regional Airport & Coast Guard Air Station,Elizabeth City,US,US-NC,NA,medium_airport,1,7219,36.26060,-76.17460
KECP,ECP,Northwest Florida Beaches International Airport,Panama City Beach,US,US-FL,NA,medium_airport,1,10000,30.35711,-85.79541
KEDC,,Austin Executive Airport,Pflugerville,US,US-TX,NA,medium_airport,2,6025,30.39805,-97.56691
KEDW,EDW,Edwards Air Force Base,Edwards,US,US-CA,NA,medium_airport,3,16798,34.91078,-117.88639
KEED,EED,Needles Airport,Needles,US,US-CA,NA,medium_airport,2,5005,34.76630,-114.62300
KEEN,EEN,Dillant Hopkins Airport,Keene,US,US-NH,NA,medium_airport,2,6201,42.89840,-72.27080
KEET,,Shelby County Airport,Alabaster,US,US-AL,NA,medium_airport,1,5000,33.17700,-86.78280
KEFD,EFD,Ellington Airport,Houston,US,US-TX,NA,medium_airport,2,9001,29.60730,-95.15880
KEGE,EGE,Eagle County Regional Airport,Eagle,US,US-CO,NA,medium_airport,1,9000,39.64260,-106.91800
KEGI,EGI,Duke Field,Crestview,US,US-FL,NA,medium_airport,1,8025,30.65040,-86.52290
KEKA,EKA,Murray Field,Eureka,US,US-CA,NA,medium_airport,1,3011,40.80340,-124.11300
KEKN,EKN,Elkins-Randolph County Regional Airport,Elkins,US,US-WV,NA,medium_airport,2,4544,38.88976,-79.85765
KEKO,EKO,Elko Regional Airport,Elko,US,US-NV,NA,medium_airport,2,7214,40.82490,-115.79200
KELD,ELD,South Arkansas Regional Airport at Goodwin Field,El Dorado,US,US-AR,NA,medium_airport,1,6601,33.22100,-92.81330
KELM,ELM,Elmira Corning Regional Airport,Elmira/Corning,US,US-NY,NA,medium_airport,3,8001,42.15990,-76.89160
KELO,LYU,Ely Municipal Airport,Ely,US,US-MN,NA,medium_airport,1,5596,47.82450,-91.83070
KELP,ELP,El Paso International Airport,El Paso,US,US-TX,NA,large_airport,3,12020,31.80991,-106.37561
KELY,ELY,Ely Airport Yelland Field,Ely,US,US-NV,NA,medium_airport,2,6017,39.29970,-114.84200
KEND,END,Vance Air Force Base,Enid,US,US-OK,NA,medium_airport,3,9217,36.33920,-97.91650
KENV,ENV,Wendover Airport,Wendover,US,US-UT,NA,medium_airport,2,10002,40.71870,-114.03100
KENW,ENW,Kenosha Regional Airport,Kenosha,US,US-WI,NA,medium_airport,3,6600,42.59570,-87.92780
KERI,ERI,Erie International Tom Ridge Field,Erie,US,US-PA,NA,medium_airport,2,8420,42.08313,-80.17387
KESC,ESC,Delta County Airport,Escanaba,US,US-MI,NA,medium_airport,2,6498,45.72320,-87.08862
KESF,ESF,Esler Army Airfield / Esler Regional Airport,Alexandria,US,US-LA,NA,medium_airport,2,5998,31.39427,-92.29408
KEUG,EUG,Eugene Airport,Eugene,US,US-OR,NA,medium_airport,2,8009,44.12460,-123.21200
KEVV,EVV,Evansville Regional Airport,Evansville,US,US-IN,NA,medium_airport,3,8021,38.03700,-87.53240
KEVW,EVW,Evanston-Uinta County Airport-Burns Field,Evanston,US,US-WY,NA,medium_airport,1,7300,41.27480,-111.03500
KEWB,EWB,New Bedford Regional Airport,New Bedford,US,US-MA,NA,medium_airport,2,5400,41.67610,-70.95690
KEWN,EWN,Coastal Carolina Regional Airport,New Bern,US,US-NC,NA,medium_airport,2,6452,35.07300,-77.04290
KEWR,EWR,Newark Liberty International Airport,Newark,US,US-NJ,NA,large_airport,3,11000,40.68940,-74.17055
KEYW,EYW,Key West International Airport,Key West,US,US-FL,NA,medium_airport,1,5076,24.55612,-81.75958
KFAF,FAF,Felker Army Air Field,Newport News (Fort Eustis),US,US-VA,NA,medium_airport,1,3025,37.13250,-76.60880
KFAR,FAR,Hector International Airport,Fargo,US,US-ND,NA,medium_airport,3,9001,46.92070,-96.81580
KFAT,FAT,Fresno Yosemite International Airport,Fresno,US,US-CA,NA,large_airport,2,9539,36.77577,-119.71802
KFAY,FAY,Fayetteville Regional Airport - Grannis Field,Fayetteville,US,US-NC,NA,medium_airport,2,7709,34.99120,-78.88030
KFBG,FBG,Simmons Army Air Field,Fort Bragg,US,US-NC,NA,medium_airport,1,4121,35.13180,-78.93670
KFCS,FCS,Butts AAF (Fort Carson) Air Field,Fort Carson,US,US-CO,NA,medium_airport,1,4500,38.67840,-104.75700
KFDY,FDY,Findlay Airport,Findlay,US,US-OH,NA,medium_airport,2,6499,41.01350,-83.66870
KFFO,FFO,Wright-Patterson Air Force Base,Dayton,US,US-OH,NA,medium_airport,2,12600,39.82610,-84.04830
KFHR,FRD,Friday Harbor Airport,Friday Harbor,US,US-WA,NA,medium_airport,1,3402,48.52365,-123.02465
KFHU,FHU,Sierra Vista Municipal Airport / Libby Army Air Field,Fort Huachuca / Sierra Vista,US,US-AZ,NA,medium_airport,3,12001,31.58738,-110.34822
KFKL,FKL,Venango Regional Airport,Franklin,US,US-PA,NA,medium_airport,2,5200,41.37790,-79.86040
KFLG,FLG,Flagstaff Pulliam Airport,Flagstaff,US,US-AZ,NA,medium_airport,1,8800,35.13976,-111.66983
KFLL,FLL,Fort Lauderdale Hollywood International Airport,Fort Lauderdale,US,US-FL,NA,large_airport,2,9000,26.07260,-80.15270
KFLO,FLO,Florence Regional Airport,Florence,US,US-SC,NA,medium_airport,2,6502,34.18540,-79.72390
KFME,FME,Fort Meade Executive Airport,Fort Meade(Odenton),US,US-MD,NA,medium_airport,1,3000,39.08540,-76.75940
KFMN,FMN,Four Corners Regional Airport,Farmington,US,US-NM,NA,medium_airport,2,6704,36.74120,-108.23000
KFMY,FMY,Page Field,Fort Myers,US,US-FL,NA,medium_airport,2,6406,26.58660,-81.86330
KFNL,FNL,Northern Colorado Regional Airport,Loveland,US,US-CO,NA,medium_airport,2,8500,40.44969,-105.01127
KFNT,FNT,Bishop International Airport,Flint,US,US-MI,NA,medium_airport,2,7852,42.96929,-83.74335
KFOD,FOD,Fort Dodge Regional Airport,Fort Dodge,US,US-IA,NA,medium_airport,2,6547,42.55262,-94.19124
KFOE,FOE,Topeka Regional Airport,Topeka,US,US-KS,NA,medium_airport,2,12803,38.95090,-95.66360
KFPR,FPR,Treasure Coast International Airport,Fort Pierce,US,US-FL,NA,medium_airport,2,6492,27.49510,-80.36830
KFRG,FRG,Republic Airport,East Farmingdale,US,US-NY,NA,medium_airport,2,6833,40.72858,-73.41427
KFRI,FRI,Marshall Army Air Field,Fort Riley (Junction City),US,US-KS,NA,medium_airport,1,4503,39.05302,-96.76420
KFSD,FSD,Sioux Falls Regional Airport,Sioux Falls,US,US-SD,NA,medium_airport,3,9000,43.58546,-96.74115
KFSI,FSI,Henry Post Army Air Field,Fort Sill,US,US-OK,NA,medium_airport,1,5002,34.64980,-98.40220
KFSM,FSM,Fort Smith Regional Airport,Fort Smith,US,US-AR,NA,medium_airport,1,8000,35.33660,-94.36740
KFST,FST,Fort Stockton Pecos County Airport,Fort Stockton,US,US-TX,NA,medium_airport,5,7508,30.91570,-102.91600
KFTK,FTK,Godman Army Air Field,Fort Knox,US,US-KY,NA,medium_airport,3,5184,37.90710,-85.97210
KFTW,FTW,Fort Worth Meacham International Airport,Fort Worth,US,US-TX,NA,medium_airport,2,7502,32.81992,-97.36082
KFTY,FTY,Fulton County Airport Brown Field,Atlanta,US,US-GA,NA,medium_airport,1,5797,33.77910,-84.52140
KFWA,FWA,Fort Wayne International Airport,Fort Wayne,US,US-IN,NA,medium_airport,3,11981,40.97890,-85.19446
KFXE,FXE,Fort Lauderdale Executive Airport,Fort Lauderdale,US,US-FL,NA,medium_airport,2,6002,26.19730,-80.17070
KFYV,FYV,Drake Field,Fayetteville,US,US-AR,NA,medium_airport,1,6005,36.00510,-94.17010
KGCC,GCC,Northeast Wyoming Regional Airport,Gillette,US,US-WY,NA,medium_airport,2,7501,44.34890,-105.53900
KGCK,GCK,Garden City Regional Airport,Garden City,US,US-KS,NA,medium_airport,2,7299,37.92750,-100.72400
KGCN,GCN,Grand Canyon National Park Airport,Grand Canyon - Tusayan,US,US-AZ,NA,medium_airport,1,8999,35.95240,-112.14700
KGDV,GDV,Dawson Community Airport,Glendive,US,US-MT,NA,medium_airport,2,5704,47.13766,-104.80691
KGEG,GEG,Spokane International Airport,Spokane,US,US-WA,NA,large_airport,2,11002,47.61990,-117.53400
KGFK,GFK,Grand Forks International Airport,Grand Forks,US,US-ND,NA,medium_airport,4,7351,47.94930,-97.17610
KGFL,GFL,Floyd Bennett Memorial Airport,Glens Falls,US,US-NY,NA,medium_airport,2,5000,43.34120,-73.61030
KGGG,GGG,East Texas Regional Airport,Longview,US,US-TX,NA,medium_airport,2,10000,32.38400,-94.71150
KGGW,GGW,Glasgow Valley County Airport Wokal Field,Glasgow,US,US-MT,NA,medium_airport,2,5002,48.21250,-106.61500
KGJT,GJT,Grand Junction Regional Airport,Grand Junction,US,US-CO,NA,medium_airport,2,9339,39.12666,-108.52939
KGLD,GLD,Goodland Municipal Airport,Goodland,US,US-KS,NA,medium_airport,3,5499,39.37070,-101.69975
KGLH,GLH,Mid Delta Regional Airport,Greenville,US,US-MS,NA,medium_airport,2,8001,33.48290,-90.98560
KGLS,GLS,Scholes International At Galveston Airport,Galveston,US,US-TX,NA,medium_airport,2,6001,29.26530,-94.86040
KGMU,GMU,Greenville Downtown Airport,Greenville,US,US-SC,NA,medium_airport,2,5393,34.84790,-82.35022
KGNV,GNV,Gainesville Regional Airport,Gainesville,US,US-FL,NA,medium_airport,2,7504,29.69010,-82.27180
KGON,GON,Groton New London Airport,Groton,US,US-CT,NA,medium_airport,2,5000,41.33010,-72.04510
KGPI,FCA,Glacier Park International Airport,Kalispell,US,US-MT,NA,medium_airport,2,9007,48.31050,-114.25600
KGPT,GPT,Gulfport Biloxi International Airport,Gulfport,US,US-MS,NA,medium_airport,2,9002,30.40558,-89.06984
KGRB,GRB,Austin Straubel International Airport,Green Bay,US,US-WI,NA,medium_airport,2,8700,44.48346,-88.13080
KGRF,GRF,Gray Army Air Field,Joint Base Lewis McChord,US,US-WA,NA,medium_airport,1,6124,47.07920,-122.58100
KGRI,GRI,Central Nebraska Regional Airport,Grand Island,US,US-NE,NA,medium_airport,2,7002,40.96750,-98.30960
KGRK,GRK,Killeen Regional Airport / Robert Gray Army Airfield,Fort Cavazos,US,US-TX,NA,medium_airport,1,9997,31.06720,-97.82890
KGRR,GRR,Gerald R. Ford International Airport,Grand Rapids,US,US-MI,NA,large_airport,3,10001,42.88080,-85.52280
KGSB,GSB,Seymour Johnson Air Force Base,Goldsboro,US,US-NC,NA,medium_airport,1,11760,35.33940,-77.96060
KGSO,GSO,Piedmont Triad International Airport,Greensboro,US,US-NC,NA,large_airport,3,10001,36.09937,-79.93726
KGSP,GSP,Greenville-Spartanburg International Airport,Greenville/Greer/Spartanburg,US,US-SC,NA,medium_airport,1,11001,34.89570,-82.21890
KGTB,,Wheeler Sack Army Air Field,Fort Drum,US,US-NY,NA,medium_airport,3,10000,44.05560,-75.71950
KGTF,GTF,Great Falls International Airport,Great Falls,US,US-MT,NA,medium_airport,3,10502,47.48200,-111.37100
KGTR,GTR,Golden Triangle Regional Airport,Columbus/W Point/Starkville,US,US-MS,NA,medium_airport,1,8003,33.45030,-88.59140
KGUC,GUC,Gunnison Crested Butte Regional Airport,Gunnison,US,US-CO,NA,medium_airport,2,9400,38.53467,-106.93457
KGUP,GUP,Gallup Municipal Airport,Gallup,US,US-NM,NA,medium_airport,1,7312,35.51165,-108.78817
KGUS,GUS,Grissom Air Reserve Base,Peru,US,US-IN,NA,medium_airport,1,12501,40.64810,-86.15210
KGUY,GUY,Guymon Municipal Airport,Guymon,US,US-OK,NA,medium_airport,2,5904,36.68510,-101.50800
KGWO,GWO,Greenwood–Leflore Airport,Greenwood,US,US-MS,NA,medium_airport,3,6501,33.49502,-90.08820
KGYI,PNX,North Texas Regional Airport Perrin Field,Denison,US,US-TX,NA,medium_airport,2,9000,33.71410,-96.67370
KGYY,GYY,Gary/Chicago International Airport,Gary,US,US-IN,NA,medium_airport,2,8859,41.61709,-87.41321
KHBG,HBG,Hattiesburg Bobby L Chain Municipal Airport,Hattiesburg,US,US-MS,NA,medium_airport,1,6094,31.26480,-89.25280
KHBR,HBR,Hobart Regional Airport,Hobart,US,US-OK,NA,medium_airport,2,5507,34.99132,-99.05131
KHDN,HDN,Yampa Valley Airport,Hayden,US,US-CO,NA,medium_airport,1,10000,40.48120,-107.21800
KHEF,MNZ,Washington Manassas Harry P. Davis Field,Manassas,US,US-VA,NA,medium_airport,2,6200,38.72302,-77.51542
KHFD,HFD,Hartford Brainard Airport,Hartford,US,US-CT,NA,medium_airport,3,4417,41.73670,-72.64940
KHGR,HGR,Hagerstown Regional Richard A Henson Field,Hagerstown,US,US-MD,NA,medium_airport,2,7000,39.70877,-77.72801
KHHR,HHR,Jack Northrop Field Hawthorne Municipal Airport,Hawthorne,US,US-CA,NA,medium_airport,1,4884,33.92280,-118.33500
KHIB,HIB,Range Regional Airport,Hibbing,US,US-MN,NA,medium_airport,2,6758,47.38483,-92.83691
KHIF,HIF,Hill Air Force Base,Ogden,US,US-UT,NA,medium_airport,1,13500,41.12403,-111.97309
KHII,HII,Lake Havasu City Airport,Lake Havasu City,US,US-AZ,NA,medium_airport,1,8000,34.57051,-114.35774
KHIO,HIO,Portland Hillsboro Airport,Portland,US,US-OR,NA,medium_airport,3,6600,45.54040,-122.95000
KHKY,HKY,Hickory Regional Airport,Hickory,US,US-NC,NA,medium_airport,1,6401,35.74110,-81.38950
KHLG,HLG,Wheeling Ohio County Airport,Wheeling,US,US-WV,NA,medium_airport,2,5002,40.17500,-80.64630
KHLN,HLN,Helena Regional Airport,Helena,US,US-MT,NA,medium_airport,3,9000,46.60680,-111.98300
KHMN,HMN,Holloman Air Force Base,Alamogordo,US,US-NM,NA,medium_airport,3,12922,32.85250,-106.10700
KHOB,HOB,Lea County Regional Airport,Hobbs,US,US-NM,NA,medium_airport,3,8000,32.68750,-103.21700
KHON,HON,Huron Regional Airport,Huron,US,US-SD,NA,medium_airport,2,7201,44.38520,-98.22850
KHOP,HOP,Campbell Army Airfield (Fort Campbell),Fort Campbell,US,US-KY,NA,medium_airport,2,10926,36.67415,-87.48974
KHOT,HOT,Memorial Field Airport,Hot Springs,US,US-AR,NA,medium_airport,2,6595,34.47880,-93.09626
KHOU,HOU,William P. Hobby Airport,Houston,US,US-TX,NA,large_airport,3,7602,29.64534,-95.27681
KHPN,HPN,Westchester County Airport,White Plains,US,US-NY,NA,medium_airport,2,6549,41.06700,-73.70760
KHQM,HQM,Bowerman Airport,Hoquiam,US,US-WA,NA,medium_airport,1,5000,46.97120,-123.93700
KHRL,HRL,Valley International Airport,Harlingen,US,US-TX,NA,medium_airport,3,9400,26.22850,-97.65440
KHRO,HRO,Boone County Airport,Harrison,US,US-AR,NA,medium_airport,1,6161,36.26150,-93.15470
KHRT,,Hurlburt Field,Mary Esther,US,US-FL,NA,medium_airport,1,9600,30.42780,-86.68930
KHST,HST,Homestead Air Reserve Base,Homestead,US,US-FL,NA,medium_airport,1,11201,25.48860,-80.38360
KHSV,HSV,Huntsville International Airport,Huntsville,US,US-AL,NA,medium_airport,2,12600,34.63624,-86.77438
KHTS,HTS,Tri-State Airport / Milton J. Ferguson Field,Huntington,US,US-WV,NA,medium_airport,1,7017,38.36670,-82.55800
KHUA,HUA,Redstone Army Air Field,Redstone Arsnl Huntsville,US,US-AL,NA,medium_airport,1,7300,34.67870,-86.68480
KHUF,HUF,"Terre Haute Regional Airport, Hulman Field",Terre Haute,US,US-IN,NA,medium_airport,2,9021,39.45150,-87.30760
KHUL,HUL,Houlton International Airport,Houlton,US,US-ME,NA,medium_airport,2,5015,46.12310,-67.79210
KHUT,HUT,Hutchinson Municipal Airport,Hutchinson,US,US-KS,NA,medium_airport,3,7003,38.06550,-97.86060
KHVN,HVN,Tweed New Haven Airport,New Haven,US,US-CT,NA,medium_airport,1,5600,41.26287,-72.88769
KHVR,HVR,Havre City County Airport,Havre,US,US-MT,NA,medium_airport,2,5205,48.54139,-109.76286
KHWO,HWO,North Perry Airport,Hollywood,US,US-FL,NA,medium_airport,4,3463,26.00120,-80.24070
KHXD,HHH,Hilton Head Airport,Hilton Head Island,US,US-SC,NA,medium_airport,1,5000,32.22440,-80.69750
KHYA,HYA,Cape Cod Gateway Airport,Hyannis,US,US-MA,NA,medium_airport,2,5425,41.66930,-70.28040
KHYI,,San Marcos Regional Airport,San Marcos,US,US-TX,NA,medium_airport,3,6330,29.89270,-97.86300
KHYR,HYR,Sawyer County Airport,Hayward,US,US-WI,NA,medium_airport,2,5003,46.02520,-91.44430
KHYS,HYS,Hays Regional Airport,Hays,US,US-KS,NA,medium_airport,2,6501,38.84452,-99.27315
KHZY,JFN,Northeast Ohio Regional Airport,Ashtabula,US,US-OH,NA,medium_airport,1,5900,41.77800,-80.69550
KIAB,IAB,McConnell Air Force Base,Wichita,US,US-KS,NA,medium_airport,2,12007,37.62190,-97.26820
KIAD,IAD,Washington Dulles International Airport,Dulles,US,US-VA,NA,large_airport,4,11500,38.94450,-77.45580
KIAG,IAG,Niagara Falls International Airport,Niagara Falls,US,US-NY,NA,medium_airport,2,9826,43.10730,-78.94620
KIAH,IAH,George Bush Intercontinental Airport,Houston,US,US-TX,NA,large_airport,5,12001,29.98440,-95.34140
KICT,ICT,Wichita Dwight D. Eisenhower National Airport,Wichita,US,US-KS,NA,medium_airport,3,10302,37.65031,-97.42858
KIDA,IDA,Idaho Falls Regional Airport,Idaho Falls,US,US-ID,NA,medium_airport,2,9002,43.51460,-112.07100
KIFP,IFP,Laughlin Bullhead International Airport,Bullhead City,US,US-AZ,NA,medium_airport,1,8501,35.15473,-114.55932
KIGM,IGM,Kingman Airport,Kingman,US,US-AZ,NA,medium_airport,2,6827,35.25950,-113.93800
KIKK,IKK,Greater Kankakee Airport,Kankakee,US,US-IL,NA,medium_airport,2,5981,41.07140,-87.84630
KILG,ILG,Wilmington Airport,Wilmington,US,US-DE,NA,medium_airport,3,7275,39.67870,-75.60650
KILM,ILM,Wilmington International Airport,Wilmington,US,US-NC,NA,medium_airport,2,8016,34.27235,-77.90512
KILN,ILN,Wilmington Airpark,Wilmington,US,US-OH,NA,medium_airport,2,10701,39.42790,-83.79210
KIMT,IMT,Ford Airport,Kingsford,US,US-MI,NA,medium_airport,2,6502,45.81911,-88.11456
KIND,IND,Indianapolis International Airport,Indianapolis,US,US-IN,NA,large_airport,3,11200,39.71730,-86.29440
KINK,INK,Winkler County Airport,Wink,US,US-TX,NA,medium_airport,2,5003,31.77960,-103.20100
KINL,INL,Falls International Airport,International Falls,US,US-MN,NA,medium_airport,2,7400,48.56620,-93.40310
KINT,INT,Smith Reynolds Airport,Winston Salem,US,US-NC,NA,medium_airport,2,6655,36.13370,-80.22200
KINW,INW,Winslow Lindbergh Regional Airport,Winslow,US,US-AZ,NA,medium_airport,2,7499,35.02190,-110.72300
KIPL,IPL,Imperial County Airport,Imperial,US,US-CA,NA,medium_airport,2,5308,32.83539,-115.57403
KIPT,IPT,Williamsport Regional Airport,Williamsport,US,US-PA,NA,medium_airport,2,6825,41.24213,-76.92245
KIRK,IRK,Kirksville Regional Airport,Kirksville,US,US-MO,NA,medium_airport,2,6005,40.09350,-92.54490
KISM,ISM,Kissimmee Gateway Airport,Orlando,US,US-FL,NA,medium_airport,2,6001,28.28980,-81.43710
KISO,ISO,Kinston Regional Jetport At Stallings Field,Kinston,US,US-NC,NA,medium_airport,1,11498,35.33140,-77.60880
KISP,ISP,Long Island MacArthur Airport,Islip,US,US-NY,NA,medium_airport,3,7006,40.79632,-73.10170
KITH,ITH,Ithaca Tompkins Regional Airport,Ithaca,US,US-NY,NA,medium_airport,2,6977,42.49100,-76.45840
KIWA,AZA,Mesa Gateway Airport,Mesa,US,US-AZ,NA,medium_airport,3,10401,33.30780,-111.65500
KJAC,JAC,Jackson Hole Airport,Jackson,US,US-WY,NA,medium_airport,1,6300,43.60730,-110.73800
KJAN,JAN,Jackson-Medgar Wiley Evers International Airport,Jackson,US,US-MS,NA,medium_airport,2,8500,32.31120,-90.07590
KJAX,JAX,Jacksonville International Airport,Jacksonville,US,US-FL,NA,large_airport,2,10000,30.49247,-81.68781
KJBR,JBR,Jonesboro Municipal Airport,Jonesboro,US,US-AR,NA,medium_airport,2,6200,35.83170,-90.64640
KJCT,JCT,Kimble County Airport,Junction,US,US-TX,NA,medium_airport,2,5004,30.51130,-99.76350
KJFK,JFK,John F. Kennedy International Airport,New York,US,US-NY,NA,large_airport,4,14511,40.63945,-73.77932
KJHW,JHW,Chautauqua County-Jamestown Airport,Jamestown,US,US-NY,NA,medium_airport,2,5300,42.15425,-79.25401
KJKL,,Julian Carroll Airport,Jackson,US,US-KY,NA,medium_airport,1,4400,37.59390,-83.31730
KJLN,JLN,Joplin Regional Airport,Joplin,US,US-MO,NA,medium_airport,2,6502,37.15180,-94.49830
KJMS,JMS,Jamestown Regional Airport,Jamestown,US,US-ND,NA,medium_airport,2,6502,46.92970,-98.67820
KJNX,,Johnston Regional Airport,Smithfield,US,US-NC,NA,medium_airport,1,5500,35.54090,-78.39030
KJQF,USA,Concord-Padgett Regional Airport,Concord,US,US-NC,NA,medium_airport,1,7402,35.38780,-80.70910
KJST,JST,John Murtha Johnstown Cambria County Airport,Johnstown,US,US-PA,NA,medium_airport,2,7004,40.31610,-78.83390
KJWY,,Mid-Way Regional Airport,Midlothian/Waxahachie,US,US-TX,NA,medium_airport,1,6500,32.45870,-96.91240
KJXN,JXN,Jackson County Airport/Reynolds Field,Jackson,US,US-MI,NA,medium_airport,2,5351,42.26051,-84.46302
KKLS,KLS,Southwest Washington Regional Airport,Kelso,US,US-WA,NA,medium_airport,1,4391,46.11800,-122.89800
KL45,,Bakersfield International Airport,Bakersfield,US,US-CA,NA,medium_airport,1,4000,35.32480,-118.99600
KL71,,California City Municipal Airport,California City,US,US-CA,NA,medium_airport,1,6027,35.15138,-118.01606
KLAA,LAA,Southeast Colorado Regional Airport,Lamar,US,US-CO,NA,medium_airport,2,6304,38.06641,-102.69137
KLAF,LAF,Purdue University Airport,West Lafayette,US,US-IN,NA,medium_airport,2,6600,40.41287,-86.93936
KLAL,LAL,Lakeland Linder International Airport,Lakeland,US,US-FL,NA,medium_airport,2,8500,27.98927,-82.02071
KLAN,LAN,Capital Region International Airport,Lansing,US,US-MI,NA,medium_airport,3,8506,42.77758,-84.58572
KLAR,LAR,Laramie Regional Airport,Laramie,US,US-WY,NA,medium_airport,2,8503,41.31210,-105.67500
KLAS,LAS,Harry Reid International Airport,Las Vegas,US,US-NV,NA,large_airport,4,14835,36.08336,-115.15182
KLAW,LAW,Lawton Fort Sill Regional Airport,Lawton,US,US-OK,NA,medium_airport,1,8599,34.56770,-98.41660
KLAX,LAX,Los Angeles International Airport,Los Angeles,US,US-CA,NA,large_airport,4,12894,33.94250,-118.40800
KLBB,LBB,Lubbock Preston Smith International Airport,Lubbock,US,US-TX,NA,medium_airport,3,11500,33.66360,-101.82300
KLBE,LBE,Arnold Palmer Regional Airport,Latrobe,US,US-PA,NA,medium_airport,1,8222,40.27590,-79.40480
KLBF,LBF,North Platte Regional Airport Lee Bird Field,North Platte,US,US-NE,NA,medium_airport,2,8001,41.12620,-100.68400
KLBL,LBL,Liberal Mid-America Regional Airport,Liberal,US,US-KS,NA,medium_airport,2,7105,37.04420,-100.96000
KLBT,LBT,Lumberton Regional Airport,Lumberton,US,US-NC,NA,medium_airport,2,5505,34.61077,-79.05943
KLBX,LJN,Texas Gulf Coast Regional Airport,Angleton,US,US-TX,NA,medium_airport,1,7000,29.10860,-95.46210
KLCH,LCH,Lake Charles Regional Airport,Lake Charles,US,US-LA,NA,medium_airport,2,6500,30.12610,-93.22330
KLCK,LCK,Rickenbacker International Airport,Columbus,US,US-OH,NA,medium_airport,2,12103,39.81380,-82.92780
KLEB,LEB,Lebanon Municipal Airport,Lebanon,US,US-NH,NA,medium_airport,2,5496,43.62610,-72.30420
KLEE,LEE,Leesburg International Airport,Leesburg,US,US-FL,NA,medium_airport,2,6300,28.82310,-81.80870
KLEX,LEX,Blue Grass Airport,Lexington,US,US-KY,NA,medium_airport,2,7004,38.03507,-84.60674
KLFI,LFI,Langley Air Force Base,Hampton,US,US-VA,NA,medium_airport,1,10002,37.08290,-76.36050
KLFK,LFK,Angelina County Airport,Lufkin,US,US-TX,NA,medium_airport,2,5400,31.23400,-94.75000
KLFT,LFT,Lafayette Regional Airport,Lafayette,US,US-LA,NA,medium_airport,3,8000,30.20530,-91.98760
KLGA,LGA,LaGuardia Airport,New York,US,US-NY,NA,large_airport,2,7002,40.77720,-73.87260
KLGB,LGB,Long Beach International Airport,Long Beach,US,US-CA,NA,large_airport,3,10000,33.81652,-118.14989
KLGU,LGU,Logan-Cache Airport,Logan,US,US-UT,NA,medium_airport,2,9020,41.79120,-111.85200
KLIT,LIT,Bill & Hillary Clinton National Airport/Adams Field,Little Rock,US,US-AR,NA,medium_airport,3,8273,34.72922,-92.22359
KLLQ,,Monticello Municipal Ellis Field,Monticello,US,US-AR,NA,medium_airport,1,5020,33.63860,-91.75100
KLMT,LMT,Crater Lake-Klamath Regional Airport,Klamath Falls,US,US-OR,NA,medium_airport,2,10302,42.15610,-121.73300
KLND,LND,Hunt Field,Lander,US,US-WY,NA,medium_airport,1,5000,42.81520,-108.73000
KLNK,LNK,Lincoln Airport,Lincoln,US,US-NE,NA,medium_airport,3,12901,40.84488,-96.76178
KLNS,LNS,Lancaster Airport,Lancaster,US,US-PA,NA,medium_airport,2,6933,40.12170,-76.29610
KLOL,LOL,Derby Field,Lovelock,US,US-NV,NA,medium_airport,2,5529,40.06640,-118.56500
KLOU,LOU,Bowman Field,Louisville,US,US-KY,NA,medium_airport,2,4358,38.22800,-85.66370
KLOZ,LOZ,London-Corbin Airport/Magee Field,London,US,US-KY,NA,medium_airport,1,5750,37.08220,-84.08490
KLRD,LRD,Laredo International Airport,Laredo,US,US-TX,NA,medium_airport,3,8743,27.54380,-99.46160
KLRF,LRF,Little Rock Air Force Base,Jacksonville,US,US-AR,NA,medium_airport,2,12001,34.91690,-92.14970
KLRU,LRU,Las Cruces International Airport,Las Cruces,US,US-NM,NA,medium_airport,3,7506,32.28940,-106.92200
KLSE,LSE,La Crosse Regional Airport,La Crosse,US,US-WI,NA,medium_airport,3,8742,43.87900,-91.25670
KLSF,LSF,Lawson Army Air Field,Fort Benning,US,US-GA,NA,medium_airport,1,10002,32.33255,-84.98800
KLSV,LSV,Nellis Air Force Base,Las Vegas,US,US-NV,NA,medium_airport,2,10120,36.23620,-115.03400
KLTS,LTS,Altus Air Force Base,Altus,US,US-OK,NA,medium_airport,3,13440,34.66710,-99.26670
KLUF,LUF,Luke Air Force Base,Glendale,US,US-AZ,NA,medium_airport,2,10000,33.53500,-112.38300
KLUK,LUK,Cincinnati Municipal Airport Lunken Field,Cincinnati,US,US-OH,NA,medium_airport,3,6101,39.10236,-84.41894
KLVM,LVM,Mission Field,Livingston,US,US-MT,NA,medium_airport,3,5701,45.69940,-110.44800
KLVS,LVS,Las Vegas Municipal Airport,Las Vegas,US,US-NM,NA,medium_airport,2,8199,35.65420,-105.14200
KLWB,LWB,Greenbrier Valley Airport,Lewisburg,US,US-WV,NA,medium_airport,1,7003,37.85791,-80.40044
KLWM,LWM,Lawrence Municipal Airport,Lawrence,US,US-MA,NA,medium_airport,2,5001,42.71720,-71.12340
KLWS,LWS,Lewiston Nez Perce County Airport,Lewiston,US,US-ID,NA,medium_airport,2,6511,46.37450,-117.01500
KLWT,LWT,Lewistown Municipal Airport,Lewistown,US,US-MT,NA,medium_airport,3,6100,47.04843,-109.46614
KLYH,LYH,Lynchburg Regional Airport - Preston Glenn Field,Lynchburg,US,US-VA,NA,medium_airport,2,7100,37.32670,-79.20040
KMAF,MAF,Midland International Air and Space Port,Midland,US,US-TX,NA,medium_airport,4,9501,31.94250,-102.20200
KMBG,MBG,Mobridge Municipal Airport,Mobridge,US,US-SD,NA,medium_airport,2,4410,45.54650,-100.40800
KMBS,MBS,MBS International Airport,Freeland,US,US-MI,NA,medium_airport,2,8002,43.53318,-84.08310
KMCB,MCB,McComb-Pike County Airport / John E Lewis Field,McComb,US,US-MS,NA,medium_airport,1,5000,31.17850,-90.47190
KMCC,MCC,McClellan Airfield,Sacramento,US,US-CA,NA,medium_airport,1,10599,38.66760,-121.40100
KMCE,MCE,Merced Regional Macready Field,Merced,US,US-CA,NA,medium_airport,1,5914,37.28470,-120.51400
KMCF,MCF,MacDill Air Force Base,Tampa,US,US-FL,NA,medium_airport,1,11421,27.84930,-82.52120
KMCI,MCI,Kansas City International Airport,Kansas City,US,US-MO,NA,large_airport,3,10801,39.30170,-94.71389
KMCK,MCK,McCook Ben Nelson Regional Airport,McCook,US,US-NE,NA,medium_airport,3,6450,40.20779,-100.59279
KMCN,MCN,Middle Georgia Regional Airport,Macon,US,US-GA,NA,medium_airport,2,6500,32.69280,-83.64920
KMCO,MCO,Orlando International Airport,Orlando,US,US-FL,NA,large_airport,4,12005,28.42940,-81.30900
KMCW,MCW,Mason City Municipal Airport,Mason City,US,US-IA,NA,medium_airport,2,6501,43.15980,-93.32972
KMDH,MDH,Southern Illinois Airport,Murphysboro,US,US-IL,NA,medium_airport,3,6506,37.77810,-89.25200
KMDT,MDT,Harrisburg International Airport,Harrisburg,US,US-PA,NA,medium_airport,1,10001,40.19284,-76.76233
KMDW,MDW,Chicago Midway International Airport,Chicago,US,US-IL,NA,large_airport,4,6522,41.78600,-87.75240
KMEI,MEI,Key Field / Meridian Regional Airport,Meridian,US,US-MS,NA,medium_airport,2,10003,32.33260,-88.75190
KMEM,MEM,Frederick W. Smith International Airport,Memphis,US,US-TN,NA,large_airport,4,11120,35.04384,-89.97634
KMER,MER,Castle Airport,Merced,US,US-CA,NA,medium_airport,1,11802,37.38050,-120.56800
KMFD,MFD,Mansfield Lahm Regional Airport,Mansfield,US,US-OH,NA,medium_airport,2,9001,40.82140,-82.51660
KMFE,MFE,McAllen Miller International Airport,McAllen,US,US-TX,NA,medium_airport,2,7120,26.17614,-98.23797
KMFR,MFR,Rogue Valley International-Medford Airport,Medford,US,US-OR,NA,medium_airport,1,8800,42.37420,-122.87300
KMGC,MGC,Michigan City Municipal Airport,Michigan City,US,US-IN,NA,medium_airport,1,4099,41.70330,-86.82120
KMGE,MGE,Dobbins Air Reserve Base,Marietta,US,US-GA,NA,medium_airport,2,10002,33.91540,-84.51630
KMGM,MGM,Montgomery Regional (Dannelly Field) Airport,Montgomery,US,US-AL,NA,medium_airport,2,9020,32.30060,-86.39400
KMGW,MGW,Morgantown Municipal Airport Walter L. (Bill) Hart Field,Morgantown,US,US-WV,NA,medium_airport,1,5199,39.64330,-79.91760
KMHK,MHK,Manhattan Regional Airport,Manhattan,US,US-KS,NA,medium_airport,2,7400,39.14100,-96.67080
KMHR,MHR,Sacramento Mather Airport,Sacramento,US,US-CA,NA,medium_airport,2,11301,38.55474,-121.29799
KMHT,MHT,Manchester-Boston Regional Airport,Manchester,US,US-NH,NA,medium_airport,2,9250,42.93260,-71.43570
KMHV,MHV,Mojave Air &  Space Port,Mojave,US,US-CA,NA,medium_airport,3,12503,35.05639,-118.14534
KMIA,MIA,Miami International Airport,Miami,US,US-FL,NA,large_airport,4,13016,25.79601,-80.28975
KMIB,MIB,Minot Air Force Base,Minot,US,US-ND,NA,medium_airport,1,13197,48.41560,-101.35800
KMIE,MIE,Delaware County Johnson Field,Muncie,US,US-IN,NA,medium_airport,2,6500,40.24230,-85.39590
KMIV,MIV,Millville Municipal Airport,Millville,US,US-NJ,NA,medium_airport,2,6003,39.36780,-75.07220
KMKC,MKC,Charles B. Wheeler Downtown Airport,Kansas City,US,US-MO,NA,medium_airport,2,6827,39.12320,-94.59280
KMKE,MKE,General Mitchell International Airport,Milwaukee,US,US-WI,NA,large_airport,5,9990,42.94720,-87.89660
KMKG,MKG,Muskegon County Airport,Muskegon,US,US-MI,NA,medium_airport,2,6500,43.16950,-86.23820
KMKL,MKL,McKellar-Sipes Regional Airport,Jackson,US,US-TN,NA,medium_airport,2,6005,35.59990,-88.91560
KMLB,MLB,Melbourne Orlando International Airport,Melbourne,US,US-FL,NA,medium_airport,3,10181,28.10201,-80.64109
KMLC,MLC,Mc Alester Regional Airport,Mc Alester,US,US-OK,NA,medium_airport,1,5602,34.88240,-95.78350
KMLI,MLI,Quad City International Airport,Moline,US,US-IL,NA,medium_airport,3,10002,41.44850,-90.50750
KMLS,MLS,Miles City Airport - Frank Wiley Field,Miles City,US,US-MT,NA,medium_airport,2,5764,46.42727,-105.88537
KMLU,MLU,Monroe Regional Airport,Monroe,US,US-LA,NA,medium_airport,2,7504,32.51090,-92.03770
KMMH,MMH,Mammoth Yosemite Airport,Mammoth Lakes,US,US-CA,NA,medium_airport,1,7000,37.62538,-118.84306
KMMT,MMT,Mc Entire Joint National Guard Base,Eastover,US,US-SC,NA,medium_airport,2,9012,33.92080,-80.80130
KMMU,MMU,Morristown Municipal Airport,Morristown,US,US-NJ,NA,medium_airport,2,5998,40.79906,-74.41495
KMMV,,McMinnville Municipal Airport,McMinnville,US,US-OR,NA,medium_airport,2,5420,45.19440,-123.13600
KMOB,MOB,Mobile Regional Airport,Mobile,US,US-AL,NA,medium_airport,2,8502,30.69120,-88.24280
KMOD,MOD,Modesto City Co-Harry Sham Field,Modesto,US,US-CA,NA,medium_airport,2,5904,37.62580,-120.95400
KMOT,MOT,Minot International Airport,Minot,US,US-ND,NA,medium_airport,2,7700,48.25801,-101.27912
KMPV,MPV,Edward F Knapp State Airport,Barre/Montpelier,US,US-VT,NA,medium_airport,2,5000,44.20350,-72.56230
KMQY,MQY,Smyrna Airport,Smyrna,US,US-TN,NA,medium_airport,2,8038,36.00900,-86.52010
KMRB,MRB,Eastern WV Regional Airport/Shepherd Field,Martinsburg,US,US-WV,NA,medium_airport,1,8815,39.40190,-77.98460
KMRY,MRY,Monterey Regional Airport,Monterey,US,US-CA,NA,medium_airport,2,7175,36.58678,-121.84418
KMSL,MSL,Northwest Alabama Regional Airport,Muscle Shoals,US,US-AL,NA,medium_airport,2,6693,34.74512,-87.61298
KMSN,MSN,Dane County Regional Truax Field,Madison,US,US-WI,NA,medium_airport,3,9006,43.13990,-89.33750
KMSO,MSO,Missoula Montana Airport,Missoula,US,US-MT,NA,medium_airport,1,9501,46.91582,-114.09111
KMSP,MSP,Minneapolis–Saint Paul International Airport / Wold–Chamberlain Field,Minneapolis,US,US-MN,NA,large_airport,4,11006,44.88008,-93.22174
KMSS,MSS,Massena International Airport Richards Field,Massena,US,US-NY,NA,medium_airport,2,5601,44.93616,-74.84430
KMSY,MSY,Louis Armstrong New Orleans International Airport,New Orleans,US,US-LA,NA,large_airport,2,10104,29.99340,-90.26467
KMTC,MTC,Selfridge Air National Guard Base Airport,Mount Clemens,US,US-MI,NA,medium_airport,1,9000,42.61346,-82.83692
KMTH,MTH,Florida Keys Marathon International Airport,Marathon,US,US-FL,NA,medium_airport,1,5008,24.72601,-81.05138
KMTJ,MTJ,Montrose Regional Airport,Montrose,US,US-CO,NA,medium_airport,2,10000,38.50980,-107.89400
KMTN,MTN,Martin State Airport,Baltimore,US,US-MD,NA,medium_airport,1,6999,39.32570,-76.41380
KMUI,MUI,Muir Army Air Field (Fort Indiantown Gap) Airport,Fort Indiantown Gap(Annville),US,US-PA,NA,medium_airport,4,3981,40.43521,-76.56866
KMUO,MUO,Mountain Home Air Force Base,Mountain Home,US,US-ID,NA,medium_airport,1,13510,43.04360,-115.87200
KMWA,MWA,Veterans Airport of Southern Illinois,Marion,US,US-IL,NA,medium_airport,2,8012,37.75121,-89.01657
KMWH,MWH,Grant County International Airport,Moses Lake,US,US-WA,NA,medium_airport,5,13503,47.20770,-119.32000
KMWL,MWL,Mineral Wells Regional Airport,Mineral Wells,US,US-TX,NA,medium_airport,2,5996,32.78160,-98.06020
KMXF,MXF,Maxwell Air Force Base,Montgomery,US,US-AL,NA,medium_airport,2,8008,32.38290,-86.36580
KMYL,MYL,McCall Municipal Airport,McCall,US,US-ID,NA,medium_airport,1,6101,44.88884,-116.10111
KMYR,MYR,Myrtle Beach International Airport,Myrtle Beach,US,US-SC,NA,large_airport,1,9503,33.67970,-78.92830
KMYV,MYV,Yuba County Airport,Marysville,US,US-CA,NA,medium_airport,2,6007,39.09780,-121.57000
KNBC,,Beaufort MCAS - Merritt Field,Beaufort,US,US-SC,NA,medium_airport,2,12202,32.47740,-80.72320
KNBG,NBG,New Orleans NAS JRB/Alvin Callender Field,New Orleans,US,US-LA,NA,medium_airport,2,10000,29.82530,-90.03500
KNCA,,MCAS New River / McCutcheon Field,Jacksonville,US,US-NC,NA,medium_airport,2,5125,34.70840,-77.43970
KNDZ,,Whiting Field Naval Air Station South Airport,Milton,US,US-FL,NA,medium_airport,2,6002,30.70440,-87.02300
KNEL,NEL,Lakehurst Maxfield Field Airport,Lakehurst,US,US-NJ,NA,medium_airport,2,5002,40.03330,-74.35330
KNEW,NEW,Lakefront Airport,New Orleans,US,US-LA,NA,medium_airport,3,6879,30.04240,-90.02830
KNFG,,Camp Pendleton MCAS (Munn Field) Airport,Oceanside,US,US-CA,NA,medium_airport,1,6005,33.30130,-117.35500
KNFL,NFL,Fallon Naval Air Station,Fallon,US,US-NV,NA,medium_airport,3,14001,39.41660,-118.70100
KNFW,FWH,NAS Fort Worth JRB / Carswell Field,Fort Worth,US,US-TX,NA,medium_airport,1,11999,32.76920,-97.44150
KNGP,NGP,Naval Air Station Corpus Christi Truax Field,Corpus Christi,US,US-TX,NA,medium_airport,4,8001,27.69260,-97.29110
KNGU,NGU,Norfolk Naval Station (Chambers Field),Norfolk,US,US-VA,NA,medium_airport,1,8370,36.93760,-76.28930
KNHK,NHK,Patuxent River Naval Air Station (Trapnell Field),Patuxent River,US,US-MD,NA,medium_airport,3,11799,38.28600,-76.41180
KNID,,China Lake Naws (Armitage Field) Airport,China Lake,US,US-CA,NA,medium_airport,3,11199,35.68540,-117.69200
KNIP,NIP,Jacksonville Naval Air Station (Towers Field),Jacksonville,US,US-FL,NA,medium_airport,2,9003,30.23580,-81.68060
KNJK,NJK,El Centro NAF Airport (Vraciu Field),El Centro,US,US-CA,NA,medium_airport,2,9503,32.82920,-115.67200
KNKT,,Cherry Point MCAS / Cunningham Field/,Cherry Point,US,US-NC,NA,medium_airport,4,8978,34.90090,-76.88070
KNKX,NKX,Miramar Marine Corps Air Station - Mitscher Field,San Diego,US,US-CA,NA,medium_airport,6,12000,32.86840,-117.14300
KNLC,NLC,Lemoore Naval Air Station (Reeves Field) Airport,Lemoore,US,US-CA,NA,medium_airport,2,13502,36.33300,-119.95200
KNMM,,Naval Air Station Meridian / McCain Field,Lauderdale,US,US-MS,NA,medium_airport,3,8003,32.55310,-88.55406
KNPA,NPA,Naval Air Station Pensacola Forrest Sherman Field,Pensacola,US,US-FL,NA,medium_airport,3,8001,30.35270,-87.31860
KNQA,NQA,Millington-Memphis Airport,Millington,US,US-TN,NA,medium_airport,1,8001,35.35670,-89.87030
KNQI,NQI,Kingsville Naval Air Station,Kingsville,US,US-TX,NA,medium_airport,4,8000,27.50720,-97.80970
KNQX,NQX,Naval Air Station Key West/Boca Chica Field,Key West,US,US-FL,NA,medium_airport,3,10001,24.57580,-81.68890
KNRB,NRB,Naval Station Mayport / Admiral David L McDonald Field,Jacksonville,US,US-FL,NA,medium_airport,1,8001,30.39110,-81.42470
KNSE,NSE,Whiting Field Naval Air Station - North,Milton,US,US-FL,NA,medium_airport,2,6003,30.72420,-87.02190
KNTD,NTD,Point Mugu Naval Air Station (Naval Base Ventura Co),Point Mugu,US,US-CA,NA,medium_airport,2,11102,34.12030,-119.12100
KNTU,NTU,Oceana Naval Air Station,Virginia Beach,US,US-VA,NA,medium_airport,4,12001,36.82070,-76.03350
KNUQ,NUQ,Moffett Federal Airfield,Mountain View,US,US-CA,NA,medium_airport,2,9197,37.41610,-122.04900
KNUW,NUW,Whidbey Island Naval Air Station (Ault Field),Oak Harbor,US,US-WA,NA,medium_airport,2,8001,48.35180,-122.65600
KNXP,,Twentynine Palms Strategic Expeditionary Landing Field,Twentynine Palms,US,US-CA,NA,medium_airport,1,8015,34.29620,-116.16200
KNYG,NYG,Quantico Marine Corps Airfield / Turner Field,Quantico,US,US-VA,NA,medium_airport,1,4250,38.50170,-77.30530
KNYL,YUM,Yuma International Airport / Marine Corps Air Station Yuma,Yuma,US,US-AZ,NA,medium_airport,3,13300,32.65094,-114.60938
KNZY,NZY,North Island Naval Air Station-Halsey Field,San Diego,US,US-CA,NA,medium_airport,2,8001,32.69920,-117.21500
KOAJ,OAJ,Albert J Ellis Airport,Richlands,US,US-NC,NA,medium_airport,1,7100,34.82920,-77.61210
KOAK,OAK,Oakland San Francisco Bay Airport,Oakland,US,US-CA,NA,large_airport,4,10520,37.72008,-122.22118
KOFF,OFF,Offutt Air Force Base,Omaha,US,US-NE,NA,medium_airport,0,,41.11931,-95.90851
KOFK,OFK,Karl Stefan Memorial Airport,Norfolk,US,US-NE,NA,medium_airport,2,5806,41.98550,-97.43510
KOGB,OGB,Orangeburg Municipal Airport,Orangeburg,US,US-SC,NA,medium_airport,2,5399,33.45680,-80.85950
KOGD,OGD,Ogden Hinckley Airport,Ogden,US,US-UT,NA,medium_airport,2,8107,41.19590,-112.01200
KOGS,OGS,Ogdensburg International Airport,Ogdensburg,US,US-NY,NA,medium_airport,1,6400,44.68190,-75.46550
KOKB,OCN,Oceanside Municipal Airport,Oceanside,US,US-CA,NA,medium_airport,1,2712,33.21795,-117.35168
KOKC,OKC,OKC Will Rogers World Airport,Oklahoma City,US,US-OK,NA,large_airport,4,9802,35.39339,-97.59825
KOLF,OLF,L M Clayton Airport,Wolf Point,US,US-MT,NA,medium_airport,1,5091,48.09450,-105.57500
KOLM,OLM,Olympia Regional Airport,Olympia,US,US-WA,NA,medium_airport,2,5500,46.96940,-122.90300
KOLS,OLS,Nogales International Airport,Nogales,US,US-AZ,NA,medium_airport,1,7200,31.41770,-110.84800
KOLU,OLU,Columbus Municipal Airport,Columbus,US,US-NE,NA,medium_airport,2,6801,41.44814,-97.34017
KOMA,OMA,Eppley Airfield,Omaha,US,US-NE,NA,large_airport,3,9502,41.30320,-95.89410
KONO,ONO,Ontario Municipal Airport,Ontario,US,US-OR,NA,medium_airport,1,5006,44.01980,-117.01329
KONP,ONP,Newport Municipal Airport,Newport,US,US-OR,NA,medium_airport,2,5398,44.58040,-124.05800
KONT,ONT,Ontario International Airport,Ontario,US,US-CA,NA,large_airport,2,12197,34.05600,-117.60100
KOPF,OPF,Miami-Opa Locka Executive Airport,Miami,US,US-FL,NA,medium_airport,3,8002,25.90700,-80.27840
KOQU,NCO,Quonset State Airport,North Kingstown,US,US-RI,NA,medium_airport,2,7000,41.59710,-71.41210
KORD,ORD,Chicago O'Hare International Airport,Chicago,US,US-IL,NA,large_airport,8,13000,41.97860,-87.90480
KORF,ORF,Norfolk International Airport,Norfolk,US,US-VA,NA,large_airport,2,9001,36.89534,-76.20100
KORH,ORH,Worcester Regional Airport,Worcester,US,US-MA,NA,medium_airport,2,7001,42.26730,-71.87570
KORL,ORL,Orlando Executive Airport,Orlando,US,US-FL,NA,medium_airport,2,6004,28.54550,-81.33290
KORS,ESD,Orcas Island Airport,Eastsound,US,US-WA,NA,medium_airport,1,2901,48.70820,-122.91000
KOSH,OSH,Wittman Regional Airport,Oshkosh,US,US-WI,NA,medium_airport,4,8002,43.98440,-88.55700
KOSU,OSU,The Ohio State University Airport - Don Scott Field,Columbus,US,US-OH,NA,medium_airport,3,5004,40.07980,-83.07300
KOTH,OTH,Southwest Oregon Regional Airport,North Bend,US,US-OR,NA,medium_airport,2,5980,43.41710,-124.24600
KOTM,OTM,Ottumwa Regional Airport,Ottumwa,US,US-IA,NA,medium_airport,2,6001,41.10637,-92.44984
KOWB,OWB,Owensboro Daviess County Airport,Owensboro,US,US-KY,NA,medium_airport,2,8000,37.74010,-87.16680
KOWD,OWD,Norwood Memorial Airport,Norwood,US,US-MA,NA,medium_airport,2,4007,42.19050,-71.17290
KOXB,OCE,Ocean City Municipal Airport,Ocean City,US,US-MD,NA,medium_airport,2,4074,38.31040,-75.12400
KOXR,OXR,Oxnard Airport,Oxnard,US,US-CA,NA,medium_airport,1,5953,34.20080,-119.20700
KOZR,OZR,Cairns AAF (Fort Rucker) Air Field,Fort Rucker/Ozark,US,US-AL,NA,medium_airport,2,5025,31.27570,-85.71340
KPAE,PAE,Seattle Paine Field International Airport,Everett,US,US-WA,NA,medium_airport,2,9010,47.90630,-122.28200
KPAH,PAH,Barkley Regional Airport,Paducah,US,US-KY,NA,medium_airport,2,6499,37.06080,-88.77380
KPAM,PAM,Tyndall Air Force Base,Panama City,US,US-FL,NA,medium_airport,2,10107,30.06960,-85.57540
KPAO,PAO,Palo Alto Airport,Palo Alto,US,US-CA,NA,medium_airport,1,2441,37.46110,-122.11500
KPBF,PBF,"Pine Bluff Regional Airport, Grider Field",Pine Bluff,US,US-AR,NA,medium_airport,1,5998,34.17412,-91.93564
KPBG,PBG,Plattsburgh International Airport,Plattsburgh,US,US-NY,NA,medium_airport,1,11759,44.65090,-73.46810
KPCW,,Erie-Ottawa International Airport,Port Clinton,US,US-OH,NA,medium_airport,2,5646,41.51565,-82.86833
KPDK,PDK,DeKalb Peachtree Airport,Atlanta,US,US-GA,NA,medium_airport,4,6001,33.87633,-84.30213
KPDT,PDT,Eastern Oregon Regional Airport at Pendleton,Pendleton,US,US-OR,NA,medium_airport,2,6301,45.69510,-118.84100
KPDX,PDX,Portland International Airport,Portland,US,US-OR,NA,large_airport,3,11000,45.58870,-122.59800
KPGA,PGA,Page Municipal Airport,Page,US,US-AZ,NA,medium_airport,2,5950,36.92423,-111.44772
KPGD,PGD,Punta Gorda Airport,Punta Gorda,US,US-FL,NA,medium_airport,3,7193,26.92020,-81.99050
KPGV,PGV,Pitt-Greenville Airport,Greenville,US,US-NC,NA,medium_airport,2,7175,35.63553,-77.38426
KPHF,PHF,Newport News Williamsburg International Airport,Newport News,US,US-VA,NA,medium_airport,2,8003,37.13190,-76.49300
KPHL,PHL,Philadelphia International Airport,Philadelphia,US,US-PA,NA,large_airport,4,12000,39.87190,-75.24110
KPHX,PHX,Phoenix Sky Harbor International Airport,Phoenix,US,US-AZ,NA,large_airport,3,11489,33.43530,-112.00590
KPIA,PIA,General Wayne A. Downing Peoria International Airport,Peoria,US,US-IL,NA,medium_airport,2,10104,40.66384,-89.69263
KPIB,PIB,Hattiesburg Laurel Regional Airport,Moselle,US,US-MS,NA,medium_airport,1,6503,31.46710,-89.33710
KPIE,PIE,St. Petersburg Clearwater International Airport,Pinellas Park,US,US-FL,NA,large_airport,2,9730,27.91020,-82.68740
KPIH,PIH,Pocatello Regional Airport,Pocatello,US,US-ID,NA,medium_airport,2,9059,42.90980,-112.59600
KPIR,PIR,Pierre Regional Airport,Pierre,US,US-SD,NA,medium_airport,2,6900,44.38270,-100.28600
KPIT,PIT,Pittsburgh International Airport,Pittsburgh,US,US-PA,NA,large_airport,4,11500,40.49150,-80.23290
KPKB,PKB,Mid Ohio Valley Regional Airport,Parkersburg (Williamstown),US,US-WV,NA,medium_airport,2,7240,39.34510,-81.43920
KPLN,PLN,Pellston Regional Airport of Emmet County Airport,Pellston,US,US-MI,NA,medium_airport,2,6513,45.57090,-84.79670
KPMD,PMD,Palmdale Regional Airport / USAF Plant 42 Airport,Palmdale,US,US-CA,NA,medium_airport,3,12002,34.62940,-118.08500
KPNA,PWY,Ralph Wenz Field,Pinedale,US,US-WY,NA,medium_airport,1,8900,42.79550,-109.80700
KPNC,PNC,Ponca City Regional Airport,Ponca City,US,US-OK,NA,medium_airport,1,7201,36.73200,-97.09980
KPNE,PNE,Northeast Philadelphia Airport,Philadelphia,US,US-PA,NA,medium_airport,2,7000,40.08241,-75.01061
KPNS,PNS,Pensacola International Airport,Pensacola,US,US-FL,NA,large_airport,2,7004,30.47272,-87.18664
KPOB,POB,Pope Field,Fort Bragg,US,US-NC,NA,medium_airport,2,7501,35.17090,-79.01450
KPOE,POE,Polk Army Air Field,Fort Polk,US,US-LA,NA,medium_airport,1,4109,31.04480,-93.19170
KPOU,POU,Dutchess County Airport,Poughkeepsie,US,US-NY,NA,medium_airport,3,5001,41.62660,-73.88420
KPQI,PQI,Presque Isle International Airport,Presque Isle,US,US-ME,NA,medium_airport,2,7441,46.68900,-68.04480
KPRB,PRB,Paso Robles Municipal Airport,Paso Robles,US,US-CA,NA,medium_airport,2,6008,35.67290,-120.62700
KPRC,PRC,Prescott Regional Airport - Ernest A. Love Field,Prescott,US,US-AZ,NA,medium_airport,3,7619,34.65350,-112.41988
KPRX,PRX,Cox Field,Paris,US,US-TX,NA,medium_airport,3,6002,33.63660,-95.45080
KPSC,PSC,Tri Cities Airport,Pasco,US,US-WA,NA,medium_airport,3,7707,46.26470,-119.11900
KPSM,PSM,Portsmouth International Airport at Pease,Portsmouth,US,US-NH,NA,medium_airport,1,11321,43.07790,-70.82330
KPSP,PSP,Palm Springs International Airport,Palm Springs,US,US-CA,NA,large_airport,2,10000,33.82970,-116.50700
KPTK,PTK,Oakland County International Airport,Pontiac,US,US-MI,NA,medium_airport,3,6521,42.66550,-83.42010
KPUB,PUB,Pueblo Memorial Airport,Pueblo,US,US-CO,NA,medium_airport,3,10498,38.28910,-104.49700
KPUW,PUW,Pullman-Moscow Regional Airport,Pullman,US,US-WA,NA,medium_airport,1,7100,46.74160,-117.11163
KPVD,PVD,Rhode Island T. F. Green International Airport,Providence/Warwick,US,US-RI,NA,large_airport,2,8700,41.72504,-71.42567
KPVU,PVU,Provo Municipal Airport,Provo,US,US-UT,NA,medium_airport,2,8603,40.21889,-111.72244
KPWK,PWK,Chicago Executive Airport,Chicago/Prospect Heights/Wheeling,US,US-IL,NA,medium_airport,2,5001,42.11422,-87.90149
KPWM,PWM,Portland International Jetport,Portland,US,US-ME,NA,large_airport,2,7200,43.64620,-70.30930
KPWT,PWT,Bremerton National Airport,Bremerton,US,US-WA,NA,medium_airport,1,6000,47.49020,-122.76500
KRAL,RAL,Riverside Municipal Airport,Riverside,US,US-CA,NA,medium_airport,2,5401,33.95190,-117.44500
KRAP,RAP,Rapid City Regional Airport,Rapid City,US,US-SD,NA,medium_airport,2,8701,44.04530,-103.05700
KRBL,RBL,Red Bluff Municipal Airport,Red Bluff,US,US-CA,NA,medium_airport,1,5431,40.15070,-122.25200
KRCA,RCA,Ellsworth Air Force Base,Rapid City,US,US-SD,NA,medium_airport,1,13497,44.14500,-103.10400
KRDD,RDD,Redding Municipal Airport,Redding,US,US-CA,NA,medium_airport,2,7003,40.50900,-122.29300
KRDG,RDG,Reading Regional Airport (Carl A Spaatz Field),Reading,US,US-PA,NA,medium_airport,2,6350,40.37850,-75.96520
KRDM,RDM,Roberts Field,Redmond,US,US-OR,NA,medium_airport,2,7038,44.25410,-121.15000
KRDR,RDR,Grand Forks Air Force Base,Grand Forks,US,US-ND,NA,medium_airport,1,12350,47.96110,-97.40120
KRDU,RDU,Raleigh-Durham International Airport,Raleigh/Durham,US,US-NC,NA,large_airport,3,10000,35.87866,-78.78730
KRFD,RFD,Chicago Rockford International Airport,Chicago/Rockford,US,US-IL,NA,medium_airport,2,10002,42.19540,-89.09720
KRGA,,Central Kentucky Regional Airport,Richmond,US,US-KY,NA,medium_airport,0,,37.63080,-84.33230
KRHI,RHI,Rhinelander Oneida County Airport,Rhinelander,US,US-WI,NA,medium_airport,2,6800,45.63120,-89.46750
KRHP,,Western Carolina Regional Airport,Andrews,US,US-NC,NA,medium_airport,1,5500,35.19520,-83.86300
KRIC,RIC,Richmond International Airport,Richmond,US,US-VA,NA,large_airport,2,9003,37.50520,-77.31970
KRIL,RIL,Garfield County Regional Airport,Rifle,US,US-CO,NA,medium_airport,1,7000,39.52630,-107.72700
KRIV,RIV,March Air Reserve Base,Riverside,US,US-CA,NA,medium_airport,1,13302,33.88070,-117.25900
KRIW,RIW,Central Wyoming Regional Airport,Riverton,US,US-WY,NA,medium_airport,2,8204,43.06420,-108.46000
KRKD,RKD,Knox County Regional Airport,Rockland,US,US-ME,NA,medium_airport,2,5412,44.06010,-69.09920
KRKS,RKS,Southwest Wyoming Regional Airport,Rock Springs,US,US-WY,NA,medium_airport,2,10002,41.59420,-109.06500
KRME,RME,Griffiss International Airport,Rome,US,US-NY,NA,medium_airport,1,11820,43.23380,-75.40700
KRMG,RMG,Richard B Russell Airport,Rome,US,US-GA,NA,medium_airport,2,7010,34.35060,-85.15800
KRND,RND,Randolph Air Force Base,Universal City,US,US-TX,NA,medium_airport,2,8352,29.52970,-98.27890
KRNH,RNH,New Richmond Regional Airport,New Richmond,US,US-WI,NA,medium_airport,2,5507,45.14830,-92.53810
KRNO,RNO,Reno Tahoe International Airport,Reno,US,US-NV,NA,large_airport,3,11001,39.49910,-119.76800
KROA,ROA,Roanoke–Blacksburg Regional Airport,Roanoke,US,US-VA,NA,medium_airport,2,6800,37.32550,-79.97540
KROC,ROC,Frederick Douglass Greater Rochester International Airport,Rochester,US,US-NY,NA,large_airport,3,8001,43.11890,-77.67240
KROW,ROW,Roswell Air Center Airport,Roswell,US,US-NM,NA,medium_airport,2,13000,33.30160,-104.53100
KRSL,RSL,Russell Municipal Airport,Russell,US,US-KS,NA,medium_airport,2,5000,38.87210,-98.81180
KRST,RST,Rochester International Airport,Rochester,US,US-MN,NA,medium_airport,2,9034,43.90830,-92.50000
KRSW,RSW,Southwest Florida International Airport,Fort Myers,US,US-FL,NA,large_airport,1,12000,26.53468,-81.75282
KRUT,RUT,Rutland - Southern Vermont Regional Airport,Rutland,US,US-VT,NA,medium_airport,2,5304,43.52940,-72.94960
KRVS,RVS,Tulsa Riverside Airport,Tulsa,US,US-OK,NA,medium_airport,3,5101,36.03960,-95.98460
KRWF,RWF,Redwood Falls Municipal Airport,Redwood Falls,US,US-MN,NA,medium_airport,2,4001,44.54720,-95.08230
KRWI,RWI,Rocky Mount Wilson Regional Airport,Rocky Mount,US,US-NC,NA,medium_airport,1,7099,35.85630,-77.89190
KRWL,RWL,Rawlins Municipal Airport/Harvey Field,Rawlins,US,US-WY,NA,medium_airport,2,7008,41.80560,-107.20000
KRYY,,Cobb County International Airport-McCollum Field,Atlanta,US,US-GA,NA,medium_airport,1,6295,34.01316,-84.59721
KSAC,SAC,Sacramento Executive Airport,Sacramento,US,US-CA,NA,medium_airport,3,5503,38.51250,-121.49300
KSAF,SAF,Santa Fe Municipal Airport,Santa Fe,US,US-NM,NA,medium_airport,3,8366,35.61710,-106.08900
KSAN,SAN,San Diego International Airport,San Diego,US,US-CA,NA,large_airport,1,9401,32.73360,-117.19000
KSAT,SAT,San Antonio International Airport,San Antonio,US,US-TX,NA,large_airport,3,8505,29.53370,-98.46980
KSAV,SAV,Savannah Hilton Head International Airport,Savannah,US,US-GA,NA,large_airport,2,9351,32.12659,-81.19998
KSAW,MQT,Marquette Sawyer Regional Airport,Gwinn,US,US-MI,NA,medium_airport,1,9072,46.35150,-87.39588
KSBA,SBA,Santa Barbara Municipal Airport,Santa Barbara,US,US-CA,NA,medium_airport,3,6037,34.42620,-119.84000
KSBD,SBD,San Bernardino International Airport,San Bernardino,US,US-CA,NA,large_airport,1,10000,34.09672,-117.23660
KSBN,SBN,South Bend International Airport,South Bend,US,US-IN,NA,medium_airport,3,8412,41.70830,-86.31692
KSBP,SBP,San Luis County Regional Airport,San Luis Obispo,US,US-CA,NA,medium_airport,2,6101,35.23680,-120.64200
KSBY,SBY,Salisbury Ocean City Wicomico Regional Airport,Salisbury,US,US-MD,NA,medium_airport,2,6400,38.34050,-75.51030
KSCH,SCH,Schenectady County Airport,Schenectady,US,US-NY,NA,medium_airport,2,7001,42.85250,-73.92890
KSCK,SCK,Stockton Metropolitan Airport,Stockton,US,US-CA,NA,medium_airport,2,10245,37.89328,-121.23808
KSDF,SDF,Louisville Muhammad Ali International Airport,Louisville,US,US-KY,NA,large_airport,3,11887,38.17060,-85.73508
KSDM,SDM,Brown Field Municipal Airport,San Diego,US,US-CA,NA,medium_airport,2,7972,32.57264,-116.98002
KSDY,SDY,Sidney - Richland Regional Airport,Sidney,US,US-MT,NA,medium_airport,2,5705,47.70514,-104.19442
KSEA,SEA,Seattle–Tacoma International Airport,Seattle,US,US-WA,NA,large_airport,3,11901,47.44794,-122.31028
KSFB,SFB,Orlando Sanford International Airport,Orlando,US,US-FL,NA,large_airport,4,11002,28.77428,-81.23463
KSFF,SFF,Felts Field,Spokane,US,US-WA,NA,medium_airport,3,6000,47.68290,-117.32192
KSFO,SFO,San Francisco International Airport,San Francisco,US,US-CA,NA,large_airport,4,11870,37.61981,-122.37482
KSGF,SGF,Springfield Branson National Airport,Springfield,US,US-MO,NA,medium_airport,2,8000,37.24505,-93.38860
KSGH,SGH,Springfield-Beckley Municipal Airport,Springfield,US,US-OH,NA,medium_airport,2,9010,39.84030,-83.84020
KSGJ,UST,Northeast Florida Regional Airport,St Augustine,US,US-FL,NA,medium_airport,6,12000,29.95920,-81.33980
KSGR,SGR,Sugar Land Regional Airport,Houston,US,US-TX,NA,medium_airport,1,8000,29.62230,-95.65650
KSGU,SGU,St George Regional Airport,St George,US,US-UT,NA,medium_airport,1,9300,37.03639,-113.51031
KSHD,SHD,Shenandoah Valley Regional Airport,Weyers Cave,US,US-VA,NA,medium_airport,1,6002,38.26380,-78.89640
KSHR,SHR,Sheridan County Airport,Sheridan,US,US-WY,NA,medium_airport,2,8301,44.76920,-106.98000
KSHV,SHV,Shreveport Regional Airport,Shreveport,US,US-LA,NA,medium_airport,2,8348,32.44475,-93.82674
KSJC,SJC,Mineta San Jose International Airport,San Jose,US,US-CA,NA,large_airport,2,11000,37.36245,-121.92919
KSJT,SJT,San Angelo Regional Mathis Field,San Angelo,US,US-TX,NA,medium_airport,3,8054,31.35770,-100.49600
KSKA,SKA,Fairchild Air Force Base,Spokane,US,US-WA,NA,medium_airport,1,13899,47.61510,-117.65600
KSKF,SKF,Lackland Air Force Base,San Antonio,US,US-TX,NA,medium_airport,1,11550,29.38420,-98.58110
KSKX,TSM,Taos Regional Airport,Taos,US,US-NM,NA,medium_airport,1,5504,36.45249,-105.67749
KSLC,SLC,Salt Lake City International Airport,Salt Lake City,US,US-UT,NA,large_airport,4,12002,40.78886,-111.97987
KSLE,SLE,Salem-Willamette Valley Airport/McNary Field,Salem,US,US-OR,NA,medium_airport,2,5811,44.90950,-123.00300
KSLI,,Los Alamitos Army Air Field,Los Alamitos,US,US-CA,NA,medium_airport,2,7999,33.79086,-118.05034
KSLK,SLK,Adirondack Regional Airport,Saranac Lake,US,US-NY,NA,medium_airport,2,6573,44.38691,-74.20463
KSLN,SLN,Salina Municipal Airport,Salina,US,US-KS,NA,medium_airport,4,12301,38.79100,-97.65220
KSME,SME,Lake Cumberland Regional Airport,Somerset,US,US-KY,NA,medium_airport,1,5801,37.05340,-84.61590
KSMF,SMF,Sacramento International Airport,Sacramento,US,US-CA,NA,large_airport,2,8605,38.69540,-121.59100
KSMN,SMN,Lemhi County Airport,Salmon,US,US-ID,NA,medium_airport,1,5510,45.12223,-113.88196
KSMO,SMO,Santa Monica Municipal Airport,Santa Monica,US,US-CA,NA,medium_airport,1,3500,34.01580,-118.45100
KSMX,SMX,Santa Maria Public Airport Captain G Allan Hancock Field,Santa Maria,US,US-CA,NA,medium_airport,2,8004,34.89890,-120.45700
KSNA,SNA,John Wayne Orange County International Airport,Santa Ana,US,US-CA,NA,large_airport,2,5700,33.67506,-117.86928
KSNS,SNS,Salinas Municipal Airport,Salinas,US,US-CA,NA,medium_airport,2,6004,36.66280,-121.60600
KSNY,SNY,Sidney Municipal Airport Lloyd W Carr Field,Sidney,US,US-NE,NA,medium_airport,2,6600,41.10130,-102.98500
KSOA,,Sonora Municipal Airport,Sonora,US,US-TX,NA,medium_airport,1,4037,30.58570,-100.64900
KSOW,SOW,Show Low Regional Airport,Show Low,US,US-AZ,NA,medium_airport,2,7202,34.26406,-110.00709
KSPI,SPI,Abraham Lincoln Capital Airport,Springfield,US,US-IL,NA,medium_airport,3,8001,39.84410,-89.67790
KSPS,SPS,Wichita Falls Municipal Airport / Sheppard Air Force Base,Wichita Falls,US,US-TX,NA,medium_airport,4,13100,33.98880,-98.49190
KSQL,SQL,San Carlos Airport,San Carlos,US,US-CA,NA,medium_airport,1,2621,37.51313,-122.25084
KSRQ,SRQ,Sarasota Bradenton International Airport,Sarasota/Bradenton,US,US-FL,NA,large_airport,2,9500,27.39463,-82.55436
KSRR,RUI,Sierra Blanca Regional Airport,Alto,US,US-NM,NA,medium_airport,2,8120,33.46280,-105.53500
KSSC,SSC,Shaw Air Force Base,Sumter,US,US-SC,NA,medium_airport,2,10014,33.97270,-80.47060
KSSF,SSF,Stinson Municipal Airport,San Antonio,US,US-TX,NA,medium_airport,2,5000,29.33700,-98.47110
KSSI,SSI,St Simons Island Airport,St Simons Island,US,US-GA,NA,medium_airport,2,5584,31.15180,-81.39130
KSTC,STC,Saint Cloud Regional Airport,Saint Cloud,US,US-MN,NA,medium_airport,2,7500,45.54660,-94.05990
KSTJ,STJ,Rosecrans Memorial Airport,St Joseph,US,US-MO,NA,medium_airport,2,8061,39.77190,-94.90970
KSTL,STL,St. Louis Lambert International Airport,St Louis,US,US-MO,NA,large_airport,4,11020,38.74870,-90.37000
KSTP,STP,Saint Paul Downtown Holman Field,Saint Paul,US,US-MN,NA,medium_airport,3,6491,44.93479,-93.06004
KSTS,STS,Charles M. Schulz Sonoma County Airport,Santa Rosa,US,US-CA,NA,medium_airport,2,6000,38.50900,-122.81300
KSUN,SUN,Friedman Memorial Airport,Hailey,US,US-ID,NA,medium_airport,1,7550,43.50440,-114.29600
KSUS,SUS,Spirit of St Louis Airport,St Louis,US,US-MO,NA,medium_airport,2,7486,38.66210,-90.65200
KSUU,SUU,Travis Air Force Base,Fairfield,US,US-CA,NA,medium_airport,2,11001,38.26270,-121.92700
KSUX,SUX,Sioux Gateway Airport / Brigadier General Bud Day Field,Sioux City,US,US-IA,NA,medium_airport,2,9002,42.39760,-96.38224
KSUZ,,Saline County Regional Airport,Bryant,US,US-AR,NA,medium_airport,1,5002,34.59060,-92.47940
KSVC,SVC,Grant County Airport,Silver City,US,US-NM,NA,medium_airport,4,6803,32.63670,-108.15474
KSVN,SVN,Hunter Army Air Field,Savannah,US,US-GA,NA,medium_airport,1,11375,32.01000,-81.14570
KSVR,,South Valley Regional Airport,Salt Lake City,US,US-UT,NA,medium_airport,0,,40.61950,-111.99300
KSWF,SWF,New York Stewart International Airport,Newburgh,US,US-NY,NA,medium_airport,2,11817,41.50421,-74.10890
KSWO,SWO,Stillwater Regional Airport,Stillwater,US,US-OK,NA,medium_airport,2,7401,36.16213,-97.08558
KSYR,SYR,Syracuse Hancock International Airport,Syracuse,US,US-NY,NA,large_airport,2,9013,43.11120,-76.10630
KSZL,SZL,Whiteman Air Force Base,Knob Noster,US,US-MO,NA,medium_airport,1,12400,38.73030,-93.54790
KTBN,TBN,Waynesville-St. Robert Regional Airport-Forney Field,Fort Leonard Wood,US,US-MO,NA,medium_airport,1,6037,37.74160,-92.14070
KTCC,TCC,Tucumcari Municipal Airport,Tucumcari,US,US-NM,NA,medium_airport,2,7104,35.18280,-103.60300
KTCL,TCL,Tuscaloosa National Airport,Tuscaloosa,US,US-AL,NA,medium_airport,2,6498,33.22060,-87.61140
KTCM,TCM,McChord Air Force Base,Tacoma,US,US-WA,NA,medium_airport,2,10108,47.13770,-122.47600
KTCS,TCS,Truth or Consequences Municipal Airport,Truth or Consequences,US,US-NM,NA,medium_airport,5,7202,33.23690,-107.27200
KTEB,TEB,Teterboro Airport,Teterboro,US,US-NJ,NA,medium_airport,2,6997,40.85010,-74.06080
KTEX,TEX,Telluride Regional Airport,Telluride,US,US-CO,NA,medium_airport,1,7111,37.95380,-107.90800
KTIK,TIK,Tinker Air Force Base,Oklahoma City,US,US-OK,NA,medium_airport,2,11100,35.41470,-97.38660
KTIW,TIW,Tacoma Narrows Airport,Tacoma,US,US-WA,NA,medium_airport,1,5002,47.26741,-122.57730
KTIX,TIX,Space Coast Regional Airport,Titusville,US,US-FL,NA,medium_airport,2,7319,28.51480,-80.79920
KTLH,TLH,Tallahassee International Airport,Tallahassee,US,US-FL,NA,medium_airport,2,8000,30.40121,-84.35433
KTMB,TMB,Miami Executive Airport,Miami,US,US-FL,NA,medium_airport,3,6000,25.64790,-80.43280
KTOI,TOI,Troy Municipal Airport at N Kenneth Campbell Field,Troy,US,US-AL,NA,medium_airport,2,6197,31.86040,-86.01210
KTOL,TOL,Eugene F. Kranz Toledo Express Airport,Toledo,US,US-OH,NA,medium_airport,2,10600,41.58680,-83.80780
KTOP,TOP,Philip Billard Municipal Airport,Topeka,US,US-KS,NA,medium_airport,3,5099,39.06990,-95.62261
KTPA,TPA,Tampa International Airport,Tampa,US,US-FL,NA,large_airport,3,11002,27.97550,-82.53320
KTPH,TPH,Tonopah Airport,Tonopah,US,US-NV,NA,medium_airport,2,7160,38.06020,-117.08700
KTPL,TPL,Draughon Miller Central Texas Regional Airport,Temple,US,US-TX,NA,medium_airport,2,7000,31.15250,-97.40780
KTRI,TRI,Tri-Cities Regional TN/VA Airport,Blountville,US,US-TN,NA,medium_airport,2,8000,36.47520,-82.40740
KTRK,TKF,Truckee Tahoe Airport,Truckee,US,US-CA,NA,medium_airport,2,7001,39.31863,-120.14056
KTRM,TRM,Jacqueline Cochran Regional Airport,Palm Springs,US,US-CA,NA,medium_airport,2,8500,33.62670,-116.16000
KTTD,TTD,Portland Troutdale Airport,Portland,US,US-OR,NA,medium_airport,1,5399,45.54940,-122.40100
KTTN,TTN,Trenton Mercer Airport,Ewing Township,US,US-NJ,NA,medium_airport,2,6006,40.27670,-74.81350
KTTS,,Space Florida Launch and Landing Facility,Titusville,US,US-FL,NA,medium_airport,1,15001,28.61500,-80.69450
KTUL,TUL,Tulsa International Airport,Tulsa,US,US-OK,NA,large_airport,3,10000,36.19708,-95.88622
KTUP,TUP,Tupelo Regional Airport,Tupelo,US,US-MS,NA,medium_airport,1,7150,34.26810,-88.76990
KTUS,TUS,Tucson International Airport,Tucson,US,US-AZ,NA,large_airport,2,10996,32.11500,-110.93805
KTVC,TVC,Cherry Capital Airport,Traverse City,US,US-MI,NA,medium_airport,2,7016,44.74140,-85.58220
KTVF,TVF,Thief River Falls Regional Airport,Thief River Falls,US,US-MN,NA,medium_airport,1,6504,48.06570,-96.18500
KTVL,TVL,Lake Tahoe Airport,South Lake Tahoe,US,US-CA,NA,medium_airport,1,8541,38.89390,-119.99500
KTWF,TWF,Joslin Field Magic Valley Regional Airport,Twin Falls,US,US-ID,NA,medium_airport,2,8704,42.48180,-114.48800
KTXK,TXK,Texarkana Regional Airport (Webb Field),Texarkana,US,US-AR,NA,medium_airport,2,6602,33.45370,-93.99100
KTYR,TYR,Tyler Pounds Regional Airport,Tyler,US,US-TX,NA,medium_airport,3,8334,32.35410,-95.40240
KTYS,TYS,McGhee Tyson Airport,Knoxville/Maryville,US,US-TN,NA,large_airport,2,10000,35.81100,-83.99400
KUAO,,Aurora State Airport,Aurora,US,US-OR,NA,medium_airport,1,5003,45.24710,-122.77000
KUIN,UIN,Quincy Regional Airport Baldwin Field,Quincy,US,US-IL,NA,medium_airport,3,7098,39.94270,-91.19460
KUKI,UKI,Ukiah Municipal Airport,Ukiah,US,US-CA,NA,medium_airport,1,4423,39.12600,-123.20100
KUNV,SCE,State College Regional Airport,State College,US,US-PA,NA,medium_airport,1,6701,40.84937,-77.84852
KUOX,UOX,University Oxford Airport,Oxford,US,US-MS,NA,medium_airport,1,5600,34.38430,-89.53680
KUTS,HTV,Huntsville Regional Airport,Huntsville,US,US-TX,NA,medium_airport,1,5005,30.74690,-95.58720
KUUU,NPT,Newport State Airport,Newport,US,US-RI,NA,medium_airport,2,2999,41.53221,-71.28104
KVAD,VAD,Moody Air Force Base,Valdosta,US,US-GA,NA,medium_airport,2,9300,30.96780,-83.19300
KVBG,VBG,Vandenberg Space Force Base,Lompoc,US,US-CA,NA,medium_airport,1,15000,34.73730,-120.58400
KVCT,VCT,Victoria Regional Airport,Victoria,US,US-TX,NA,medium_airport,2,9111,28.85260,-96.91850
KVEL,VEL,Vernal Regional Airport,Vernal,US,US-UT,NA,medium_airport,1,7000,40.43621,-109.51166
KVGT,VGT,North Las Vegas Airport,Las Vegas,US,US-NV,NA,medium_airport,3,5005,36.20907,-115.19398
KVIS,VIS,Visalia Municipal Airport,Visalia,US,US-CA,NA,medium_airport,1,6562,36.31870,-119.39300
KVLD,VLD,Valdosta Regional Airport,Valdosta,US,US-GA,NA,medium_airport,2,8003,30.78250,-83.27670
KVNY,VNY,Van Nuys Airport,Van Nuys,US,US-CA,NA,medium_airport,2,8001,34.20980,-118.49000
KVOK,VOK,Volk Field,Camp Douglas,US,US-WI,NA,medium_airport,1,9000,43.93900,-90.25340
KVPS,VPS,Destin-Fort Walton Beach Airport,Valparaiso,US,US-FL,NA,medium_airport,2,12004,30.48131,-86.51584
KVPZ,VPZ,Porter County Municipal Airport,Valparaiso,US,US-IN,NA,medium_airport,2,7001,41.45400,-87.00710
KVQQ,VQQ,Cecil Airport,Jacksonville,US,US-FL,NA,medium_airport,4,12504,30.21870,-81.87670
KVRB,VRB,Vero Beach Regional Airport,Vero Beach,US,US-FL,NA,medium_airport,3,7314,27.65560,-80.41790
KVTN,VTN,Miller Field,Valentine,US,US-NE,NA,medium_airport,2,4705,42.85621,-100.54919
KW63,,Lake Country Regional Airport,Clarksville,US,US-VA,NA,medium_airport,1,4007,36.59580,-78.56010
KWJF,WJF,General William J Fox Airfield,Lancaster,US,US-CA,NA,medium_airport,1,7201,34.74110,-118.21900
KWMC,WMC,Winnemucca Municipal Airport,Winnemucca,US,US-NV,NA,medium_airport,2,7000,40.89660,-117.80600
KWRB,WRB,Robins Air Force Base,Warner Robins,US,US-GA,NA,medium_airport,1,12001,32.64010,-83.59190
KWRI,WRI,Mc Guire Air Force Base,Wrightstown,US,US-NJ,NA,medium_airport,2,11451,40.01560,-74.59170
KWRL,WRL,Worland Municipal Airport,Worland,US,US-WY,NA,medium_airport,3,7000,43.96570,-107.95100
KWST,WST,Westerly State Airport,Westerly,US,US-RI,NA,medium_airport,2,4010,41.34960,-71.80340
KWWD,WWD,Cape May County Airport,Wildwood,US,US-NJ,NA,medium_airport,2,5252,39.00850,-74.90830
KWWR,WWR,West Woodward Airport,Woodward,US,US-OK,NA,medium_airport,2,5502,36.43800,-99.52267
KWYS,WYS,Yellowstone Airport,West Yellowstone,US,US-MT,NA,medium_airport,1,8400,44.68840,-111.11800
KX51,,Miami Homestead General Aviation Airport,Homestead,US,US-FL,NA,medium_airport,3,4000,25.49920,-80.55430
KXMR,,Cape Canaveral SFS Skid Strip,Cocoa Beach,US,US-FL,NA,medium_airport,1,9999,28.46760,-80.56660
KXNA,XNA,Northwest Arkansas National Airport,Fayetteville/Springdale/Rogers,US,US-AR,NA,medium_airport,2,8801,36.28190,-94.30680
KXTA,,Homey (Area 51) Airport,Groom Lake,US,US-NV,NA,medium_airport,1,12000,37.23500,-115.81100
KXWA,XWA,Williston Basin International Airport,Williston,US,US-ND,NA,medium_airport,1,7503,48.26086,-103.75116
KYIP,YIP,Willow Run Airport,Detroit,US,US-MI,NA,medium_airport,2,7543,42.23790,-83.53040
KYKM,YKM,Yakima Air Terminal McAllister Field,Yakima,US,US-WA,NA,medium_airport,2,7604,46.56820,-120.54400
KYKN,YKN,Chan Gurney Municipal Airport,Yankton,US,US-SD,NA,medium_airport,2,6094,42.91670,-97.38590
KYNG,YNG,Youngstown Warren Regional Airport,Youngstown/Warren,US,US-OH,NA,medium_airport,3,9003,41.26070,-80.67910
KZZV,ZZV,Zanesville Municipal Airport,Zanesville,US,US-OH,NA,medium_airport,2,4999,39.94440,-81.89210
LAKU,KFZ,Kukës International Airport,Kukës,AL,AL-07,EU,medium_airport,1,7211,42.03580,20.41596
LAKV,,Kuçovë Air Base,Kuçovë,AL,AL-01,EU,medium_airport,1,9318,40.77190,19.90190
LATI,TIA,Tirana International Airport Mother Teresa,Rinas,AL,AL-02,EU,large_airport,1,9843,41.41470,19.72060
LBBG,BOJ,Burgas Airport,Burgas,BG,BG-02,EU,large_airport,1,10499,42.56992,27.51517
LBGO,GOZ,Gorna Oryahovitsa Airport,Gorna Oryahovitsa,BG,BG-04,EU,medium_airport,1,8038,43.15140,25.71290
LBIA,JAM,Bezmer Air Base,Bezmer,BG,BG-28,EU,medium_airport,0,,42.45490,26.35220
LBPD,PDV,Plovdiv International Airport,Plovdiv,BG,BG-16,EU,large_airport,1,8202,42.06780,24.85080
LBPG,,Graf Ignatievo Air Base,Graf Ignatievo,BG,BG-16,EU,medium_airport,1,9815,42.29040,24.71400
LBPL,,Dolna Mitropoliya Air Base,Dolna Mitropoliya,BG,BG-15,EU,medium_airport,2,7173,43.45177,24.50242
LBSF,SOF,Sofia Airport,Sofia,BG,BG-22,EU,large_airport,1,11811,42.69636,23.41767
LBWB,,Balchik Airfield,Balchik,BG,BG-08,EU,medium_airport,1,8095,43.42380,28.18130
LBWN,VAR,Varna Airport,Varna,BG,BG-03,EU,large_airport,1,8258,43.23210,27.82510
LCEN,ECN,Ercan International Airport,Tymbou (Kirklar),CY,CY-02,AS,large_airport,2,10498,35.15306,33.50735
LCGK,GEC,Geçitkale Airbase,Lefkoniko (Geçitkale),CY,CY-03,AS,medium_airport,0,,35.23591,33.72009
LCLK,LCA,Larnaca International Airport,Larnaca,CY,CY-04,AS,large_airport,1,9823,34.87510,33.62490
LCPH,PFO,Paphos International Airport,Paphos,CY,CY-06,AS,large_airport,1,8858,34.71800,32.48570
LCRA,AKT,RAF Akrotiri,Akrotiri,CY,CY-XX,AS,medium_airport,1,9002,34.59040,32.98790
LDDU,DBV,Dubrovnik Ruđer Bošković Airport,Dubrovnik,HR,HR-19,EU,large_airport,1,10597,42.56225,18.26554
LDOS,OSI,Osijek Airport,Osijek(Klisa),HR,HR-14,EU,medium_airport,1,8202,45.46236,18.81128
LDPL,PUY,Pula Airport,Pula,HR,HR-18,EU,large_airport,1,9678,44.89350,13.92220
LDRI,RJK,Rijeka Airport,Rijeka(Omišalj),HR,HR-08,EU,large_airport,1,8164,45.21638,14.57085
LDSB,BWK,Brač Airport,Gornji Humac,HR,HR-17,EU,medium_airport,1,5774,43.28445,16.67836
LDSP,SPU,Split Saint Jerome Airport,Split,HR,HR-17,EU,large_airport,1,8366,43.53890,16.29800
LDZA,ZAG,Zagreb Franjo Tuđman International Airport,Velika Gorica,HR,HR-01,EU,large_airport,1,10669,45.74290,16.06880
LDZD,ZAD,Zadar Airport,Zadar,HR,HR-13,EU,large_airport,2,8202,44.09699,15.35356
LDZU,,Udbina Airfield,Udbina,HR,HR-09,EU,medium_airport,0,,44.55760,15.77440
LEAB,ABC,Albacete Airport / Los Llanos Air Base,Albacete,ES,ES-CM,EU,medium_airport,1,8858,38.94850,-1.86352
LEAL,ALC,Alicante-Elche Miguel Hernández Airport,Alicante,ES,ES-VC,EU,large_airport,1,9842,38.28220,-0.55816
LEAM,LEI,Almería Airport,Almería,ES,ES-AN,EU,medium_airport,1,10499,36.84390,-2.37010
LEAS,OVD,Asturias Airport,Ranón,ES,ES-AS,EU,large_airport,1,7218,43.56360,-6.03462
LEBA,ODB,Córdoba Airport,Córdoba,ES,ES-AN,EU,medium_airport,1,7352,37.84200,-4.84888
LEBB,BIO,Bilbao Airport,Bilbao,ES,ES-PV,EU,large_airport,2,8530,43.30110,-2.91061
LEBG,RGS,Burgos Airport,Burgos,ES,ES-CL,EU,medium_airport,1,6890,42.35760,-3.62076
LEBL,BCN,Josep Tarradellas Barcelona-El Prat Airport,Barcelona,ES,ES-CT,EU,large_airport,3,11000,41.29710,2.07846
LEBZ,BJZ,Badajoz Airport,Badajoz,ES,ES-EX,EU,medium_airport,1,9350,38.89130,-6.82133
LECH,CDT,Castellón-Costa Azahar Airport,Castellón de la Plana,ES,ES-VC,EU,medium_airport,1,8858,40.21389,0.07333
LECO,LCG,A Coruña Airport,Culleredo,ES,ES-GA,EU,medium_airport,1,7178,43.30210,-8.37726
LECU,,Madrid-Cuatro Vientos Airport,Madrid,ES,ES-MD,EU,medium_airport,3,4921,40.37070,-3.78514
LEDA,ILD,Lleida-Alguaire Airport,Lleida,ES,ES-CT,EU,medium_airport,1,8202,41.72819,0.53502
LEGA,,Armilla Air Base,Armilla,ES,ES-AN,EU,medium_airport,1,4265,37.13320,-3.63569
LEGE,GRO,Girona-Costa Brava Airport,Girona,ES,ES-CT,EU,large_airport,1,7874,41.90464,2.76177
LEGR,GRX,F.G.L. Airport Granada-Jaén Airport,Granada,ES,ES-AN,EU,medium_airport,1,9514,37.18870,-3.77736
LEGT,,Getafe Air Base,Getafe,ES,ES-MD,EU,medium_airport,2,8136,40.29410,-3.72383
LEIB,IBZ,Ibiza Airport,Ibiza (Eivissa),ES,ES-IB,EU,large_airport,1,9186,38.87290,1.37312
LEJR,XRY,Jerez Airport,Jerez de la Frontera,ES,ES-AN,EU,medium_airport,1,7546,36.74460,-6.06011
LELC,,San Javier Airport,San Javier,ES,ES-MC,EU,medium_airport,2,7612,37.77500,-0.81239
LELN,LEN,León Airport,La Virgen del Camino,ES,ES-CL,EU,medium_airport,1,9843,42.59071,-5.65341
LEMD,MAD,Adolfo Suárez Madrid–Barajas Airport,Madrid,ES,ES-MD,EU,large_airport,4,14271,40.49341,-3.57225
LEMG,AGP,Málaga-Costa del Sol Airport,Málaga,ES,ES-AN,EU,large_airport,2,10500,36.67490,-4.49911
LEMH,MAH,Menorca Airport,Mahón (Maó),ES,ES-IB,EU,large_airport,1,8366,39.86260,4.21865
LEMI,RMU,Region of Murcia International Airport,Corvera,ES,ES-MC,EU,large_airport,1,9842,37.80285,-1.12488
LEMO,OZP,Moron Air Base,Morón,ES,ES-AN,EU,medium_airport,1,11801,37.17490,-5.61594
LEPA,PMI,Palma de Mallorca Airport,Palma de Mallorca,ES,ES-IB,EU,large_airport,2,10728,39.55170,2.73881
LEPP,PNA,Pamplona Airport,Pamplona,ES,ES-NC,EU,medium_airport,2,7241,42.77000,-1.64633
LERI,,Alcantarilla Air Base,Alcantarilla,ES,ES-MC,EU,medium_airport,1,3077,37.95110,-1.23032
LERJ,RJL,Logroño-Agoncillo Airport,Logroño,ES,ES-RI,EU,medium_airport,0,,42.46095,-2.32224
LERL,CQM,Ciudad Real International Airport,Ciudad Real,ES,ES-CM,EU,medium_airport,1,13450,38.85648,-3.96994
LERS,REU,Reus Airport,Reus,ES,ES-CT,EU,large_airport,1,8054,41.14751,1.16835
LERT,ROZ,Rota Naval Station Airport,Rota,ES,ES-AN,EU,medium_airport,1,12106,36.64520,-6.34946
LESA,SLM,Salamanca Airport,Salamanca,ES,ES-CL,EU,medium_airport,2,8245,40.95210,-5.50199
LESO,EAS,San Sebastián Airport,Hondarribia,ES,ES-PV,EU,medium_airport,1,5755,43.35650,-1.79061
LEST,SCQ,Santiago-Rosalía de Castro Airport,Santiago de Compostela,ES,ES-GA,EU,large_airport,1,10499,42.89630,-8.41514
LESU,LEU,Pirineus - la Seu d'Urgel Airport,La Seu d'Urgell Pyrenees and Andorra,ES,ES-CT,EU,medium_airport,1,4157,42.33860,1.40917
LETL,TEV,Teruel Airport,Teruel,ES,ES-AR,EU,medium_airport,1,9268,40.41027,-1.21737
LETO,TOJ,Madrid–Torrejón Airport / Torrejón Air Base,Madrid,ES,ES-MD,EU,medium_airport,1,15807,40.48788,-3.45681
LEVC,VLC,Valencia Airport,Valencia,ES,ES-VC,EU,large_airport,1,8858,39.48916,-0.48096
LEVD,VLL,Valladolid Airport,Valladolid,ES,ES-CL,EU,medium_airport,2,9843,41.70610,-4.85194
LEVT,VIT,Vitoria Airport,Alava,ES,ES-PV,EU,medium_airport,1,11483,42.88280,-2.72447
LEVX,VGO,Vigo Airport,Vigo,ES,ES-GA,EU,medium_airport,1,7874,42.23180,-8.62677
LEXJ,SDR,Seve Ballesteros-Santander Airport,Santander,ES,ES-CB,EU,medium_airport,1,7612,43.42710,-3.82001
LEZG,ZAZ,Zaragoza Airport,Zaragoza,ES,ES-AR,EU,large_airport,2,12198,41.66620,-1.04155
LEZL,SVQ,Seville Airport,Seville,ES,ES-AN,EU,large_airport,1,11030,37.41800,-5.89311
LFAC,CQF,Calais Marck Airport,Calais,FR,FR-HDF,EU,medium_airport,2,5036,50.96210,1.95476
LFAG,,Péronne Saint-Quentin Airfield,"Monchy-Lagache, Somme",FR,FR-HDF,EU,medium_airport,1,4560,49.86887,3.02957
LFAT,LTQ,Le Touquet-Côte d'Opale Airport,Le Touquet-Paris-Plage,FR,FR-HDF,EU,medium_airport,1,6070,50.51828,1.62166
LFAV,,Valenciennes-Denain Airfield,Prouvy,FR,FR-HDF,EU,medium_airport,3,5604,50.32782,3.46106
LFAY,,Amiens Glisy Airfield,Amiens,FR,FR-HDF,EU,medium_airport,1,4265,49.87300,2.38707
LFBA,AGF,Agen La Garenne airport,Agen,FR,FR-NAQ,EU,medium_airport,1,7103,44.17417,0.59309
LFBC,,Cazaux (BA 120) Air Base,Cazaux (La Teste-de-Buch),FR,FR-NAQ,EU,medium_airport,1,7900,44.53330,-1.12500
LFBD,BOD,Bordeaux–Mérignac Airport,Bordeaux,FR,FR-NAQ,EU,large_airport,2,10171,44.82865,-0.71536
LFBE,EGC,Bergerac Dordogne-Périgord airport,Bergerac,FR,FR-NAQ,EU,medium_airport,1,7234,44.82530,0.51861
LFBF,,Toulouse-Francazal (BA 101) Air Base,"Toulouse/Francazal, Haute-Garonne",FR,FR-OCC,EU,medium_airport,1,5906,43.54560,1.36750
LFBG,CNG,Cognac-Châteaubernard (BA 709) Air Base,Cognac/Châteaubernard,FR,FR-NAQ,EU,medium_airport,2,7949,45.65830,-0.31750
LFBH,LRH,La Rochelle Île de Ré Airport,La Rochelle,FR,FR-NAQ,EU,medium_airport,1,7398,46.17920,-1.19528
LFBI,PIS,Poitiers-Biard Airport,Poitiers/Biard,FR,FR-NAQ,EU,medium_airport,1,7710,46.58770,0.30667
LFBK,MCU,Montluçon-Guéret Airport,"Lépaud, Creuse",FR,FR-NAQ,EU,medium_airport,1,6234,46.22260,2.36396
LFBL,LIG,Limoges Airport,Limoges/Bellegarde,FR,FR-NAQ,EU,medium_airport,1,8202,45.86280,1.17944
LFBM,,Mont-de-Marsan (BA 118) Air Base,Mont-de-Marsan,FR,FR-NAQ,EU,medium_airport,1,11821,43.91170,-0.50750
LFBN,NIT,Niort - Marais Poitevin Airport,Niort/Souché,FR,FR-NAQ,EU,medium_airport,1,5774,46.31348,-0.39453
LFBO,TLS,Toulouse-Blagnac Airport,Toulouse/Blagnac,FR,FR-OCC,EU,large_airport,2,11483,43.62910,1.36382
LFBP,PUF,Pau Pyrénées Airport,Pau/Pyrénées (Uzein),FR,FR-NAQ,EU,medium_airport,1,8202,43.38000,-0.41861
LFBT,LDE,Tarbes-Lourdes-Pyrénées Airport,Tarbes/Lourdes/Pyrénées,FR,FR-OCC,EU,medium_airport,1,9843,43.17870,-0.00644
LFBU,ANG,Angoulême Brie-Champniers airport,Angoulême,FR,FR-NAQ,EU,medium_airport,1,5938,45.72920,0.22146
LFBX,PGX,Périgueux-Bassillac Airport,Périgueux/Bassillac,FR,FR-NAQ,EU,medium_airport,1,5741,45.19810,0.81556
LFBZ,BIQ,Biarritz Pays Basque airport,Biarritz,FR,FR-NAQ,EU,medium_airport,1,7382,43.46837,-1.52322
LFCC,ZAO,Cahors Lalbenque airport,Cahors,FR,FR-OCC,EU,medium_airport,1,4921,44.35140,1.47528
LFCG,,Aérodrome de Saint-Girons - Antichan,Saint-Girons/Antichan,FR,FR-OCC,EU,medium_airport,1,3609,43.00780,1.10315
LFCH,,Aérodrome d'Arcachon-La Teste-de-Buch,Arcachon/La Teste-de-Buch,FR,FR-NAQ,EU,medium_airport,2,4416,44.59640,-1.11083
LFCI,LBI,Albi Le Sequestre airport,Albi,FR,FR-OCC,EU,medium_airport,1,5118,43.91390,2.11306
LFCK,DCM,Castres Mazamet Airport,Castres,FR,FR-OCC,EU,medium_airport,1,5988,43.55630,2.28918
LFCR,RDZ,Rodez–Aveyron Airport,Rodez/Marcillac,FR,FR-OCC,EU,medium_airport,1,6693,44.40790,2.48267
LFCY,RYN,Royan-Médis Airport,Royan/Médis,FR,FR-NAQ,EU,medium_airport,1,4117,45.62810,-0.97250
LFDH,,Auch Gers Airfield,Auch,FR,FR-OCC,EU,medium_airport,2,6233,43.68361,0.59975
LFDN,RCO,Rochefort-Saint-Agnant (BA 721) Airport,Rochefort/Saint-Agnant,FR,FR-NAQ,EU,medium_airport,1,7480,45.88780,-0.98306
LFGA,CMR,Colmar Houssen airport,Colmar,FR,FR-GES,EU,medium_airport,1,5282,48.10990,7.35901
LFGJ,DLE,Dole Tavaux Airport,Dole,FR,FR-BFC,EU,medium_airport,1,7318,47.03896,5.42759
LFGW,,Verdun-Le Rozelier Airfield,"Sommedieue, Meuse",FR,FR-GES,EU,medium_airport,1,3675,49.12240,5.46905
LFHO,OBS,Aubenas-South Ardèche Airport,"Lanas, Ardèche",FR,FR-ARA,EU,medium_airport,1,4675,44.54437,4.37219
LFJL,ETZ,Metz-Nancy-Lorraine Airport,Goin,FR,FR-GES,EU,medium_airport,1,8202,48.98210,6.25132
LFJR,ANE,Angers Marcé airport,Angers,FR,FR-PDL,EU,medium_airport,3,5906,47.56030,-0.31222
LFKB,BIA,Bastia-Poretta International airport,Bastia,FR,FR-COR,EU,large_airport,1,8266,42.55270,9.48373
LFKC,CLY,Calvi Sainte Catherine Airport,Calvi,FR,FR-COR,EU,medium_airport,1,7579,42.53042,8.79298
LFKF,FSC,Figari Sud-Corse Airport,Figari,FR,FR-COR,EU,large_airport,1,8136,41.50185,9.09709
LFKJ,AJA,Ajaccio Napoléon Bonaparte airport,Ajaccio,FR,FR-COR,EU,medium_airport,1,7897,41.92360,8.80292
LFKS,SOZ,Solenzara (BA 126) Air Base,Solenzara,FR,FR-COR,EU,medium_airport,1,8619,41.92440,9.40600
LFLA,AUF,Auxerre Branches airport,Auxerre,FR,FR-BFC,EU,medium_airport,1,5413,47.85020,3.49711
LFLB,CMF,Chambéry Aix les Bains airport,Chambéry,FR,FR-ARA,EU,medium_airport,1,6628,45.63810,5.88023
LFLC,CFE,Clermont-Ferrand Auvergne airport,Clermont-Ferrand,FR,FR-ARA,EU,large_airport,3,9885,45.78670,3.16917
LFLD,BOU,Bourges airport,Bourges,FR,FR-CVL,EU,medium_airport,1,5085,47.06016,2.36963
LFLI,,Annemasse Airfield,Annemasse,FR,FR-ARA,EU,medium_airport,1,4265,46.19200,6.26839
LFLL,LYS,Lyon Saint-Exupéry Airport,"Colombier-Saugnieu, Rhône",FR,FR-ARA,EU,large_airport,2,13124,45.72600,5.09014
LFLM,,Mâcon-Charnay Airfield,"Charnay-lès-Mâcon, Saône-et-Loire",FR,FR-BFC,EU,medium_airport,1,4036,46.29513,4.79598
LFLN,SYT,Saint-Yan Airport,"L'Hôpital-le-Mercier, Saône-et-Loire",FR,FR-BFC,EU,medium_airport,2,6660,46.41402,4.01418
LFLO,RNE,Roanne-Renaison Airport,Saint-Léger-sur-Roanne,FR,FR-ARA,EU,medium_airport,1,4839,46.05382,3.99902
LFLP,NCY,Annecy Meythet airport,Annecy,FR,FR-ARA,EU,medium_airport,2,5348,45.92895,6.09870
LFLS,GNB,Grenoble Alpes Isère Airport,Grenoble,FR,FR-ARA,EU,medium_airport,1,10007,45.36290,5.32937
LFLU,VAF,Valence-Chabeuil Airport,"Chabeuil, Drôme",FR,FR-ARA,EU,medium_airport,3,6890,44.92160,4.96990
LFLV,VHY,Vichy-Charmeil Airport,"Charmeil, Allier",FR,FR-ARA,EU,medium_airport,1,7218,46.16969,3.40364
LFLW,AUR,Aurillac airport,Aurillac,FR,FR-ARA,EU,medium_airport,1,5577,44.89140,2.42194
LFLX,CHR,Châteauroux Déols airport,Châteauroux,FR,FR-CVL,EU,medium_airport,1,11483,46.86022,1.72833
LFLY,LYN,Lyon Bron Airport,"Chassieu, Lyon",FR,FR-ARA,EU,medium_airport,1,5971,45.72795,4.94399
LFMC,,Le Luc-Le Cannet Airfield,"Le Cannet-des-Maures, Var",FR,FR-PAC,EU,medium_airport,2,4593,43.38470,6.38714
LFMD,CEQ,Cannes Mandelieu Airport,Cannes,FR,FR-PAC,EU,medium_airport,3,5052,43.54800,6.95518
LFMH,EBU,Saint-Étienne-Bouthéon Airport,"Andrézieux-Bouthéon, Loire",FR,FR-ARA,EU,medium_airport,1,7546,45.54060,4.29639
LFMI,,Istres-Le Tubé Air Base,"Istres, Bouches-du-Rhône",FR,FR-PAC,EU,medium_airport,1,12303,43.52270,4.92384
LFMK,CCF,Carcassonne Salvaza Airport,Carcassonne,FR,FR-OCC,EU,medium_airport,1,6726,43.21600,2.30632
LFML,MRS,Marseille Provence Airport,"Marignane, Bouches-du-Rhône",FR,FR-PAC,EU,large_airport,2,11483,43.43809,5.21250
LFMN,NCE,Nice-Côte d'Azur Airport,"Nice, Alpes-Maritimes",FR,FR-PAC,EU,large_airport,2,9721,43.65840,7.21587
LFMO,,Orange-Caritat (BA 115) Air Base,"Orange, Vaucluse",FR,FR-PAC,EU,medium_airport,2,7909,44.14050,4.86672
LFMP,PGF,Perpignan-Rivesaltes (Llabanère) Airport,Perpignan/Rivesaltes,FR,FR-OCC,EU,medium_airport,2,8202,42.74040,2.87067
LFMQ,CTT,Le Castellet Airport,"Le Castellet, Var",FR,FR-PAC,EU,medium_airport,1,5069,43.25250,5.78519
LFMS,,Aérodrome d'Alès Cévennes,Alès/Deaux,FR,FR-OCC,EU,medium_airport,1,4576,44.06970,4.14212
LFMT,MPL,Montpellier-Méditerranée Airport,Montpellier/Méditerranée,FR,FR-OCC,EU,large_airport,2,8530,43.57620,3.96301
LFMU,BZR,Béziers Vias airport,Béziers,FR,FR-OCC,EU,medium_airport,1,5971,43.32350,3.35390
LFMV,AVN,Avignon Caumont airport,Avignon,FR,FR-PAC,EU,medium_airport,1,6168,43.90730,4.90183
LFMY,,Salon-de-Provence (BA 701) Air Base,Salon,FR,FR-PAC,EU,medium_airport,4,6565,43.60640,5.10925
LFNB,MEN,Mende-Brenoux Airfield,Mende/Brénoux,FR,FR-OCC,EU,medium_airport,1,4265,44.50210,3.53282
LFOA,,Avord (BA 702) Air Base,Avord,FR,FR-CVL,EU,medium_airport,1,11493,47.05330,2.63250
LFOB,BVA,Beauvais-Tillé airport,Beauvais,FR,FR-HDF,EU,large_airport,3,7972,49.45440,2.11278
LFOC,,Châteaudun Airfield,"Châteaudun, Eure-et-Loir",FR,FR-CVL,EU,medium_airport,1,7552,48.05791,1.37931
LFOE,EVX,Évreux-Fauville (BA 105) Air Base,"Fauville, Eure",FR,FR-NOR,EU,medium_airport,1,9826,49.02870,1.21986
LFOH,LEH,Le Havre-Octeville Airport,Le Havre,FR,FR-NOR,EU,medium_airport,1,7546,49.53404,0.08841
LFOI,,Abbeville-Buigny Baie de Somme Airfield,Buigny-Saint-Maclou,FR,FR-HDF,EU,medium_airport,3,4101,50.14350,1.83189
LFOJ,,Orléans-Bricy (BA 123) Air Base,"Boulay-les-Barres, Loiret",FR,FR-CVL,EU,medium_airport,1,7887,47.98780,1.76056
LFOK,XCR,Chalons Vatry airport,Chalons en Champagne,FR,FR-GES,EU,medium_airport,1,12664,48.77333,4.20611
LFOP,URO,Rouen Vallée de Seine Airport,Boos,FR,FR-NOR,EU,medium_airport,2,5577,49.38489,1.17914
LFOT,TUF,Tours Val de Loire Airport,"Tours, Indre-et-Loire",FR,FR-CVL,EU,medium_airport,1,7887,47.43220,0.72761
LFOV,LVA,Laval-Entrammes Airport,"Laval, Mayenne",FR,FR-PDL,EU,medium_airport,1,5453,48.03221,-0.74400
LFPB,LBG,Paris-Le Bourget International Airport,Paris,FR,FR-IDF,EU,large_airport,3,9843,48.96228,2.43654
LFPC,CSF,Creil Air Base,Creil,FR,FR-HDF,EU,medium_airport,1,7871,49.25350,2.51914
LFPG,CDG,Charles de Gaulle International Airport,"Paris (Roissy-en-France, Val-d'Oise)",FR,FR-IDF,EU,large_airport,5,13829,49.00896,2.55412
LFPM,,Melun-Villaroche Airfield,"Moissy-Cramayel, Seine-et-Marne",FR,FR-IDF,EU,medium_airport,2,6480,48.60470,2.67112
LFPN,TNF,Toussus-le-Noble Airport,"Toussus-le-Noble, Yvelines",FR,FR-IDF,EU,medium_airport,2,3609,48.75190,2.10619
LFPO,ORY,Paris-Orly Airport,"Paris (Orly, Val-de-Marne)",FR,FR-IDF,EU,large_airport,3,11975,48.72950,2.35896
LFPT,POX,Pontoise-Cormeilles Aerodrome,"Cormeilles-en-Vexin, Val-d'Oise",FR,FR-IDF,EU,medium_airport,2,5541,49.09606,2.03554
LFPV,VIY,Vélizy-Villacoublay Air Base,"Vélizy-Villacoublay, Yvelines",FR,FR-IDF,EU,medium_airport,1,5948,48.77441,2.20310
LFQB,,Troyes-Barberey Airport,"Barberey-Saint-Sulpice, Aube",FR,FR-GES,EU,medium_airport,3,5413,48.32210,4.01670
LFQE,,Lieutenant Étienne Mantoux Air Base,Rouvres-en-Woëvre,FR,FR-GES,EU,medium_airport,2,7874,49.22690,5.67222
LFQG,NVS,Nevers-Fourchambault Airport,"Marzy, Nièvre",FR,FR-BFC,EU,medium_airport,1,5348,47.00291,3.11311
LFQP,,Phalsbourg-Bourscheid Air Base,Bourscheid,FR,FR-GES,EU,medium_airport,1,7205,48.76620,7.20055
LFQQ,LIL,Lille Airport,Lesquin,FR,FR-HDF,EU,large_airport,2,9268,50.56656,3.10243
LFQT,HZB,Merville-Calonne Airport,"Merville, Nord",FR,FR-HDF,EU,medium_airport,1,6037,50.61840,2.64224
LFQV,,Charleville-Mézières Ardennes-Etienne Riché Airfield,Charleville-Mézières,FR,FR-GES,EU,medium_airport,1,4921,49.78390,4.64708
LFQW,,Vesoul-Frotey Airfield,"Frotey-lès-Vesoul, Haute-Saône",FR,FR-BFC,EU,medium_airport,1,4731,47.63859,6.20444
LFRB,BES,Brest Bretagne airport,Brest,FR,FR-BRE,EU,large_airport,2,10171,48.44790,-4.41854
LFRC,CER,Cherbourg Manche airport,Cherbourg,FR,FR-NOR,EU,medium_airport,1,8005,49.65010,-1.47028
LFRD,DNR,Dinard Pleurtuit Saint-Malo airport,Dinard,FR,FR-BRE,EU,medium_airport,2,7218,48.58770,-2.07996
LFRE,LBY,La Baule-Escoublac Airport,La Baule-Escoublac,FR,FR-PDL,EU,medium_airport,1,3117,47.28940,-2.34639
LFRF,GFR,Granville Airport,"Bréville-sur-Mer, Manche",FR,FR-NOR,EU,medium_airport,1,3150,48.88310,-1.56417
LFRG,DOL,Deauville Normandie airport,Deauville,FR,FR-NOR,EU,medium_airport,1,8366,49.36524,0.15448
LFRH,LRT,Lorient South Brittany (Bretagne Sud) Airport,Lorient/Lann/Bihoué,FR,FR-BRE,EU,medium_airport,2,7884,47.76060,-3.44000
LFRI,EDM,La Roche-sur-Yon Les Ajoncs Airport,La Roche-sur-Yon,FR,FR-PDL,EU,medium_airport,1,5085,46.70190,-1.37863
LFRJ,LDV,Landivisiau Air Base,Landivisiau,FR,FR-BRE,EU,medium_airport,1,8858,48.53030,-4.15164
LFRK,CFR,Caen Carpiquet airport,Caen,FR,FR-NOR,EU,medium_airport,2,6233,49.17678,-0.45488
LFRL,,Lanvéoc-Poulmic Air Base,Lanvéoc/Poulmic,FR,FR-BRE,EU,medium_airport,3,3635,48.28170,-4.44502
LFRM,LME,Le Mans-Arnage Airport,"Le Mans, Sarthe",FR,FR-PDL,EU,medium_airport,2,4658,47.94860,0.20170
LFRN,RNS,Rennes-Saint-Jacques Airport,"Saint-Jacques-de-la-Lande, Ille-et-Vilaine",FR,FR-BRE,EU,medium_airport,2,6890,48.06950,-1.73479
LFRO,LAI,Lannion Airport,Lannion,FR,FR-BRE,EU,medium_airport,1,5577,48.75440,-3.47166
LFRQ,UIP,Quimper-Cornouaille Airport,Quimper/Pluguffan,FR,FR-BRE,EU,medium_airport,1,7054,47.97303,-4.16965
LFRS,NTE,Nantes Atlantique Airport,Nantes,FR,FR-PDL,EU,large_airport,1,9514,47.15320,-1.61073
LFRT,SBK,Saint-Brieuc-Armor Airport,"Trémuson, Côtes-d'Armor",FR,FR-BRE,EU,medium_airport,1,7218,48.53863,-2.85352
LFRU,MXN,Morlaix-Ploujean Airport,Morlaix/Ploujean,FR,FR-BRE,EU,medium_airport,3,5305,48.60320,-3.81578
LFRV,VNE,Vannes-Meucon Airport,Vannes/Meucon,FR,FR-BRE,EU,medium_airport,2,5020,47.72330,-2.71856
LFRZ,SNR,Saint-Nazaire-Montoir Airport,Saint-Nazaire/Montoir,FR,FR-PDL,EU,medium_airport,1,7874,47.31142,-2.15263
LFSB,BSL,EuroAirport Basel–Mulhouse–Freiburg,Bâle / Mulhouse,FR,FR-GES,EU,large_airport,2,12795,47.60068,7.52112
LFSD,DIJ,Dijon Longvic airport,Dijon,FR,FR-BFC,EU,medium_airport,2,7874,47.26890,5.09000
LFSG,EPL,Épinal Mirecourt Airport,Épinal,FR,FR-GES,EU,medium_airport,1,8858,48.32500,6.06998
LFSI,,Saint-Dizier – Robinson Air Base,Saint-Dizier,FR,FR-GES,EU,medium_airport,1,7913,48.63600,4.89942
LFSL,BVE,Brive Souillac airport,Brive,FR,FR-NAQ,EU,medium_airport,1,6890,45.03972,1.48556
LFSM,,Montbéliard-Courcelles Airfield,Courcelles-lès-Montbéliard,FR,FR-BFC,EU,medium_airport,1,5578,47.48700,6.79054
LFSN,ENC,Nancy-Essey Airport,"Tomblaine, Meurthe-et-Moselle",FR,FR-GES,EU,medium_airport,1,5249,48.69210,6.23046
LFSO,,Nancy-Ochey (BA 133) Air Base,Thuilley-aux-Groseilles,FR,FR-GES,EU,medium_airport,1,7878,48.58310,5.95500
LFST,SXB,Strasbourg Airport,Strasbourg,FR,FR-GES,EU,large_airport,1,7874,48.53830,7.62823
LFSX,,Luxeuil-Saint-Sauveur (BA 116) Air Base,Saint-Sauveur,FR,FR-BFC,EU,medium_airport,2,7982,47.78775,6.35342
LFTH,TLN,Toulon-Hyères Airport,"Hyères, Var",FR,FR-PAC,EU,medium_airport,2,6955,43.09730,6.14603
LFTW,FNI,Nîmes-Arles-Camargue Airport,Nîmes/Garons,FR,FR-OCC,EU,medium_airport,1,8005,43.75740,4.41635
LFVP,FSP,Saint-Pierre Pointe-Blanche Airport,Saint-Pierre,PM,PM-SP,NA,medium_airport,1,5906,46.76265,-56.17499
LFXA,,Ambérieu Air Base (BA 278),Ambérieu,FR,FR-ARA,EU,medium_airport,2,6562,45.98730,5.32844
LGAD,PYR,Andravida Air Base,Andravida,GR,GR-G,EU,medium_airport,1,10299,37.92070,21.29260
LGAL,AXD,Alexandroupoli Democritus Airport,Alexandroupolis,GR,GR-A,EU,medium_airport,1,8471,40.85590,25.95630
LGAV,ATH,Athens Eleftherios Venizelos International Airport,Spata-Artemida,GR,GR-I,EU,large_airport,2,13123,37.93640,23.94450
LGBL,VOL,Nea Anchialos National Airport,Nea Anchialos,GR,GR-E,EU,medium_airport,1,9052,39.21960,22.79430
LGEL,,Elefsis Air Base,Elefsina,GR,GR-I,EU,medium_airport,1,8985,38.06380,23.55600
LGHI,JKH,Chios Island National Airport,Chios Island,GR,GR-K,EU,medium_airport,1,4957,38.34320,26.14060
LGIO,IOA,Ioannina King Pyrrhus National Airport,Ioannina,GR,GR-D,EU,medium_airport,1,7874,39.69640,20.82250
LGIR,HER,Heraklion International Nikos Kazantzakis Airport,Heraklion,GR,GR-M,EU,large_airport,2,8904,35.33970,25.18030
LGKF,EFL,Kefallinia Airport,Kefallinia Island,GR,GR-F,EU,medium_airport,1,7992,38.12010,20.50050
LGKL,KLX,Kalamata Airport,Kalamata,GR,GR-J,EU,medium_airport,2,9843,37.06830,22.02550
LGKO,KGS,"Kos International Airport ""Ippokratis""",Kos Island,GR,GR-L,AS,large_airport,1,7841,36.79452,27.09115
LGKP,AOK,Karpathos Airport,Karpathos Island,GR,GR-L,EU,medium_airport,1,7871,35.42140,27.14600
LGKR,CFU,Corfu Ioannis Kapodistrias International Airport,Kerkyra (Corfu),GR,GR-F,EU,large_airport,1,7792,39.60145,19.91218
LGKV,KVA,Kavala Alexander the Great International Airport,Kavala,GR,GR-A,EU,large_airport,1,9844,40.91330,24.61920
LGKZ,KZI,Kozani National Airport Filippos,Kozani,GR,GR-C,EU,medium_airport,1,5978,40.28610,21.84080
LGMK,JMK,Mykonos Island National Airport,Mykonos,GR,GR-L,EU,medium_airport,1,6240,37.43510,25.34810
LGMT,MJT,Mytilene International Airport,Mytilene,GR,GR-K,EU,medium_airport,1,7894,39.05741,26.59863
LGPZ,PVK,Aktion National Airport,Preveza,GR,GR-D,EU,medium_airport,1,9419,38.92550,20.76530
LGRP,RHO,"Rhodes International Airport ""Diagoras""",Rhodes,GR,GR-L,AS,large_airport,1,10846,36.40540,28.08620
LGRX,GPA,Patras Araxos Agamemnon Airport,Patras,GR,GR-G,EU,medium_airport,1,10997,38.15110,21.42560
LGSA,CHQ,Chania International Airport,Souda,GR,GR-M,EU,large_airport,1,10982,35.53121,24.15067
LGSK,JSI,Skiathos Island National Airport,Skiathos,GR,GR-E,EU,medium_airport,1,5341,39.17710,23.50370
LGSM,SMI,Samos Airport,Samos Island,GR,GR-K,EU,medium_airport,1,6706,37.69000,26.91170
LGSR,JTR,Santorini International Airport,Santorini Island,GR,GR-L,EU,large_airport,1,7208,36.40004,25.47864
LGST,JSH,Sitia Airport,Crete Island,GR,GR-M,EU,medium_airport,1,6804,35.21610,26.10130
LGTG,,Tanagra Air Base,Tanagra,GR,GR-H,EU,medium_airport,1,9810,38.33980,23.56500
LGTL,,(*)Kasteli Hellenic Air Force Base,Kasteli,GR,GR-M,EU,medium_airport,1,10563,35.19134,25.32659
LGTS,SKG,Thessaloniki Macedonia International Airport,Thessaloniki,GR,GR-B,EU,large_airport,2,11286,40.51928,22.97001
LGZA,ZTH,Zakynthos International Airport Dionysios Solomos,Zakynthos,GR,GR-F,EU,medium_airport,1,7310,37.75090,20.88430
LHBP,BUD,Budapest Liszt Ferenc International Airport,Budapest,HU,HU-BU,EU,large_airport,2,12162,47.43018,19.26239
LHDC,DEB,Debrecen International Airport,Debrecen,HU,HU-HB,EU,large_airport,1,8196,47.48947,21.61628
LHKA,,Kalocsa-Foktő Airfield,Kalocsa,HU,HU-BK,EU,medium_airport,0,,46.55149,18.94230
LHKE,,Kecskemét Air Base,Kecskemét,HU,HU-BK,EU,medium_airport,1,8200,46.91750,19.74920
LHPP,PEV,Pécs-Pogány International Airport,Pécs,HU,HU-BA,EU,large_airport,1,4922,45.98889,18.24204
LHPR,,Győr-Pér Airport,Győr,HU,HU-GS,EU,medium_airport,2,6660,47.62844,17.80472
LHSM,SOB,Hévíz–Balaton Airport,Sármellék,HU,HU-ZA,EU,medium_airport,1,8202,46.68639,17.15908
LHSN,,Szolnok Air Base,Szolnok,HU,HU-JN,EU,medium_airport,1,6562,47.12290,20.23550
LHTA,,Taszár Air Base,Taszár,HU,HU-SO,EU,medium_airport,1,8205,46.39310,17.91750
LHTL,,Tököl Airport,Tököl,HU,HU-PE,EU,medium_airport,1,5800,47.34530,18.98080
LIBA,,Amendola Air Base,San Giovanni Rotondo (FG),IT,IT-75,EU,medium_airport,1,8727,41.53844,15.71718
LIBC,CRV,Crotone Sant'Anna Pythagoras Airport,Isola di Capo Rizzuto (KR),IT,IT-78,EU,medium_airport,1,6562,38.99720,17.08020
LIBD,BRI,Bari Karol Wojtyła International Airport,Bari,IT,IT-75,EU,large_airport,1,9843,41.13890,16.76060
LIBF,FOG,Foggia Gino Lisa Airport,Foggia (FG),IT,IT-75,EU,medium_airport,1,5692,41.43360,15.53457
LIBG,TAR,Taranto-Grottaglie Marcello Arlotta Airport,Grottaglie,IT,IT-75,EU,medium_airport,1,10499,40.51750,17.40320
LIBN,LCC,Lecce Galatina Air Base / Galatina Fortunato Cesari Airport,Galatina (LE),IT,IT-75,EU,medium_airport,1,6240,40.23920,18.13330
LIBP,PSR,Abruzzo Airport,Pescara,IT,IT-65,EU,large_airport,1,7933,42.43108,14.18298
LIBR,BDS,Brindisi Airport,Brindisi,IT,IT-75,EU,large_airport,2,10000,40.65760,17.94700
LIBV,,Gioia del Colle Antonio Ramirez Air Base,Gioia del Colle (BA),IT,IT-75,EU,medium_airport,2,9846,40.76780,16.93330
LICA,SUF,Lamezia Terme Sant'Eufemia International Airport,Lamezia Terme (CZ),IT,IT-78,EU,large_airport,1,9898,38.90621,16.24601
LICB,CIY,Comiso Airport,Comiso,IT,IT-82,EU,medium_airport,1,8070,36.99583,14.60889
LICC,CTA,Catania-Fontanarossa Airport,Catania,IT,IT-82,EU,large_airport,1,7989,37.46680,15.06640
LICD,LMP,Lampedusa Airport,Lampedusa,IT,IT-82,EU,medium_airport,1,5906,35.49790,12.61810
LICG,PNL,Pantelleria Airport,Pantelleria (TP),IT,IT-82,EU,medium_airport,2,5495,36.81650,11.96890
LICJ,PMO,Falcone–Borsellino Airport,Palermo,IT,IT-82,EU,large_airport,2,10912,38.17600,13.09100
LICP,,Palermo-Boccadifalco Airport,Palermo,IT,IT-82,EU,medium_airport,1,4016,38.11592,13.31337
LICR,REG,Reggio Calabria Airport,Reggio Calabria,IT,IT-78,EU,medium_airport,2,6549,38.07120,15.65160
LICT,TPS,Vincenzo Florio Airport Trapani-Birgi,Trapani (TP),IT,IT-82,EU,medium_airport,1,8852,37.91140,12.48800
LICZ,,Sigonella Navy Air Base,Sigonella (CT),IT,IT-82,EU,medium_airport,2,8077,37.40170,14.92240
LIDT,,Trento-Mattarello Airport,Trento (TN),IT,IT-32,EU,medium_airport,1,3707,46.02333,11.12500
LIEA,AHO,Alghero-Fertilia Airport,Alghero,IT,IT-88,EU,medium_airport,1,9843,40.63210,8.29077
LIED,DCI,Decimomannu Air Base,Decimomannu,IT,IT-88,EU,medium_airport,2,9793,39.35420,8.97248
LIEE,CAG,Cagliari Elmas Airport,Cagliari,IT,IT-88,EU,large_airport,1,9196,39.25150,9.05428
LIEO,OLB,Olbia Costa Smeralda Airport,Olbia (SS),IT,IT-88,EU,large_airport,1,9006,40.89895,9.51846
LIET,,Tortolì Airport,Arbatax,IT,IT-88,EU,medium_airport,1,3898,39.91880,9.68298
LILE,,Biella-Cerrione Airfield,Cerrione (BI),IT,IT-21,EU,medium_airport,1,4331,45.49530,8.10278
LILN,,Varese-Venegono Airport,Venegono Superiore (VA),IT,IT-25,EU,medium_airport,1,4659,45.74220,8.88823
LIMA,,Torino-Aeritalia Airport,Torino (TO),IT,IT-21,EU,medium_airport,2,3524,45.08444,7.60306
LIMC,MXP,Milan Malpensa International Airport,Ferno (VA),IT,IT-25,EU,large_airport,2,12861,45.63060,8.72811
LIME,BGY,Il Caravaggio International Airport,Orio al Serio (BG),IT,IT-25,EU,large_airport,2,9429,45.66936,9.70885
LIMF,TRN,Turin Airport,Caselle Torinese (TO),IT,IT-21,EU,large_airport,1,10827,45.20080,7.64963
LIMG,,Riviera Villanova d'Albenga International Airport,Villanova d'Albenga (SV),IT,IT-42,EU,medium_airport,1,4698,44.05060,8.12743
LIMJ,GOA,Genoa Cristoforo Colombo Airport,Genova (GE),IT,IT-42,EU,large_airport,1,9564,44.41204,8.84073
LIML,LIN,Milano Linate Airport,Segrate (MI),IT,IT-25,EU,large_airport,1,8012,45.44510,9.27674
LIMN,,Cameri Air Base,Cameri (NO),IT,IT-21,EU,medium_airport,1,9818,45.52960,8.66922
LIMP,PMF,Parma Airport,Parma (PR),IT,IT-45,EU,medium_airport,1,6962,44.82635,10.29705
LIMR,,Novi Ligure Eugenio Mossi Airfield,Novi Ligure (AL),IT,IT-21,EU,medium_airport,1,3035,44.78000,8.78639
LIMS,,Piacenza San Damiano Air Base,San Damiano (PC),IT,IT-45,EU,medium_airport,1,9828,44.91442,9.72232
LIMW,AOT,Aosta Corrado Gex Airport,Saint-Christophe (AO),IT,IT-23,EU,medium_airport,1,4088,45.73855,7.36830
LIMZ,CUF,Cuneo International Airport,Levaldigi (CN),IT,IT-21,EU,medium_airport,1,6903,44.54746,7.62305
LIPA,AVB,Aviano Air Base,Aviano (PN),IT,IT-36,EU,medium_airport,1,8551,46.03190,12.59650
LIPB,BZO,Bolzano Airport,Bolzano (BZ),IT,IT-32,EU,medium_airport,2,5708,46.45925,11.32612
LIPC,,Cervia Air Base,Cervia (RA),IT,IT-45,EU,medium_airport,1,10007,44.22420,12.30720
LIPE,BLQ,Bologna Guglielmo Marconi Airport,Bologna,IT,IT-45,EU,large_airport,1,9196,44.53540,11.28870
LIPH,TSF,Treviso Airport,Treviso (TV),IT,IT-34,EU,large_airport,1,7941,45.64840,12.19440
LIPI,,Udine-Rivolto Air Base,Codroipo (UD),IT,IT-36,EU,medium_airport,1,8365,45.97870,13.04930
LIPK,FRL,Forlì-Luigi Ridolfi International Airport,Forlì (FC),IT,IT-45,EU,medium_airport,1,7907,44.19480,12.07010
LIPL,,Ghedi Air Base,Ghedi (BS),IT,IT-25,EU,medium_airport,1,9813,45.43255,10.26861
LIPO,VBS,Brescia Gabriele d'Annunzio Airport,Montichiari (BS),IT,IT-25,EU,medium_airport,1,9810,45.42890,10.33060
LIPQ,TRS,Trieste Airport,Ronchi dei Legionari/Trieste,IT,IT-36,EU,large_airport,1,9843,45.82786,13.46667
LIPR,RMI,Federico Fellini International Airport,Rimini (RN),IT,IT-45,EU,large_airport,1,9828,44.02002,12.61220
LIPS,,Istrana Air Base,Istrana (TV),IT,IT-34,EU,medium_airport,1,9816,45.68438,12.08659
LIPU,,Padova Gino Allegri Airfield,Padova (PD),IT,IT-34,EU,medium_airport,1,3681,45.39532,11.84712
LIPX,VRN,Verona Villafranca Valerio Catullo Airport,Caselle (VR),IT,IT-34,EU,large_airport,1,10064,45.39496,10.88730
LIPY,AOI,Marche Airport,Falconara Marittima (AN),IT,IT-57,EU,medium_airport,1,9718,43.61630,13.36230
LIPZ,VCE,Venice Marco Polo Airport,Venezia (VE),IT,IT-34,EU,large_airport,2,10827,45.50530,12.35190
LIQS,,Siena-Ampugnano Airport,Ampugnano (SI),IT,IT-52,EU,medium_airport,1,4570,43.25494,11.25508
LIQW,,Sarzana-Luni Bartolomeo Arrigoni Airport,Sarzana (SP),IT,IT-42,EU,medium_airport,1,2969,44.08738,9.98788
LIRA,CIA,Ciampino–G. B. Pastine International Airport,Rome,IT,IT-62,EU,large_airport,1,7226,41.79877,12.59533
LIRE,,Pratica di Mare Air Base,Pomezia (RM),IT,IT-62,EU,medium_airport,1,8138,41.65450,12.44520
LIRF,FCO,Rome–Fiumicino Leonardo da Vinci International Airport,Rome,IT,IT-62,EU,large_airport,3,12801,41.80453,12.25200
LIRG,,Guidonia Air Base,Guidonia (RM),IT,IT-62,EU,medium_airport,2,4797,41.99030,12.74080
LIRI,QSR,Salerno Costa d'Amalfi Airport,Salerno,IT,IT-72,EU,medium_airport,1,6437,40.62040,14.91130
LIRJ,EBA,Marina di Campo Airport,Campo nell'Elba (LI),IT,IT-52,EU,medium_airport,1,3114,42.76087,10.23981
LIRL,,Latina Air Base,Latina,IT,IT-62,EU,medium_airport,1,5577,41.54240,12.90900
LIRM,,Grazzanise Air Base,Caserta,IT,IT-72,EU,medium_airport,1,9813,41.06080,14.08190
LIRN,NAP,Naples International Airport,Napoli,IT,IT-72,EU,large_airport,1,8622,40.88600,14.29080
LIRP,PSA,Pisa International Airport,Pisa (PI),IT,IT-52,EU,large_airport,2,9820,43.68390,10.39270
LIRQ,FLR,"Florence Airport, Peretola",Firenze (FI),IT,IT-52,EU,large_airport,1,5118,43.80856,11.20282
LIRS,GRS,Grosseto Corrado Baccarini Air Base / Grosseto Airport,Grosseto (GR),IT,IT-52,EU,medium_airport,2,9823,42.75970,11.07190
LIRU,,Rome Urbe Airport,Rome,IT,IT-62,EU,medium_airport,1,3556,41.95210,12.50223
LIRV,,Viterbo Airport,Viterbo,IT,IT-62,EU,medium_airport,3,4265,42.43530,12.06136
LIRZ,PEG,Perugia San Francesco d'Assisi – Umbria International Airport,Perugia (PG),IT,IT-55,EU,large_airport,1,7215,43.09590,12.51320
LJCE,,Cerklje ob Krki Air Base,Cerklje ob Krki,SI,SI-009,EU,medium_airport,1,9843,45.90000,15.53020
LJLJ,LJU,Ljubljana Jože Pučnik Airport,Zgornji Brnik,SI,SI-012,EU,large_airport,1,10827,46.22370,14.45760
LJMB,MBX,Maribor Edvard Rusjan Airport,Maribor,SI,SI-160,EU,medium_airport,2,8202,46.47990,15.68610
LJPZ,POW,Portorož Airport,Sečovlje,SI,SI-090,EU,medium_airport,1,3939,45.47201,13.61595
LKCS,JCL,České Budějovice South Bohemian Airport,České Budějovice,CZ,CZ-JC,EU,large_airport,1,8202,48.94817,14.42832
LKCV,,Čáslav Air Base,Chotusice,CZ,CZ-ST,EU,medium_airport,2,7875,49.93970,15.38180
LKKB,,Prague–Kbely Air Base,Prague,CZ,CZ-PR,EU,medium_airport,1,6562,50.12140,14.54360
LKKU,UHE,Kunovice Airport,Uherské Hradiště,CZ,CZ-ZL,EU,medium_airport,3,6562,49.02940,17.43970
LKKV,KLV,Karlovy Vary Airport,Karlovy Vary,CZ,CZ-KA,EU,large_airport,1,7054,50.20300,12.91500
LKLN,,Plzeň-Líně Airport,Plzen,CZ,CZ-PL,EU,medium_airport,1,4757,49.67520,13.27460
LKMT,OSR,Leoš Janáček Airport Ostrava,Mošnov,CZ,CZ-MO,EU,large_airport,1,11484,49.69630,18.11110
LKNA,,Náměšť Air Base,Sedlec,CZ,CZ-VY,EU,medium_airport,1,7874,49.16627,16.12398
LKPD,PED,Pardubice Airport,Pardubice,CZ,CZ-PA,EU,large_airport,1,8203,50.01505,15.73981
LKPO,PRV,Přerov Air Base,Přerov,CZ,CZ-OL,EU,medium_airport,1,8123,49.42580,17.40470
LKPR,PRG,Václav Havel Airport Prague,Prague,CZ,CZ-PR,EU,large_airport,2,12189,50.10087,14.25991
LKTB,BRQ,Brno-Tuřany Airport,Brno,CZ,CZ-JM,EU,medium_airport,2,8694,49.15128,16.69397
LKVO,VOD,Vodochody Airport,Vodochody,CZ,CZ-ST,EU,medium_airport,2,8203,50.21660,14.39580
LLBG,TLV,Ben Gurion International Airport,Tel Aviv,IL,IL-M,AS,large_airport,3,13327,32.01140,34.88670
LLEK,,Tel Nof Air Base,Rehovot,IL,IL-M,AS,medium_airport,3,7880,31.83950,34.82180
LLER,ETM,Ramon International Airport,Eilat,IL,IL-D,AS,large_airport,1,11811,29.72701,35.01412
LLHA,HFA,Uri Michaeli Haifa International Airport,Haifa,IL,IL-HA,AS,medium_airport,1,4324,32.81022,35.04372
LLIB,RPN,Rosh Pina Airport,Rosh Pina,IL,IL-Z,AS,medium_airport,1,3625,32.98100,35.57190
LLMZ,MTZ,Bar Yehuda Airfield,Masada,IL,IL-D,AS,medium_airport,1,3937,31.32820,35.38860
LLNV,VTM,Nevatim Air Base,Beersheba,IL,IL-D,AS,medium_airport,4,10991,31.20830,35.01230
LLRD,,Ramat David Air Base,Haifa,IL,IL-Z,AS,medium_airport,3,8550,32.66510,35.17950
LLRM,,Ramon Air Base,Beersheba,IL,IL-D,AS,medium_airport,2,9876,30.77610,34.66670
LMML,MLA,Malta International Airport,Valletta,MT,MT-25,EU,large_airport,2,10991,35.84593,14.49155
LOAN,,Wiener Neustadt East Airport,Wiener Neustadt,AT,AT-3,EU,medium_airport,1,3500,47.84330,16.26010
LOWG,GRZ,Graz Airport,Feldkirchen bei Graz,AT,AT-6,EU,large_airport,3,9842,46.99110,15.43960
LOWI,INN,Innsbruck Airport,Innsbruck,AT,AT-7,EU,large_airport,2,6562,47.26020,11.34400
LOWK,KLU,Klagenfurt Airport,Klagenfurt am Wörthersee,AT,AT-2,EU,large_airport,2,8924,46.64250,14.33770
LOWL,LNZ,Linz-Hörsching Airport,Linz,AT,AT-4,EU,large_airport,3,9843,48.23536,14.18813
LOWS,SZG,Salzburg Airport,Salzburg,AT,AT-5,EU,large_airport,1,9022,47.79330,13.00430
LOWW,VIE,Vienna International Airport,Vienna,AT,AT-9,EU,large_airport,2,11811,48.11030,16.56970
LOXN,,Wiener Neustadt West Airport,Wiener Neustadt,AT,AT-3,EU,medium_airport,6,5314,47.83693,16.22184
LOXZ,,Hinterstoisser Air Base,Zeltweg,AT,AT-6,EU,medium_airport,2,9022,47.20280,14.74420
LPAR,,Alverca Air Base,Vila Franca de Xira,PT,PT-11,EU,medium_airport,1,9810,38.88330,-9.03010
LPAZ,SMA,Santa Maria Airport,Vila do Porto,PT,PT-20,EU,medium_airport,1,10000,36.97140,-25.17060
LPBG,BGC,Bragança Airport,Bragança,PT,PT-04,EU,medium_airport,1,5600,41.85780,-6.70713
LPBJ,BYJ,Beja Airport / Airbase,Beja,PT,PT-02,EU,medium_airport,2,11319,38.07890,-7.93240
LPBR,,Braga Municipal Aerodrome,Braga,PT,PT-03,EU,medium_airport,1,3081,41.58700,-8.44519
LPCB,,Aerodromo de Castelo Branco,Castelo Branco,PT,PT-05,EU,medium_airport,1,4790,39.84453,-7.43987
LPCO,,Aerodromo Municipal de Coimbra,Coimbra,PT,PT-06,EU,medium_airport,1,3018,40.15876,-8.47081
LPCS,CAT,Cascais Airport,Cascais,PT,PT-11,EU,medium_airport,1,4593,38.72500,-9.35523
LPEV,,Évora Airfield,Évora,PT,PT-07,EU,medium_airport,1,4265,38.53350,-7.88964
LPFL,FLW,Flores Airport,Santa Cruz das Flores,PT,PT-20,EU,medium_airport,1,4593,39.45530,-31.13140
LPFR,FAO,Faro - Gago Coutinho International Airport,Faro,PT,PT-08,EU,large_airport,1,8169,37.01591,-7.97094
LPGR,GRW,Graciosa Airport,Santa Cruz da Graciosa,PT,PT-20,EU,medium_airport,1,4529,39.09220,-28.02980
LPHR,HOR,Horta Airport,Horta,PT,PT-20,EU,medium_airport,1,5233,38.51990,-28.71590
LPLA,TER,Lajes Airport,Praia da Vitória,PT,PT-20,EU,medium_airport,1,10870,38.76180,-27.09080
LPMA,FNC,Cristiano Ronaldo International Airport,Funchal,PT,PT-30,EU,large_airport,1,9110,32.69781,-16.77461
LPMR,,Monte Real Air Base,,PT,PT-10,EU,medium_airport,1,9816,39.82834,-8.88750
LPMT,,Montijo Air Base,Montijo,PT,PT-15,EU,medium_airport,2,8005,38.70929,-9.03368
LPOV,,Ovar Air Base,Ovar,PT,PT-01,EU,medium_airport,1,8005,40.91590,-8.64592
LPPD,PDL,João Paulo II Airport,Ponta Delgada,PT,PT-20,EU,large_airport,1,8192,37.74120,-25.69790
LPPI,PIX,Pico Airport,Pico Island,PT,PT-20,EU,medium_airport,1,5725,38.55430,-28.44130
LPPM,PRM,Portimão Airport,Portimão,PT,PT-08,EU,medium_airport,1,2822,37.14930,-8.58396
LPPR,OPO,Francisco de Sá Carneiro Airport,Porto,PT,PT-13,EU,large_airport,1,11417,41.24810,-8.68139
LPPS,PXO,Porto Santo Airport,Vila Baleira,PT,PT-30,EU,medium_airport,1,9861,33.07340,-16.35000
LPPT,LIS,Lisbon Humberto Delgado Airport,Lisbon,PT,PT-11,EU,large_airport,1,12500,38.78130,-9.13592
LPSJ,SJZ,São Jorge Airport,Velas,PT,PT-20,EU,medium_airport,1,4633,38.66550,-28.17580
LPSO,,Aeródromo Municipal de Ponte de Sor,Ponte de Sor,PT,PT-12,EU,medium_airport,1,5906,39.21155,-8.05779
LPST,,Sintra Air Base,Sintra,PT,PT-11,EU,medium_airport,1,5906,38.83110,-9.33955
LPTN,,Tancos Airbase,Tancos,PT,PT-14,EU,medium_airport,2,7530,39.47510,-8.36458
LPVL,,Vilar de Luz Airfield,Maia,PT,PT-13,EU,medium_airport,1,5606,41.27729,-8.51621
LPVR,VRL,Vila Real Airport,Vila Real,PT,PT-17,EU,medium_airport,1,3107,41.27430,-7.72047
LPVZ,VSE,Aerodromo Goncalves Lobato (Viseu Airport),Viseu,PT,PT-18,EU,medium_airport,1,4035,40.72550,-7.88899
LQBK,BNX,Banja Luka International Airport,Mahovljani,BA,BA-SRP,EU,large_airport,1,8202,44.94140,17.29750
LQMO,OMO,Mostar International Airport,Mostar,BA,BA-BIH,EU,large_airport,1,7874,43.28249,17.84610
LQSA,SJJ,Sarajevo International Airport,Sarajevo,BA,BA-BIH,EU,large_airport,1,8666,43.82460,18.33150
LQTZ,TZL,Tuzla International Airport,Dubrave Gornje,BA,BA-BIH,EU,large_airport,1,8152,44.45986,18.72363
LRAR,ARW,Arad International Airport,Arad,RO,RO-AR,EU,medium_airport,1,6562,46.17614,21.26432
LRBC,BCM,Bacău George Enescu International  Airport,Bacău,RO,RO-BC,EU,large_airport,1,8203,46.52190,26.91030
LRBM,BAY,Maramureș International Airport,Tăuții-Măgherăuș,RO,RO-MM,EU,medium_airport,1,7054,47.65844,23.46445
LRBO,,Boboc Air Base,Boboc,RO,RO-BZ,EU,medium_airport,0,,45.21640,26.97860
LRBS,BBU,Bucharest Băneasa Aurel Vlaicu International Airport,Bucharest,RO,RO-B,EU,large_airport,1,10499,44.50313,26.10294
LRBV,GHV,Brașov-Ghimbav International Airport,Brașov (Ghimbav),RO,RO-BV,EU,large_airport,1,9252,45.70558,25.52287
LRCK,CND,Mihail Kogălniceanu International Airport,Constanța,RO,RO-CT,EU,large_airport,1,11483,44.36220,28.48830
LRCL,CLJ,Avram Iancu Cluj International Airport,Cluj-Napoca,RO,RO-CJ,EU,large_airport,2,6693,46.78604,23.68573
LRCS,CSB,Caransebeş Airport,Caransebeş,RO,RO-CS,EU,medium_airport,1,6562,45.42014,22.25251
LRCT,,Câmpia Turzii Air Base,Câmpia Turzii,RO,RO-CJ,EU,medium_airport,1,8202,46.50230,23.88590
LRCV,CRA,Craiova International Airport,Craiova,RO,RO-DJ,EU,large_airport,1,8203,44.31810,23.88860
LRFT,,Feteşti Borcea Air Base,Borcea,RO,RO-CL,EU,medium_airport,0,,44.39230,27.72670
LRIA,IAS,Iaşi International Airport,Iaşi,RO,RO-IS,EU,large_airport,1,7874,47.17963,27.62143
LROD,OMR,Oradea International Airport,Oradea,RO,RO-BH,EU,large_airport,1,8267,47.02530,21.90250
LROP,OTP,Bucharest Henri Coandă International Airport,Otopeni,RO,RO-IF,EU,large_airport,2,11484,44.57179,26.10328
LRSB,SBZ,Sibiu International Airport,Sibiu,RO,RO-SB,EU,large_airport,1,8629,45.78584,24.08667
LRSM,SUJ,Satu Mare International Airport,Satu Mare,RO,RO-SM,EU,medium_airport,1,8160,47.70330,22.88570
LRSV,SCV,Suceava Ștefan cel Mare International Airport,Suceava,RO,RO-SV,EU,large_airport,1,8070,47.68750,26.35410
LRTC,TCE,Tulcea Danube Delta Airport,Mihail Kogălniceanu,RO,RO-TL,EU,medium_airport,1,6517,45.06250,28.71430
LRTM,TGM,Târgu Mureş Transilvania International Airport,Recea,RO,RO-MS,EU,medium_airport,1,6562,46.46770,24.41250
LRTR,TSR,Timișoara Traian Vuia International Airport,Timişoara,RO,RO-TM,EU,large_airport,1,11483,45.80990,21.33790
LSGC,,Les Eplatures Airport,La Chaux-de-Fonds,CH,CH-NE,EU,medium_airport,1,3707,47.08390,6.79284
LSGG,GVA,Geneva International Airport,Geneva,CH,CH-GE,EU,large_airport,1,12795,46.23810,6.10895
LSGS,SIR,Sion Airport,Sion,CH,CH-VS,EU,medium_airport,2,6562,46.21917,7.32694
LSMA,,Alpnach Air Base,Alpnach,CH,CH-OW,EU,medium_airport,1,4914,46.94390,8.28417
LSMD,,Dübendorf Air Base,Zurich,CH,CH-ZH,EU,medium_airport,2,7726,47.39860,8.64823
LSME,EML,Emmen Air Base,Emmen,CH,CH-LU,EU,medium_airport,1,8208,47.09244,8.30518
LSMP,VIP,Payerne Air Base,Payerne,CH,CH-FR,EU,medium_airport,1,9376,46.84320,6.91506
LSZA,LUG,Lugano Airport,Agno,CH,CH-TI,EU,medium_airport,1,4642,46.00430,8.91058
LSZB,BRN,Bern Airport,Bern,CH,CH-BE,EU,medium_airport,5,5676,46.91274,7.49882
LSZG,,Grenchen Airfield,Grenchen,CH,CH-SO,EU,medium_airport,4,3281,47.18160,7.41719
LSZH,ZRH,Zürich Airport,Zurich,CH,CH-ZH,EU,large_airport,4,12139,47.45806,8.54806
LSZR,ACH,Sankt Gallen Altenrhein Airport,St. Gallen,CH,CH-SG,EU,medium_airport,2,4774,47.48500,9.56077
LSZS,SMV,Engadin Airport,Samedan,CH,CH-GR,EU,medium_airport,1,5905,46.53410,9.88411
LTAC,ESB,Esenboğa International Airport,Ankara,TR,TR-06,AS,large_airport,2,12303,40.12810,32.99510
LTAD,ANK,Etimesgut Air Base,Ankara,TR,TR-06,AS,medium_airport,1,9045,39.94980,32.68860
LTAE,,Akıncı Air Base,Ankara,TR,TR-06,AS,medium_airport,1,10991,40.07890,32.56560
LTAG,UAB,İncirlik Air Base,Sarıçam,TR,TR-01,AS,medium_airport,1,10000,37.00210,35.42590
LTAH,AFY,Afyon Air Base,Afyonkarahisar,TR,TR-03,AS,medium_airport,2,12008,38.72640,30.60110
LTAI,AYT,Antalya International Airport,Antalya,TR,TR-07,AS,large_airport,3,11155,36.89870,30.80050
LTAJ,GZT,Gaziantep Oğuzeli International Airport,Gaziantep,TR,TR-27,AS,large_airport,1,9842,36.94720,37.47870
LTAL,KFS,Kastamonu Airport,Kastamonu,TR,TR-37,AS,medium_airport,1,7382,41.31420,33.79580
LTAN,KYA,Konya Airport,Konya,TR,TR-42,AS,large_airport,2,10990,37.97900,32.56190
LTAP,MZH,Amasya Merzifon Airport,Amasya,TR,TR-05,AS,medium_airport,1,9600,40.82940,35.52200
LTAR,VAS,Sivas Nuri Demirağ Airport,Sivas,TR,TR-58,AS,medium_airport,1,12503,39.81380,36.90350
LTAS,ONQ,Zonguldak Çaycuma Airport,Zonguldak,TR,TR-67,AS,medium_airport,1,6991,41.50640,32.08860
LTAT,MLX,Malatya Erhaç Airport,Malatya,TR,TR-44,AS,medium_airport,1,10990,38.43530,38.09100
LTAU,ASR,Kayseri Erkilet International Airport,Kayseri,TR,TR-38,AS,large_airport,1,9841,38.77040,35.49540
LTAV,,Sivrihisar Airport,Sivrihisar,TR,TR-26,AS,medium_airport,1,11156,39.45150,31.36530
LTAW,TJK,Tokat Airport,Tokat,TR,TR-60,AS,medium_airport,2,8858,40.32472,36.39056
LTAY,DNZ,Çardak Airport,Denizli,TR,TR-20,AS,medium_airport,1,9842,37.78560,29.70130
LTAZ,NAV,Nevşehir Kapadokya Airport,Nevşehir,TR,TR-50,AS,large_airport,1,9842,38.77190,34.53450
LTBA,ISL,İstanbul Atatürk Airport,Istanbul(Bakırköy),TR,TR-34,EU,large_airport,1,8530,40.97191,28.82371
LTBF,BZI,Balıkesir Airport,Balıkesir,TR,TR-10,AS,medium_airport,1,9810,39.61930,27.92600
LTBG,BDM,Bandırma Airport,Bandırma,TR,TR-10,AS,medium_airport,1,9875,40.31800,27.97770
LTBH,CKZ,Çanakkale Airport,Çanakkale,TR,TR-17,AS,medium_airport,1,7710,40.13770,26.42680
LTBI,ESK,Eskişehir Air Base,Eskişehir,TR,TR-26,AS,medium_airport,1,10006,39.78410,30.58210
LTBJ,ADB,Adnan Menderes International Airport,Gaziemir,TR,TR-35,AS,large_airport,2,10630,38.29240,27.15700
LTBL,IGL,Çiğli Airbase,Çiğli,TR,TR-35,AS,medium_airport,1,9821,38.51300,27.01010
LTBN,,Kütahya Airport,Kütahya,TR,TR-43,AS,medium_airport,1,4950,39.42670,30.01690
LTBO,USQ,Uşak Airport,Uşak,TR,TR-64,AS,medium_airport,1,8390,38.68150,29.47170
LTBQ,KCO,Cengiz Topel Airport,Kartepe,TR,TR-41,AS,medium_airport,1,9842,40.73500,30.08330
LTBR,YEI,Bursa Yenişehir Airport,Yenişehir,TR,TR-16,AS,medium_airport,2,9818,40.25520,29.56260
LTBS,DLM,Dalaman International Airport,Dalaman,TR,TR-48,AS,large_airport,1,9842,36.71310,28.79250
LTBT,,Akhisar Airport / Akhisar Air Base,Akhisar,TR,TR-45,AS,medium_airport,2,9815,38.80890,27.83390
LTBU,TEQ,Tekirdağ Çorlu Airport,Çorlu,TR,TR-59,EU,medium_airport,1,9844,41.13820,27.91910
LTBX,,İstanbul Samandıra Army Air Base,"Ümraniye, Istanbul",TR,TR-34,AS,medium_airport,2,4528,40.99300,29.21650
LTBY,AOE,Hasan Polatkan Airport,Eskişehir,TR,TR-26,AS,large_airport,1,8261,39.81164,30.51927
LTBZ,KZR,Zafer Airport,Altıntaş,TR,TR-43,AS,medium_airport,1,9843,39.11111,30.13040
LTCA,EZS,Elazığ Airport,Elazığ,TR,TR-23,AS,medium_airport,1,9843,38.59797,39.28348
LTCB,OGU,Ordu–Giresun Airport,Ordu,TR,TR-52,AS,medium_airport,1,9848,40.96687,38.08599
LTCC,DIY,Diyarbakır Airport,Diyarbakır,TR,TR-21,AS,medium_airport,2,11644,37.89390,40.20100
LTCD,ERC,Erzincan Airport,Erzincan,TR,TR-24,AS,medium_airport,1,9843,39.71020,39.52700
LTCE,ERZ,Erzurum International Airport,Erzurum,TR,TR-25,AS,medium_airport,2,12500,39.95650,41.17020
LTCF,KSY,Kars Airport,Kars,TR,TR-36,AS,medium_airport,1,11483,40.56220,43.11500
LTCG,TZX,Trabzon International Airport,Trabzon,TR,TR-61,AS,medium_airport,1,8661,40.99510,39.78970
LTCI,VAN,Van Ferit Melen Airport,Van,TR,TR-65,AS,medium_airport,1,9022,38.46820,43.33230
LTCJ,BAL,Batman Airport,Batman,TR,TR-72,AS,medium_airport,1,10000,37.92900,41.11660
LTCK,MSR,Muş Airport,Muş,TR,TR-49,AS,medium_airport,1,11649,38.74780,41.66120
LTCL,SXZ,Siirt Airport,Siirt,TR,TR-56,AS,medium_airport,1,5905,37.97890,41.84040
LTCM,NOP,Sinop Airport,Sinop,TR,TR-57,AS,medium_airport,1,6482,42.01831,35.07177
LTCN,KCM,Kahramanmaraş Airport,Kahramanmaraş,TR,TR-46,AS,medium_airport,1,7546,37.53883,36.95352
LTCO,AJI,Ağrı Airport,Ağrı,TR,TR-04,AS,medium_airport,1,9843,39.65564,43.02574
LTCP,ADF,Adıyaman Airport,Adıyaman,TR,TR-02,AS,medium_airport,1,8153,37.73140,38.46890
LTCR,MQM,Mardin Airport,Mardin,TR,TR-47,AS,medium_airport,1,8204,37.22330,40.63170
LTCS,GNY,Şanlıurfa GAP Airport,Şanlıurfa,TR,TR-63,AS,large_airport,1,13123,37.44566,38.89559
LTCT,IGD,Iğdır Airport,Iğdır,TR,TR-76,AS,medium_airport,1,9843,39.97663,43.87665
LTCU,BGG,Bingöl Airport,Bingöl,TR,TR-12,AS,medium_airport,1,7546,38.86013,40.59449
LTCV,NKT,Şırnak Şerafettin Elçi Airport,Şırnak,TR,TR-73,AS,medium_airport,1,9843,37.36470,42.05820
LTCW,YKO,Hakkari Yüksekova Airport,Hakkari,TR,TR-30,AS,medium_airport,1,10499,37.54970,44.23810
LTDA,HTY,Hatay Airport,Antakya,TR,TR-31,AS,medium_airport,1,6830,36.36079,36.28559
LTDB,COV,Çukurova International Airport,Tarsus,TR,TR-33,AS,large_airport,2,11482,36.89148,35.07124
LTFC,ISE,Süleyman Demirel International Airport,Isparta,TR,TR-32,AS,medium_airport,1,9843,37.85540,30.36840
LTFD,EDO,Balıkesir Koca Seyit Airport,Edremit,TR,TR-10,AS,large_airport,1,9842,39.55253,27.01019
LTFE,BJV,Milas Bodrum International Airport,Bodrum,TR,TR-48,AS,large_airport,2,9843,37.24931,27.66401
LTFG,GZP,Gazipaşa-Alanya Airport,Gazipaşa,TR,TR-07,AS,medium_airport,1,7710,36.29883,32.29702
LTFH,SZF,Samsun-Çarşamba Airport,Samsun,TR,TR-55,AS,medium_airport,1,9843,41.25399,36.56755
LTFJ,SAW,Istanbul Sabiha Gökçen International Airport,"Pendik, Istanbul",TR,TR-34,AS,large_airport,2,11614,40.89860,29.30920
LTFL,,Keşan Air Base,Keşan,TR,TR-22,EU,medium_airport,0,,40.78707,26.60665
LTFM,IST,İstanbul Airport,Istanbul,TR,TR-34,EU,large_airport,6,13451,41.27487,28.73214
LTFO,RZV,Rize–Artvin Airport,Rize,TR,TR-53,AS,medium_airport,1,9843,41.17977,40.84880
LUBL,BZY,Bălți-Leadoveni International Airport,Bălți,MD,MD-RS,EU,medium_airport,1,7251,47.83767,27.78111
LUBM,,Mărculești Air Base,Mărculeşti,MD,MD-FR,EU,medium_airport,1,8235,47.86270,28.21280
LUCH,,Cahul International Airport,Cahul,MD,MD-CH,EU,medium_airport,0,,45.84380,28.26370
LUKK,RMO,Chişinău International Airport,Chişinău,MD,MD-CU,EU,large_airport,2,11778,46.92774,28.93170
LUTR,,Tiraspol Airfield,Tiraspol,MD,MD-SN,EU,medium_airport,0,,46.86810,29.59060
LWOH,OHD,Ohrid St. Paul the Apostle Airport,Ohrid,MK,MK-003,EU,large_airport,1,8366,41.18000,20.74230
LWSK,SKP,Skopje International Airport,Ilinden,MK,MK-008,EU,large_airport,1,9678,41.95809,21.62258
LXGB,GIB,Gibraltar Airport,Gibraltar,GI,GI-U-A,EU,large_airport,1,6000,36.15168,-5.34978
LYBE,BEG,Belgrade Nikola Tesla Airport,Belgrade,RS,RS-00,EU,large_airport,2,11483,44.81840,20.30910
LYBT,BJY,Batajnica Air Base,Zemun,RS,RS-00,EU,medium_airport,2,8181,44.93530,20.25750
LYKV,KVO,Morava Airport,Kraljevo,RS,RS-18,EU,medium_airport,1,7431,43.81752,20.58666
LYNI,INI,Niš Constantine the Great Airport,Niš,RS,RS-20,EU,large_airport,1,8202,43.33654,21.85624
LYPG,TGD,Podgorica Airport / Podgorica Golubovci Airbase,Podgorica,ME,ME-16,EU,large_airport,1,8202,42.35940,19.25190
LYTV,TIV,Tivat Airport,Tivat,ME,ME-19,EU,medium_airport,1,8208,42.40470,18.72330
LYUZ,UZC,Ponikve Airport,Stapari,RS,RS-16,EU,medium_airport,1,10130,43.89890,19.69770
LZIB,BTS,M. R. Štefánik Airport,Bratislava,SK,SK-BL,EU,large_airport,2,10466,48.17020,17.21270
LZKZ,KSC,Košice International Airport,Košice,SK,SK-KI,EU,medium_airport,1,10171,48.66310,21.24110
LZMC,,Malacky/Kuchyňa Air Base,Kuchyňa,SK,SK-BL,EU,medium_airport,1,8202,48.40200,17.11840
LZPP,PZY,Piešťany Airport,Piešťany,SK,SK-TA,EU,medium_airport,1,6562,48.62520,17.82840
LZSL,SLD,Sliač Airport,Sliač,SK,SK-BC,EU,medium_airport,1,7874,48.63780,19.13410
LZTT,TAT,Poprad-Tatry Airport,Poprad,SK,SK-PV,EU,medium_airport,3,8530,49.07099,20.24139
LZZI,ILZ,Žilina-Dolný Hričov Airport,Dolný Hričov,SK,SK-ZI,EU,medium_airport,1,3773,49.23329,18.61339
MBGT,GDT,JAGS McCartney International Airport,Cockburn Town,TC,TC-GT,NA,medium_airport,1,6362,21.44450,-71.14230
MBNC,NCA,North Caicos Airport,North Caicos,TC,TC-NC,NA,medium_airport,1,4245,21.91609,-71.94295
MBPV,PLS,Providenciales International Airport,Providenciales,TC,TC-PR,NA,large_airport,1,9199,21.77370,-72.26832
MBSC,XSC,South Caicos Airport,South Caicos,TC,TC-SC,NA,medium_airport,1,6335,21.51570,-71.52850
MDBH,BRX,Maria Montez International Airport,Barahona,DO,DO-04,NA,medium_airport,1,9843,18.25150,-71.12040
MDCR,CBJ,Cabo Rojo Airport,Cabo Rojo,DO,DO-16,NA,medium_airport,1,4950,17.92900,-71.64480
MDCY,AZS,Samaná El Catey International Airport,Samana,DO,DO-20,NA,medium_airport,1,9843,19.26926,-69.73740
MDJB,JBQ,La Isabela International Airport,La Isabela,DO,DO-01,NA,medium_airport,1,5412,18.57250,-69.98560
MDLR,LRM,Casa De Campo International Airport,La Romana,DO,DO-12,NA,large_airport,1,9678,18.45222,-68.91111
MDPC,PUJ,Punta Cana International Airport,Punta Cana,DO,DO-11,NA,large_airport,2,10171,18.56709,-68.36456
MDPP,POP,Gregorio Luperon International Airport,Puerto Plata,DO,DO-18,NA,medium_airport,1,10108,19.75790,-70.57000
MDSD,SDQ,Las Américas International Airport,Santo Domingo,DO,DO-01,NA,large_airport,2,11000,18.42970,-69.66890
MDSI,,San Isidro Air Base,San Isidro,DO,DO-01,NA,medium_airport,1,7000,18.50370,-69.76170
MDST,STI,Cibao International Airport,Santiago,DO,DO-25,NA,large_airport,1,8595,19.40406,-70.60443
MGCB,CBV,Coban Airport,Coban,GT,GT-AV,NA,medium_airport,1,3340,15.46900,-90.40670
MGGT,GUA,La Aurora International Airport,Guatemala City,GT,GT-GU,NA,large_airport,1,9800,14.58290,-90.52751
MGMM,FRS,Mundo Maya International Airport,San Benito,GT,GT-PE,NA,medium_airport,0,,16.91371,-89.86614
MGPB,PBR,Puerto Barrios Airport,Puerto Barrios,GT,GT-IZ,NA,medium_airport,1,8880,15.73090,-88.58380
MGRB,RUV,Rubelsanto Airport,Rubelsanto,GT,GT-AV,NA,medium_airport,1,4690,15.99200,-90.44530
MGRT,RER,Retalhuleu Airport,Retalhuleu,GT,GT-RE,NA,medium_airport,1,5065,14.52143,-91.69700
MGSJ,GSJ,San José Airport,Puerto San José,GT,GT-ES,NA,medium_airport,1,6595,13.93620,-90.83580
MHLC,LCE,Golosón International Airport,La Ceiba,HN,HN-AT,NA,medium_airport,1,9875,15.74250,-86.85300
MHLM,SAP,Ramón Villeda Morales International Airport,San Pedro Sula,HN,HN-CR,NA,large_airport,1,9203,15.45260,-87.92360
MHNJ,GJA,La Laguna Airport,Guanaja,HN,HN-IB,NA,medium_airport,1,3990,16.44540,-85.90660
MHPR,XPL,Palmerola International Airport,Palmerola,HN,HN-CM,NA,large_airport,0,,14.38240,-87.62120
MHRO,RTB,Juan Manuel Gálvez International Airport,Coxen Hole,HN,HN-IB,NA,large_airport,1,7349,16.31680,-86.52300
MHTE,TEA,Tela Airport,Tela,HN,HN-AT,NA,medium_airport,1,4415,15.77590,-87.47580
MHTG,TGU,Toncontín Airport,Tegucigalpa,HN,HN-FM,NA,medium_airport,1,6112,14.06090,-87.21720
MHTJ,TJI,Trujillo Airport,Trujillo,HN,HN-CL,NA,medium_airport,1,3515,15.92660,-85.93857
MKBS,OCJ,Ian Fleming International Airport,Boscobel,JM,JM-05,NA,medium_airport,1,4769,18.40408,-76.96975
MKJP,KIN,Norman Manley International Airport,Kingston,JM,JM-01,NA,large_airport,1,8900,17.93570,-76.78750
MKJS,MBJ,Sangster International Airport,Montego Bay,JM,JM-08,NA,large_airport,1,10039,18.50342,-77.91323
MKKJ,POT,Ken Jones Airport,Ken Jones,JM,JM-04,NA,medium_airport,1,3412,18.19880,-76.53450
MKTP,KTP,Tinson Pen Airport,Tinson Pen,JM,JM-02,NA,medium_airport,1,4300,17.98860,-76.82380
MMAA,ACA,General Juan N. Álvarez International Airport,Acapulco,MX,MX-GRO,NA,large_airport,2,10832,16.75713,-99.75311
MMAN,NTR,Del Norte International Airport,Monterrey,MX,MX-NLE,NA,medium_airport,2,6598,25.86560,-100.23700
MMAS,AGU,Aguascalientes International Airport,Aguascalientes,MX,MX-AGU,NA,large_airport,1,9843,21.69959,-102.31837
MMBT,HUX,Bahías de Huatulco International Airport,Huatulco,MX,MX-OAX,NA,large_airport,1,8858,15.77544,-96.26046
MMCB,CVJ,General Mariano Matamoros International Airport,Temixco,MX,MX-MOR,NA,medium_airport,1,9180,18.83392,-99.26182
MMCC,ACN,Ciudad Acuña International Airport,Ciudad Acuña,MX,MX-COA,NA,medium_airport,1,5910,29.33366,-101.10055
MMCE,CME,Ciudad del Carmen International Airport,Ciudad del Carmen,MX,MX-CAM,NA,medium_airport,1,7218,18.65152,-91.79936
MMCL,CUL,Bachigualato Federal International Airport,Culiacán,MX,MX-SIN,NA,large_airport,1,7365,24.76504,-107.47523
MMCM,CTM,Chetumal International Airport,Chetumal,MX,MX-ROO,NA,medium_airport,1,7244,18.50499,-88.32802
MMCN,CEN,Ciudad Obregón International Airport,Ciudad Obregón,MX,MX-SON,NA,medium_airport,1,7546,27.39260,-109.83300
MMCP,CPE,Ingeniero Alberto Acuña Ongay International Airport,Campeche,MX,MX-CAM,NA,medium_airport,1,8202,19.81597,-90.50012
MMCS,CJS,Abraham González International Airport,Ciudad Juárez,MX,MX-CHH,NA,large_airport,2,8858,31.63667,-106.42853
MMCU,CUU,General Roberto Fierro Villalobos International Airport,Chihuahua,MX,MX-CHH,NA,large_airport,3,8530,28.70265,-105.96376
MMCV,CVM,General Pedro Jose Mendez International Airport,Ciudad Victoria,MX,MX-TAM,NA,medium_airport,1,7218,23.70330,-98.95650
MMCY,CYW,Captain Rogelio Castillo National Airport,Celaya,MX,MX-GUA,NA,medium_airport,1,6284,20.54600,-100.88654
MMCZ,CZM,Cozumel International Airport,Cozumel,MX,MX-ROO,NA,large_airport,1,8858,20.51492,-86.92854
MMDO,DGO,General Guadalupe Victoria International Airport,Durango,MX,MX-DUR,NA,medium_airport,1,9514,24.12547,-104.52794
MMEP,TPQ,Amado Nervo National Airport,Tepic,MX,MX-NAY,NA,medium_airport,1,10171,21.41983,-104.84247
MMES,ESE,Ensenada International Airport / El Ciprés Air Base,Ensenada,MX,MX-BCN,NA,medium_airport,1,4892,31.79452,-116.60238
MMGA,,Creel International Airport / Barrancas del Cobre Regional Airport,Bocoyna,MX,MX-CHH,NA,medium_airport,0,,27.72513,-107.65202
MMGL,GDL,Guadalajara International Airport,Guadalajara,MX,MX-JAL,NA,large_airport,2,13123,20.52334,-103.31011
MMGM,GYM,General José María Yáñez International Airport,Guaymas,MX,MX-SON,NA,medium_airport,1,7710,27.96900,-110.92500
MMHO,HMO,General Ignacio L. Pesqueira International Airport,Hermosillo,MX,MX-SON,NA,large_airport,1,7546,29.09281,-111.05302
MMIA,CLQ,Licenciado Miguel de la Madrid International Airport,Colima,MX,MX-COL,NA,medium_airport,1,7546,19.27700,-103.57700
MMIO,SLW,Plan de Guadalupe International Airport,Saltillo,MX,MX-COA,NA,medium_airport,1,9506,25.53786,-100.92835
MMIT,IZT,General Antonio Cárdenas Rodríguez National Airport / Ixtepec Air Base,Ixtepec,MX,MX-OAX,NA,medium_airport,1,7640,16.44596,-95.09371
MMJA,JAL,El Lencero Airport,Emiliano Zapata,MX,MX-VER,NA,medium_airport,1,5577,19.47511,-96.79701
MMLC,LZC,Lázaro Cárdenas Airport,Lázaro Cárdenas,MX,MX-MIC,NA,medium_airport,1,4900,18.00167,-102.22032
MMLM,LMM,Valle del Fuerte International Airport,Los Mochis,MX,MX-SIN,NA,medium_airport,1,6562,25.68550,-109.08116
MMLO,BJX,Guanajuato International Airport,Silao,MX,MX-GUA,NA,large_airport,1,11483,20.99270,-101.48028
MMLP,LAP,Manuel Márquez de León International Airport,La Paz,MX,MX-BCS,NA,medium_airport,1,8202,24.07233,-110.36266
MMLT,LTO,Loreto International Airport,Loreto,MX,MX-BCS,NA,large_airport,1,7218,25.98955,-111.34841
MMMA,MAM,General Servando Canales International Airport,Matamoros,MX,MX-TAM,NA,medium_airport,1,7546,25.76990,-97.52530
MMMD,MID,Manuel Crescencio Rejón International Airport,Mérida,MX,MX-YUC,NA,large_airport,2,10499,20.93049,-89.64546
MMML,MXL,General Rodolfo Sánchez Taboada International Airport,Mexicali,MX,MX-BCN,NA,medium_airport,1,8530,32.63063,-115.24281
MMMM,MLM,General Francisco J. Mujica International Airport,Morelia,MX,MX-MIC,NA,large_airport,1,11155,19.84990,-101.02500
MMMT,MTT,Minatitlán/Coatzacoalcos International Airport,Cosoleacaque,MX,MX-VER,NA,medium_airport,1,6890,18.10340,-94.58070
MMMV,LOV,Monclova International Airport,Monclova,MX,MX-COA,NA,medium_airport,2,6890,26.95570,-101.47000
MMMX,MEX,Mexico City Benito Juárez International Airport,Mexico City,MX,MX-DIF,NA,large_airport,2,12966,19.43582,-99.07033
MMMY,MTY,Monterrey International Airport,Monterrey,MX,MX-NLE,NA,large_airport,2,9843,25.77852,-100.10699
MMMZ,MZT,General Rafael Buelna International Airport,Mazatlàn,MX,MX-SIN,NA,large_airport,1,8868,23.16282,-106.26452
MMNG,NOG,Nogales International Airport,Nogales,MX,MX-SON,NA,medium_airport,1,5905,31.22576,-110.97693
MMNL,NLD,Quetzalcóatl International Airport,Nuevo Laredo,MX,MX-TAM,NA,medium_airport,1,6562,27.44390,-99.57050
MMOX,OAX,Xoxocotlán International Airport,Oaxaca,MX,MX-OAX,NA,large_airport,1,8038,16.99877,-96.72609
MMPA,PAZ,El Tajín National Airport,Poza Rica,MX,MX-VER,NA,medium_airport,1,5906,20.60270,-97.46080
MMPB,PBC,Hermanos Serdán International Airport,Puebla,MX,MX-PUE,NA,large_airport,1,11811,19.15846,-98.37158
MMPG,PDS,Piedras Negras International Airport,Piedras Negras,MX,MX-COA,NA,medium_airport,1,6655,28.62787,-100.53524
MMPN,UPN,Uruapan - Licenciado y General Ignacio Lopez Rayon International Airport,Uruapan,MX,MX-MIC,NA,medium_airport,1,7874,19.39670,-102.03900
MMPR,PVR,Puerto Vallarta International Airport,Puerto Vallarta,MX,MX-JAL,NA,large_airport,1,10171,20.67991,-105.25439
MMPS,PXM,Puerto Escondido International Airport,Puerto Escondido,MX,MX-OAX,NA,medium_airport,1,7546,15.87681,-97.08910
MMQT,QRO,Querétaro Intercontinental Airport,Querétaro,MX,MX-QUE,NA,large_airport,1,11483,20.61878,-100.18645
MMRX,REX,General Lucio Blanco International Airport,Reynosa,MX,MX-TAM,NA,medium_airport,1,6243,26.00890,-98.22850
MMSD,SJD,Los Cabos International Airport,San José del Cabo,MX,MX-BCS,NA,large_airport,1,9843,23.15192,-109.72073
MMSL,CSW,Cabo San Lucas International Airport,Cabo San Lucas,MX,MX-BCS,NA,medium_airport,1,6998,22.94907,-109.93948
MMSM,NLU,Felipe Ángeles International Airport,Mexico City,MX,MX-MEX,NA,large_airport,3,14764,19.74382,-99.01507
MMSP,SLP,Ponciano Arriaga International Airport,San Luis Potosí,MX,MX-SLP,NA,medium_airport,2,9867,22.26203,-100.93569
MMTB,,Terán Air Base,Tuxtla Gutiérrez,MX,MX-CHP,NA,medium_airport,1,7065,16.73990,-93.17330
MMTC,TRC,Francisco Sarabia Tinoco International Airport,Torreón,MX,MX-COA,NA,medium_airport,2,9039,25.56227,-103.40461
MMTG,TGZ,Angel Albino Corzo International Airport,Tuxtla Gutiérrez,MX,MX-CHP,NA,medium_airport,1,8202,16.56161,-93.02573
MMTJ,TIJ,General Abelardo L. Rodriguez International Airport,Tijuana,MX,MX-BCN,NA,large_airport,1,9711,32.54104,-116.96998
MMTL,TQO,Felipe Carrillo Puerto International Airport Tulum,Tulum,MX,MX-ROO,NA,large_airport,1,12139,20.17210,-87.66027
MMTM,TAM,General Francisco Javier Mina International Airport,Ciudad Madero,MX,MX-TAM,NA,medium_airport,3,8366,22.29262,-97.86706
MMTO,TLC,Adolfo López Mateos International Airport,Toluca,MX,MX-MEX,NA,large_airport,1,13780,19.33690,-99.56583
MMTP,TAP,Tapachula International Airport,Tapachula,MX,MX-CHP,NA,medium_airport,1,6562,14.79455,-92.36987
MMUN,CUN,Cancún International Airport,Cancún,MX,MX-ROO,NA,large_airport,2,11483,21.04082,-86.87347
MMVA,VSA,Carlos Rovirosa Pérez International Airport,Villahermosa,MX,MX-TAB,NA,large_airport,1,7218,17.99428,-92.81820
MMVR,VER,General Heriberto Jara International Airport,Veracruz,MX,MX-VER,NA,large_airport,1,7874,19.13959,-96.18860
MMZC,ZCL,General Leobardo C. Ruiz International Airport,Zacatecas,MX,MX-ZAC,NA,medium_airport,1,9843,22.89494,-102.68715
MMZH,ZIH,Ixtapa-Zihuatanejo International Airport,Ixtapa,MX,MX-GRO,NA,large_airport,1,8222,17.60177,-101.46063
MMZO,ZLO,Playa de Oro International Airport,Manzanillo,MX,MX-COL,NA,medium_airport,1,7218,19.14480,-104.55900
MNBL,BEF,Bluefields Airport,Bluefields,NI,NI-AS,NA,medium_airport,1,6625,11.99100,-83.77410
MNMG,MGA,Augusto C. Sandino (Managua) International Airport,Managua,NI,NI-MN,NA,large_airport,1,8012,12.14150,-86.16820
MNPC,PUZ,Puerto Cabezas Airport,Puerto Cabezas,NI,NI-AN,NA,medium_airport,1,8130,14.04720,-83.38670
MPBO,BOC,"Bocas del Toro ""Isla Colón"" International Airport",Isla Colón,PA,PA-1,NA,medium_airport,1,4921,9.34085,-82.25080
MPCE,CTD,Alonso Valderrama Airport,Chitré,PA,PA-6,NA,medium_airport,1,4921,7.98784,-80.40984
MPCH,CHX,Changuinola Captain Manuel Niño International Airport,Changuinola,PA,PA-1,NA,medium_airport,1,3609,9.45896,-82.51506
MPDA,DAV,Enrique Malek International Airport,David,PA,PA-4,NA,medium_airport,1,8530,8.38898,-82.43642
MPEJ,ONX,Enrique Adolfo Jimenez Airport,Colón,PA,PA-3,NA,medium_airport,1,8858,9.35664,-79.86740
MPMG,PAC,Marcos A. Gelabert International Airport,Albrook,PA,PA-8,NA,medium_airport,1,5906,8.97334,-79.55560
MPSA,SYP,Ruben Cantu Airport,Santiago,PA,PA-9,NA,medium_airport,1,3937,8.08560,-80.94530
MPTO,PTY,Tocumen International Airport,Tocumen,PA,PA-8,NA,large_airport,2,10006,9.07136,-79.38350
MRAN,FON,La Fortuna Arenal Airport,La Fortuna,CR,CR-A,NA,medium_airport,1,2625,10.46931,-84.57907
MRAO,,Aerotortuguero Airport,Roxana,CR,CR-L,NA,medium_airport,1,3118,10.42000,-83.60950
MRBA,BAI,Buenos Aires Airport,Punta Arenas,CR,CR-P,NA,medium_airport,1,3248,9.16395,-83.33017
MRBC,BCL,Barra del Colorado Airport,Pococi,CR,CR-L,NA,medium_airport,1,3281,10.76870,-83.58560
MRCC,OTR,Coto 47 Airport,Corredores,CR,CR-P,NA,medium_airport,1,3281,8.60156,-82.96875
MRGF,GLF,Golfito Airport,Golfito,CR,CR-P,NA,medium_airport,1,4593,8.65401,-83.18220
MRGP,GPL,Guapiles Airport,Pococi,CR,CR-L,NA,medium_airport,1,3609,10.21720,-83.79700
MRLB,LIR,Daniel Oduber Quirós International Airport,Liberia,CR,CR-G,NA,large_airport,1,9022,10.59330,-85.54440
MRLC,LSL,Los Chiles Airport,Los Chiles,CR,CR-A,NA,medium_airport,1,4265,11.03530,-84.70610
MRLM,LIO,Limón International Airport,Limón,CR,CR-L,NA,medium_airport,1,5906,9.95796,-83.02200
MRNS,NOB,Nosara Airport,Nicoya,CR,CR-G,NA,medium_airport,1,3281,9.97649,-85.65300
MROC,SJO,Juan Santamaría International Airport,San José (Alajuela),CR,CR-A,NA,large_airport,1,9882,9.99386,-84.20880
MRPJ,PJM,Puerto Jimenez Airport,Puerto Jimenez,CR,CR-P,NA,medium_airport,1,2707,8.53333,-83.30000
MRPM,PMZ,Palmar Sur Airport,Palmar Sur,CR,CR-P,NA,medium_airport,1,4570,8.95103,-83.46860
MRPV,SYQ,Tobías Bolaños International Airport,San Jose,CR,CR-SJ,NA,medium_airport,1,5138,9.95705,-84.13980
MRQP,XQP,Quepos Managua Airport,Quepos,CR,CR-P,NA,medium_airport,1,3609,9.44316,-84.12980
MRUP,UPL,Upala Airport,Upala,CR,CR-A,NA,medium_airport,1,3536,10.89220,-85.01620
MSLP,SAL,El Salvador International Airport Saint Óscar Arnulfo Romero y Galdámez,San Salvador (San Luis Talpa),SV,SV-PA,NA,large_airport,1,10500,13.44447,-89.05578
MSSS,ILS,Ilopango International Airport,San Salvador,SV,SV-SS,NA,medium_airport,1,7349,13.69950,-89.11990
MTCA,CYA,Antoine-Simon International Airport,Les Cayes,HT,HT-SD,NA,medium_airport,1,3220,18.27110,-73.78830
MTCH,CAP,Cap Haitien International Airport,Cap Haitien,HT,HT-ND,NA,large_airport,1,8701,19.72555,-72.20071
MTJA,JAK,Jacmel Airport,Jacmel,HT,HT-SE,NA,medium_airport,1,3300,18.24110,-72.51850
MTJE,JEE,Jérémie Airport,Carrefour Sanon,HT,HT-GA,NA,medium_airport,1,,18.66310,-74.17030
MTPP,PAP,Toussaint Louverture International Airport,Port-au-Prince,HT,HT-OU,NA,large_airport,1,9974,18.58002,-72.29260
MTPX,PAX,Port-de-Paix Airport,Port-de-Paix,HT,HT-NO,NA,medium_airport,1,2100,19.93405,-72.84801
MUBA,BCA,Gustavo Rizo Airport,Baracoa,CU,CU-14,NA,medium_airport,1,6070,20.36530,-74.50620
MUBY,BYM,Carlos Manuel de Cespedes Airport,Bayamo,CU,CU-12,NA,medium_airport,1,6887,20.39640,-76.62140
MUCA,AVI,Máximo Gómez Airport,Ciro Redondo,CU,CU-08,NA,medium_airport,1,11588,22.02710,-78.78960
MUCC,CCC,Jardines Del Rey Airport,Cayo Coco,CU,CU-08,NA,medium_airport,1,9842,22.46100,-78.32840
MUCF,CFG,Jaime Gonzalez Airport,Cienfuegos,CU,CU-06,NA,medium_airport,1,7874,22.15000,-80.41420
MUCL,CYO,Vilo Acuña International Airport,Cayo Largo del Sur,CU,CU-99,NA,medium_airport,1,9869,21.61650,-81.54600
MUCM,CMW,Ignacio Agramonte International Airport,Camaguey,CU,CU-09,NA,large_airport,1,9842,21.41991,-77.84804
MUCU,SCU,Antonio Maceo International Airport,Santiago,CU,CU-13,NA,large_airport,2,13130,19.97474,-75.83550
MUGM,NBW,Leeward Point Field,Guantanamo Bay Naval Station,CU,CU-14,NA,medium_airport,1,8000,19.90650,-75.20710
MUGT,GAO,Mariana Grajales Airport,Guantánamo,CU,CU-14,NA,medium_airport,1,8025,20.08530,-75.15830
MUHA,HAV,José Martí International Airport,Havana,CU,CU-03,NA,large_airport,1,13123,22.98920,-82.40910
MUHG,HOG,Frank Pais International Airport,Holguin,CU,CU-11,NA,large_airport,1,10624,20.78515,-76.31553
MUKW,VRO,Kawama Airport,Santa Marta,CU,CU-04,NA,medium_airport,1,4850,23.12400,-81.30160
MUMO,MOA,Orestes Acosta Airport,Moa,CU,CU-11,NA,medium_airport,1,6102,20.65390,-74.92220
MUMZ,MZO,Sierra Maestra International Airport,Manzanillo,CU,CU-12,NA,medium_airport,1,7875,20.28861,-77.08755
MUNB,,San Nicolás de Bari Airport,San Nicolás de Bari,CU,CU-16,NA,medium_airport,1,3300,22.75651,-81.92074
MUNG,GER,Rafael Cabrera Airport,Nueva Gerona,CU,CU-99,NA,medium_airport,2,8202,21.83470,-82.78380
MUPB,UPB,Playa Baracoa Airport,Havana,CU,CU-15,NA,medium_airport,1,7563,23.03280,-82.57940
MUSC,SNU,Abel Santamaria International Airport,Santa Clara,CU,CU-05,NA,large_airport,1,9898,22.49222,-79.94312
MUSJ,SNJ,San Julián Air Base,Sandino,CU,CU-01,NA,medium_airport,0,,22.10053,-84.15738
MUSN,SZJ,Siguanea Airport,Isla de la Juventud,CU,CU-99,NA,medium_airport,1,5905,21.64250,-82.95510
MUTD,TND,Alberto Delgado Airport,Trinidad,CU,CU-07,NA,medium_airport,1,5909,21.78830,-79.99720
MUVR,VRA,Juan Gualberto Gomez International Airport,Matanzas,CU,CU-04,NA,large_airport,1,11490,23.03440,-81.43530
MUVT,VTU,Hermanos Ameijeiras Airport,Las Tunas,CU,CU-10,NA,medium_airport,1,5971,20.98760,-76.93580
MWCB,CYB,Charles Kirkconnell International Airport,West End,KY,KY-CB,NA,medium_airport,1,6000,19.68700,-79.88280
MWCL,LYB,Edward Bodden Little Cayman Airfield,Blossom Village,KY,KY-LC,NA,medium_airport,1,3275,19.66016,-80.08883
MWCR,GCM,Owen Roberts International Airport,George Town,KY,KY-GC,NA,large_airport,1,7867,19.29280,-81.35770
MYAB,MAY,Clarence A. Bain Airport,Mangrove Cay,BS,BS-SA,NA,medium_airport,1,5000,24.28770,-77.68460
MYAF,ASD,Andros Town Airport,Andros Town,BS,BS-NS,NA,medium_airport,1,4058,24.69790,-77.79560
MYAK,TZN,Congo Town Airport,Andros,BS,BS-SA,NA,medium_airport,1,5300,24.15870,-77.58980
MYAM,MHH,Leonard M. Thompson International Airport,Marsh Harbour,BS,BS-CO,NA,medium_airport,1,6100,26.51071,-77.08426
MYAN,SAQ,San Andros Airport,Andros Island,BS,BS-NS,NA,medium_airport,1,5025,25.05380,-78.04900
MYAP,AXP,Spring Point Airport,Spring Point,BS,BS-AK,NA,medium_airport,1,5000,22.44180,-73.97090
MYAT,TCB,Treasure Cay Airport,Treasure Cay,BS,BS-CO,NA,medium_airport,1,7001,26.74530,-77.39130
MYBC,CCZ,Chub Cay Airport,Chub Cay,BS,BS-NS,NA,medium_airport,1,5000,25.41710,-77.88090
MYBG,GHC,Great Harbour Cay Airport,Bullocks Harbour,BS,BS-BY,NA,medium_airport,1,4536,25.73830,-77.84010
MYBS,BIM,South Bimini Airport,South Bimini,BS,BS-BI,NA,medium_airport,1,5409,25.69990,-79.26470
MYCA,ATC,Arthur's Town Airport,Arthur's Town,BS,BS-CI,NA,medium_airport,2,7015,24.62940,-75.67380
MYCB,TBI,New Bight Airport,Cat Island,BS,BS-CI,NA,medium_airport,1,5050,24.31530,-75.45230
MYCI,CRI,Colonel Hill Airport,Colonel Hill,BS,BS-CK,NA,medium_airport,1,4061,22.74560,-74.18240
MYEF,GGT,Exuma International Airport,Moss Town,BS,BS-EX,NA,medium_airport,1,7051,23.56260,-75.87800
MYEH,ELH,North Eleuthera Airport,North Eleuthera,BS,BS-HI,NA,medium_airport,1,6020,25.47582,-76.68078
MYEM,GHB,Governor's Harbour Airport,Governor's Harbour,BS,BS-CE,NA,medium_airport,1,8024,25.28470,-76.33100
MYEN,NMC,Normans Cay Airport,Normans Cay,BS,BS-EX,NA,medium_airport,1,4703,24.59430,-76.82020
MYER,RSD,Rock Sound International Airport,Rock Sound,BS,BS-SE,NA,medium_airport,1,7213,24.89165,-76.17760
MYES,TYM,Staniel Cay Airport,Staniel Cay,BS,BS-EX,NA,medium_airport,1,3030,24.16910,-76.43910
MYGF,FPO,Grand Bahama International Airport,Freeport,BS,BS-FP,NA,large_airport,1,11019,26.55800,-78.69558
MYIG,IGA,Inagua Airport,Matthew Town,BS,BS-IN,NA,medium_airport,2,7020,20.97500,-73.66690
MYLD,LGI,Deadman's Cay Airport,Deadman's Cay,BS,BS-LI,NA,medium_airport,1,4000,23.17900,-75.09360
MYLR,,Hard Bargain Airport,,BS,BS-LI,NA,medium_airport,0,,23.00993,-74.90485
MYLS,SML,Stella Maris Airport,Stella Maris,BS,BS-LI,NA,medium_airport,1,4000,23.58232,-75.26862
MYMM,MYG,Mayaguana Airport,Abraham Bay Settlement,BS,BS-MG,NA,medium_airport,1,7297,22.37950,-73.01349
MYNN,NAS,Lynden Pindling International Airport,Nassau,BS,BS-NP,NA,large_airport,2,11353,25.03900,-77.46620
MYRD,DCT,Duncan Town Airport,Duncan Town,BS,BS-RI,NA,medium_airport,1,3800,22.18180,-75.72950
MYSM,ZSA,San Salvador International Airport,San Salvador,BS,BS-SS,NA,large_airport,1,8000,24.06304,-74.52323
MZBE,TZA,Sir Barry Bowen Municipal Airport,Belize City,BZ,BZ-BZ,NA,medium_airport,0,,17.51724,-88.19577
MZBZ,BZE,Philip S. W. Goldson International Airport,Belize City,BZ,BZ-BZ,NA,large_airport,1,9678,17.53995,-88.30356
MZCK,CUK,Caye Caulker Airport,Caye Caulker,BZ,BZ-BZ,NA,medium_airport,0,,17.73502,-88.03286
MZCP,CYC,Caye Chapel Airport,Caye Chapel,BZ,BZ-BZ,NA,medium_airport,0,,17.68379,-88.04498
MZCZ,CZH,Corozal Airport,Corozal,BZ,BZ-CZL,NA,medium_airport,0,,18.38220,-88.41190
MZPB,DGA,Dangriga Airport,Dangriga,BZ,BZ-SC,NA,medium_airport,0,,16.98251,-88.23099
MZPL,PLJ,Placencia Airport,Placencia,BZ,BZ-SC,NA,medium_airport,1,2133,16.53696,-88.36151
MZSJ,SJX,Sartaneja Airport,Sartaneja,BZ,BZ-CZL,NA,medium_airport,0,,18.35610,-88.13080
MZSP,SPR,John Greif II Airport,San Pedro,BZ,BZ-CY,NA,medium_airport,0,,17.91390,-87.97110
NCRG,RAR,Rarotonga International Airport,Avarua,CK,CK-U-A,OC,large_airport,1,7638,-21.20270,-159.80600
NFFN,NAN,Nadi International Airport,Nadi,FJ,FJ-W,OC,large_airport,2,10739,-17.76182,177.43784
NFNA,SUV,Nausori International Airport,Nausori,FJ,FJ-C,OC,large_airport,1,7047,-18.04423,178.56149
NFNL,LBS,Labasa Airport,Labasa,FJ,FJ-N,OC,medium_airport,1,3507,-16.46670,179.34000
NFTF,TBU,Fua'amotu International Airport,Nuku'alofa,TO,TO-04,OC,large_airport,2,8795,-21.24144,-175.14916
NFTL,HPA,Lifuka Island Airport,Lifuka,TO,TO-02,OC,medium_airport,1,3937,-19.77700,-174.34100
NFTV,VAV,Vava'u International Airport,Vava'u Island,TO,TO-05,OC,large_airport,1,5593,-18.58530,-173.96201
NGFU,FUN,Funafuti International Airport,Funafuti,TV,TV-FUN,OC,medium_airport,1,5040,-8.52388,179.19698
NGTA,TRW,Bonriki International Airport,South Tarawa,KI,KI-G,OC,large_airport,1,6598,1.38164,173.14700
NGTE,TBF,Tabiteuea North Airport,,KI,KI-G,OC,medium_airport,1,3365,-1.22447,174.77600
NIUE,IUE,Niue International Airport,Alofi,NU,NU-U-A,OC,medium_airport,1,7660,-19.08011,-169.92349
NLWW,WLS,Hihifo Airport,Wallis Island,WF,WF-U-A,OC,large_airport,1,6890,-13.23944,-176.19865
NSFA,APW,Faleolo International Airport,Apia,WS,WS-AA,OC,large_airport,1,9843,-13.83000,-172.00800
NSTU,PPG,Pago Pago International Airport,Pago Pago,AS,AS-WT,OC,large_airport,2,10000,-14.33100,-170.71001
NTAA,PPT,Fa'a'ā International Airport,Papeete,PF,PF-U-A,OC,large_airport,1,11360,-17.55347,-149.60694
NTAR,RUR,Rurutu Airport,,PF,PF-U-A,OC,medium_airport,1,4757,-22.43410,-151.36099
NTAT,TUB,Tubuai Airport,,PF,PF-U-A,OC,medium_airport,1,4921,-23.36540,-149.52400
NTGA,AAA,Anaa Airport,Anaa,PF,PF-U-A,OC,medium_airport,1,4921,-17.35260,-145.51000
NTGB,FGU,Fangatau Airport,Fangatau,PF,PF-U-A,OC,medium_airport,1,3936,-15.82004,-140.88807
NTGC,TIH,Tikehau Airport,Tuherahera,PF,PF-U-A,OC,medium_airport,1,3937,-15.11960,-148.23100
NTGE,REA,Reao Airport,Reao,PF,PF-U-A,OC,medium_airport,1,3008,-18.46652,-136.43855
NTGF,FAV,Fakarava Airport,,PF,PF-U-A,OC,medium_airport,1,4596,-16.05410,-145.65700
NTGI,XMH,Manihi Airport,,PF,PF-U-A,OC,medium_airport,1,3051,-14.43680,-146.07001
NTGJ,GMR,Totegegie Airport,,PF,PF-U-A,OC,medium_airport,1,6562,-23.07990,-134.89000
NTGK,KKR,Kaukura Airport,Raitahiti,PF,PF-U-A,OC,medium_airport,1,3543,-15.66330,-146.88500
NTGM,MKP,Makemo Airport,Makemo,PF,PF-U-A,OC,medium_airport,1,4920,-16.58390,-143.65801
NTGT,TKP,Takapoto Airport,,PF,PF-U-A,OC,medium_airport,1,3018,-14.70950,-145.24600
NTGU,AXR,Arutua Airport,,PF,PF-U-A,OC,medium_airport,1,4268,-15.24830,-146.61700
NTGV,MVT,Mataiva Airport,,PF,PF-U-A,OC,medium_airport,1,3937,-14.86810,-148.71700
NTHE,AHE,Ahe Airport,Ahe Atoll,PF,PF-U-A,OC,medium_airport,1,4068,-14.42810,-146.25700
NTKR,TKX,Takaroa Airport,,PF,PF-U-A,OC,medium_airport,1,3452,-14.45580,-145.02499
NTMD,NHV,Nuku Hiva Airport,Nuku Hiva,PF,PF-U-A,OC,medium_airport,1,5578,-8.79560,-140.22900
NTMN,AUQ,Hiva Oa-Atuona Airport,Hiva Oa Island,PF,PF-U-A,OC,medium_airport,1,3986,-9.76879,-139.01100
NTTB,BOB,Bora Bora Airport,Motu Mute,PF,PF-U-A,OC,medium_airport,1,4921,-16.44440,-151.75101
NTTG,RGI,Rangiroa Airport,,PF,PF-U-A,OC,medium_airport,1,6890,-14.95430,-147.66100
NTTH,HUH,Huahine-Fare Airport,Fare,PF,PF-U-A,OC,medium_airport,1,4921,-16.68708,-151.02159
NTTM,MOZ,Moorea Temae Airport,Moorea-Maiao,PF,PF-U-A,OC,medium_airport,1,4035,-17.48979,-149.76178
NTTO,HOI,Hao Airport,Otepa,PF,PF-U-A,OC,medium_airport,1,11089,-18.07480,-140.94600
NTTP,MAU,Maupiti Airport,,PF,PF-U-A,OC,medium_airport,1,3135,-16.42650,-152.24400
NTTR,RFP,Raiatea Airport,Uturoa,PF,PF-U-A,OC,medium_airport,1,4593,-16.72290,-151.46600
NVSQ,ZGU,Gaua Island Airport,Gaua Island,VU,VU-TOB,OC,medium_airport,1,2802,-14.21810,167.58701
NVSS,SON,Santo Pekoa International Airport,Luganville,VU,VU-SAM,OC,medium_airport,1,6523,-15.50500,167.22000
NVVV,VLI,Bauerfield International Airport,Port Vila,VU,VU-SEE,OC,large_airport,2,8530,-17.69930,168.32001
NVVW,TAH,Whitegrass Airport,Tanna Island,VU,VU-TAE,OC,medium_airport,1,4035,-19.45510,169.22400
NWWA,TGJ,Tiga Airport,Tiga,NC,NC-01,OC,medium_airport,0,,-21.09641,167.80379
NWWD,KNQ,Koné Airport,Koné,NC,NC-02,OC,medium_airport,1,3281,-21.05355,164.83877
NWWE,ILP,Île des Pins Airport,Île des Pins,NC,NC-03,OC,medium_airport,1,3608,-22.58890,167.45599
NWWL,LIF,Lifou Airport,Lifou,NC,NC-01,OC,medium_airport,1,3609,-20.77456,167.23933
NWWM,GEA,Nouméa Magenta Airport,Nouméa,NC,NC-03,OC,medium_airport,1,4101,-22.25771,166.47282
NWWR,MEE,Maré Airport,Maré,NC,NC-01,OC,medium_airport,1,3281,-21.48244,168.03847
NWWU,TOU,Touho Airport,Touho,NC,NC-02,OC,medium_airport,1,3609,-20.79013,165.25952
NWWV,UVE,Ouvéa Airport,Ouvéa,NC,NC-01,OC,medium_airport,1,3609,-20.64093,166.57302
NWWW,NOU,La Tontouta International Airport,Nouméa (La Tontouta),NC,NC-03,OC,large_airport,1,10663,-22.01460,166.21300
NZAA,AKL,Auckland International Airport,Auckland,NZ,NZ-AUK,OC,large_airport,1,11926,-37.01199,174.78633
NZAP,TUO,Taupo Airport,Taupo,NZ,NZ-WKO,OC,medium_airport,2,4547,-38.73970,176.08400
NZAR,AMZ,Ardmore Airport,Manurewa,NZ,NZ-AUK,OC,medium_airport,3,4630,-37.02970,174.97301
NZCH,CHC,Christchurch International Airport,Christchurch,NZ,NZ-CAN,OC,large_airport,3,10787,-43.48903,172.53206
NZCI,CHT,Inia William Tuuta Memorial Airport,Te One,NZ,NZ-WGN,OC,medium_airport,1,4462,-43.81189,-176.46514
NZDN,DUD,Dunedin International Airport,Dunedin,NZ,NZ-OTA,OC,medium_airport,1,6234,-45.92902,170.19776
NZGS,GIS,Gisborne Airport,Gisborne,NZ,NZ-GIS,OC,medium_airport,5,4298,-38.66330,177.97800
NZGT,GTN,Glentanner Airport,Glentanner Station,NZ,NZ-CAN,OC,medium_airport,1,3166,-43.90670,170.12801
NZHK,HKK,Hokitika Airfield,,NZ,NZ-WTC,OC,medium_airport,2,4311,-42.71360,170.98500
NZHN,HLZ,Hamilton International Airport,Hamilton,NZ,NZ-WKO,OC,medium_airport,5,6755,-37.86696,175.33195
NZKK,KKE,Kerikeri Airport,Kerikeri,NZ,NZ-NTL,OC,medium_airport,4,3904,-35.25915,173.91332
NZKT,KAT,Kaitaia Airport,Awanui,NZ,NZ-NTL,OC,medium_airport,2,4600,-35.06984,173.28705
NZLX,ALR,Alexandra Aerodrome,Alexandra,NZ,NZ-OTA,OC,medium_airport,3,3937,-45.21050,169.37111
NZMC,MON,Mount Cook Airport,,NZ,NZ-CAN,OC,medium_airport,1,5157,-43.76500,170.13300
NZMO,TEU,Manapouri Airport,,NZ,NZ-STL,OC,medium_airport,1,3547,-45.53310,167.64999
NZMS,MRO,Hood Airport,Masterton,NZ,NZ-WGN,OC,medium_airport,5,4101,-40.97463,175.63454
NZNP,NPL,New Plymouth Airport,New Plymouth,NZ,NZ-TKI,OC,medium_airport,3,4298,-39.00860,174.17900
NZNR,NPE,Hawke's Bay Airport,Napier,NZ,NZ-HKB,OC,medium_airport,2,5741,-39.46580,176.86999
NZNS,NSN,Nelson Airport,Nelson,NZ,NZ-NSN,OC,medium_airport,4,4420,-41.29671,173.22432
NZNV,IVC,Invercargill Airport,Invercargill,NZ,NZ-STL,OC,medium_airport,4,7251,-46.41240,168.31300
NZOH,OHA,RNZAF Base Ohakea,,NZ,NZ-MWT,OC,medium_airport,3,8028,-40.20600,175.38800
NZOU,OAM,Oamaru Airport,,NZ,NZ-OTA,OC,medium_airport,3,4210,-44.97000,171.08200
NZPM,PMR,Palmerston North Airport,Palmerston North,NZ,NZ-MWT,OC,medium_airport,3,6240,-40.32060,175.61700
NZPP,PPQ,Paraparaumu Airport,,NZ,NZ-WGN,OC,medium_airport,5,4429,-40.90470,174.98900
NZQN,ZQN,Queenstown Airport,Queenstown,NZ,NZ-OTA,OC,large_airport,2,6204,-45.01920,168.74638
NZRO,ROT,Rotorua Regional Airport,Rotorua,NZ,NZ-BOP,OC,medium_airport,3,5321,-38.10920,176.31700
NZSP,,Amundsen–Scott South Pole Station Airport,Amundsen-Scott South Pole Station,AQ,AQ-U-A,AN,medium_airport,1,12013,-90.00000,-1.00000
NZTG,TRG,Tauranga Airport,Tauranga,NZ,NZ-BOP,OC,medium_airport,5,5988,-37.67190,176.19600
NZTU,TIU,Timaru Airport,,NZ,NZ-CAN,OC,medium_airport,3,4200,-44.30280,171.22501
NZUK,TWZ,Pukaki Airport,Twitzel,NZ,NZ-CAN,OC,medium_airport,1,3550,-44.23500,170.11800
NZWB,BHE,Woodbourne Airport,Blenheim,NZ,NZ-MBH,OC,medium_airport,3,4675,-41.51830,173.87000
NZWD,,Williams Field Skiway,McMurdo Station,AQ,AQ-U-A,AN,medium_airport,2,10000,-77.86740,167.05701
NZWF,WKA,Wanaka Airport,Wanaka,NZ,NZ-OTA,OC,medium_airport,1,3937,-44.72209,169.24629
NZWK,WHK,Whakatāne Airport,Whakatāne,NZ,NZ-BOP,OC,medium_airport,3,4200,-37.92222,176.91696
NZWN,WLG,Wellington International Airport,Wellington,NZ,NZ-WGN,OC,large_airport,1,6352,-41.32684,174.80686
NZWO,WIR,Wairoa Airport,Wairoa,NZ,NZ-HKB,OC,medium_airport,1,3000,-39.01186,177.40440
NZWP,,RNZAF Base Auckland-Whenuapai,,NZ,NZ-AUK,OC,medium_airport,3,6665,-36.78780,174.63001
NZWR,WRE,Whangarei Airport,Whangarei,NZ,NZ-NTL,OC,medium_airport,2,3599,-35.76925,174.36371
NZWS,WSZ,Westport Airport,Westport,NZ,NZ-WTC,OC,medium_airport,1,4200,-41.73711,171.57903
NZWU,WAG,Wanganui Airport,Wanganui,NZ,NZ-MWT,OC,medium_airport,6,4521,-39.96347,175.02444
OAHR,HEA,Herat - Khwaja Abdullah Ansari International Airport,Guzara,AF,AF-HER,AS,large_airport,1,9888,34.21000,62.22830
OAIX,OAI,Bagram Airfield,Bagram,AF,AF-PAR,AS,medium_airport,2,11820,34.94610,69.26500
OAJL,JAA,Jalalabad Airport,Jalalabad,AF,AF-NAN,AS,medium_airport,1,7262,34.39980,70.49860
OAKB,KBL,Kabul International Airport,Kabul,AF,AF-KAB,AS,large_airport,1,11483,34.56590,69.21230
OAKN,KDH,Ahmad Shah Baba International Airport,Kandahar,AF,AF-KAN,AS,large_airport,1,10532,31.50577,65.84796
OAKS,KHT,Khost International Airport,Khost,AF,AF-KHO,AS,medium_airport,1,8740,33.28460,69.80734
OAMN,MMZ,Maymana Zahiraddin Faryabi Airport,Maymana,AF,AF-FYB,AS,medium_airport,1,5090,35.93080,64.76090
OAMS,MZR,Mazar-i-Sharif International Airport,Mazar-i-Sharif,AF,AF-BAL,AS,large_airport,1,9843,36.70412,67.21046
OAUZ,UND,Kunduz Airport,Kunduz,AF,AF-KDZ,AS,medium_airport,1,6558,36.66510,68.91080
OBBI,BAH,Bahrain International Airport,Manama,BH,BH-15,AS,large_airport,2,12979,26.26730,50.63764
OBBS,,Sheik Isa Air Base,Sitrah,BH,BH-14,AS,medium_airport,1,12467,25.91840,50.59060
OE49,,Mecca East Airport,Mecca,SA,SA-02,AS,medium_airport,1,7865,21.43750,39.99420
OEAB,AHB,Abha International Airport,Abha,SA,SA-14,AS,large_airport,1,10991,18.24040,42.65660
OEAD,,Aradah Airport,Ardah,SA,SA-04,AS,medium_airport,0,,21.22700,55.26730
OEAH,HOF,Al-Ahsa International Airport,Hofuf,SA,SA-04,AS,large_airport,1,10039,25.28530,49.48520
OEAO,ULH,Al-Ula International Airport,Al-Ula,SA,SA-03,AS,large_airport,1,10007,26.48363,38.11705
OEBA,ABT,King Saud Bin Abdulaziz (Al Baha) Airport,Al-Baha,SA,SA-11,AS,medium_airport,1,10991,20.29851,41.63615
OEBH,BHH,Bisha Airport,Bisha,SA,SA-14,AS,medium_airport,1,10007,19.98440,42.62090
OEDF,DMM,King Fahd International Airport,Ad Dammam,SA,SA-04,AS,large_airport,2,13124,26.46910,49.79821
OEDM,DWD,Dawadmi Domestic Airport,Dawadmi,SA,SA-01,AS,medium_airport,1,10006,24.44990,44.12120
OEDR,DHA,King Abdulaziz Air Base,Dhahran,SA,SA-04,AS,large_airport,2,12008,26.26540,50.15200
OEGN,GIZ,Jizan Regional Airport / King Abdullah bin Abdulaziz Airport,Jizan,SA,SA-09,AS,medium_airport,1,10006,16.90110,42.58580
OEGS,ELQ,Prince Naif bin Abdulaziz International Airport,Qassim,SA,SA-05,AS,large_airport,1,9843,26.30280,43.77440
OEGT,URY,Gurayat Domestic Airport,Gurayat,SA,SA-12,AS,medium_airport,1,10007,31.41241,37.27890
OEHL,HAS,Hail International Airport,Hail,SA,SA-06,AS,large_airport,1,12204,27.43790,41.68630
OEJB,,Jubail Airport,Jubail,SA,SA-04,AS,medium_airport,1,13124,27.03900,49.40510
OEJF,,King Faisal Naval Base,Jeddah,SA,SA-02,AS,medium_airport,1,8964,21.34810,39.17300
OEJN,JED,King Abdulaziz International Airport,Jeddah,SA,SA-02,AS,large_airport,3,13123,21.68024,39.15744
OEKK,KMC,King Khaled Military City Airport,King Khaled Military City,SA,SA-04,AS,medium_airport,1,12005,27.90090,45.52820
OEKM,KMX,King Khalid Air Base,Khamis Mushait,SA,SA-14,AS,medium_airport,2,12467,18.29730,42.80350
OEMA,MED,Prince Mohammad Bin Abdulaziz Airport,Medina,SA,SA-03,AS,large_airport,2,14222,24.55340,39.70510
OENG,EAM,Najran Domestic Airport,Najran,SA,SA-10,AS,medium_airport,1,10007,17.61140,44.41920
OENN,NUM,Neom Bay Airport,Sharma,SA,SA-07,AS,large_airport,1,12326,27.92426,35.29358
OEPA,AQI,Qaisumah–Hafar Al-Batin International Airport,Qaisumah,SA,SA-04,AS,large_airport,1,10007,28.33573,46.12711
OEPS,AKH,Prince Sultan Air Base,Al Kharj,SA,SA-01,AS,medium_airport,2,13123,24.06270,47.58050
OERF,RAH,Rafha Domestic Airport,Rafha,SA,SA-08,AS,medium_airport,1,9834,29.62640,43.49060
OERK,RUH,King Khalid International Airport,Riyadh,SA,SA-01,AS,large_airport,2,13796,24.95760,46.69880
OERM,,Ras Mishab Airport,Al Mishab,SA,SA-04,AS,medium_airport,1,11058,28.07960,48.61100
OERR,RAE,Arar Domestic Airport,Arar,SA,SA-08,AS,medium_airport,1,10007,30.90660,41.13820
OERS,RSI,Red Sea International Airport,Hanak,SA,SA-07,AS,large_airport,0,,25.62797,37.08891
OERT,,Ras Tanura Airport,Ras Tanura,SA,SA-04,AS,medium_airport,1,7063,26.72310,50.03080
OESH,SHW,Sharurah Domestic Airport,Sharurah,SA,SA-10,AS,medium_airport,1,11975,17.46690,47.12140
OESK,AJF,Al-Jawf International Airport,Al-Jawf,SA,SA-12,AS,large_airport,1,12011,29.78330,40.10090
OESN,,King Salman Air Base,Riyadh,SA,SA-01,AS,medium_airport,0,,24.46526,46.65928
OETB,TUU,Prince Sultan bin Abdulaziz International Airport,Tabuk,SA,SA-07,AS,large_airport,2,10991,28.37110,36.62486
OETF,TIF,Taif International Airport,Taif,SA,SA-02,AS,large_airport,2,12254,21.48474,40.54407
OETN,,Ras Tanajib Airport,As Saffaniyah,SA,SA-04,AS,medium_airport,1,8005,27.86780,48.76910
OETR,TUI,Turaif Domestic Airport,Turaif,SA,SA-08,AS,medium_airport,1,9843,31.69219,38.73154
OEWD,WAE,Wadi Al Dawasir Domestic Airport,Wadi Al Dawasir,SA,SA-01,AS,medium_airport,1,10007,20.50430,45.19960
OEWJ,EJH,Al Wajh Domestic Airport,Al Wajh,SA,SA-07,AS,medium_airport,1,10007,26.19860,36.47640
OEYN,YNB,Prince Abdulmohsen Bin Abdulaziz International Airport,Yanbu,SA,SA-03,AS,large_airport,1,10532,24.14420,38.06340
OIAA,ABD,Abadan Ayatollah Jami International Airport,Abadan,IR,IR-06,AS,large_airport,2,10169,30.36789,48.23007
OIAD,DEF,Dezful Airport,Dezful,IR,IR-06,AS,medium_airport,2,12641,32.43440,48.39760
OIAG,AKW,Aghajari Airport,Omidiyeh,IR,IR-06,AS,medium_airport,1,6933,30.74440,49.67720
OIAH,GCH,Gachsaran Airport,Gachsaran,IR,IR-17,AS,medium_airport,1,6070,30.33387,50.83380
OIAI,QMJ,Shahid Asiyaee Airport,Masjed Soleyman,IR,IR-06,AS,medium_airport,2,5907,32.00172,49.26860
OIAM,MRX,Mahshahr Airport,Mahshahr,IR,IR-06,AS,medium_airport,1,8874,30.55620,49.15190
OIAW,AWZ,Qasem Soleimani International Airport,Ahvaz,IR,IR-06,AS,large_airport,1,11149,31.33640,48.76379
OIBA,AEU,Abu Musa Island Airport,Abu Musa,IR,IR-22,AS,medium_airport,1,9796,25.87570,55.03300
OIBB,BUZ,Bushehr Airport,Bushehr,IR,IR-18,AS,medium_airport,2,14664,28.94480,50.83460
OIBJ,KNR,Jam Airport,Jam,IR,IR-18,AS,medium_airport,1,7711,27.82050,52.35220
OIBK,KIH,Kish International Airport,Kish Island,IR,IR-22,AS,large_airport,1,12004,26.52543,53.98046
OIBL,BDH,Bandar Lengeh International Airport,Bandar Lengeh,IR,IR-22,AS,medium_airport,1,8203,26.53228,54.82484
OIBP,PGU,Persian Gulf International Airport,Khiyaroo,IR,IR-18,AS,medium_airport,1,13115,27.37960,52.73770
OIBQ,KHK,Khark Airport,Khark,IR,IR-18,AS,medium_airport,1,5922,29.26050,50.32219
OIBS,SXI,Siri Airport,Siri,IR,IR-22,AS,medium_airport,1,8345,25.90890,54.53940
OIBV,LVP,Lavan Airport,Lavan Airport,IR,IR-22,AS,medium_airport,1,6815,26.81074,53.35430
OICC,KSH,Shahid Ashrafi Esfahani Airport,Kermanshah,IR,IR-05,AS,medium_airport,2,11213,34.34590,47.15810
OICI,IIL,Ilam Airport,Ilam,IR,IR-16,AS,medium_airport,1,9183,33.58660,46.40480
OICK,KHD,Khoram Abad Airport,,IR,IR-15,AS,medium_airport,1,10498,33.43540,48.28290
OICS,SDG,Sanandaj Airport,,IR,IR-12,AS,medium_airport,1,8660,35.24590,47.00920
OIFK,KKS,Kashan Airport,Kashan,IR,IR-10,AS,medium_airport,1,8845,33.89530,51.57700
OIFM,IFN,Isfahan Shahid Beheshti International Airport,Isfahan,IR,IR-10,AS,large_airport,2,14425,32.75514,51.88388
OIFP,,Badr Air Base,Esfahan,IR,IR-10,AS,medium_airport,2,10920,32.62110,51.69700
OIFS,CQD,Shahrekord Airport,Shahrekord,IR,IR-14,AS,medium_airport,1,10819,32.29720,50.84220
OIGG,RAS,Sardar-e-Jangal Airport,Rasht,IR,IR-01,AS,medium_airport,1,9571,37.32333,49.61778
OIHH,HDM,Hamadan Airport,Hamadan,IR,IR-13,AS,medium_airport,1,10611,34.86642,48.56069
OIHS,NUJ,Nojeh Air Base,Amirabad,IR,IR-13,AS,medium_airport,2,14300,35.21160,48.65340
OIIE,IKA,Imam Khomeini International Airport,Tehran,IR,IR-23,AS,large_airport,2,13772,35.41610,51.15220
OIII,THR,Mehrabad International Airport,Tehran,IR,IR-23,AS,large_airport,2,13258,35.68917,51.31439
OIIK,GZW,Qazvin Airport,Qazvin,IR,IR-26,AS,medium_airport,1,3670,36.24010,50.04710
OIIP,PYK,Payam International Airport,Karaj,IR,IR-32,AS,large_airport,1,12005,35.77610,50.82670
OIKB,BND,Bandar Abbas International Airport,Bandar Abbas,IR,IR-22,AS,large_airport,2,12008,27.21830,56.37780
OIKJ,JYR,Jiroft Airport,Jiroft,IR,IR-08,AS,medium_airport,1,7236,28.72352,57.67504
OIKK,KER,Ayatollah Hashemi Rafsanjani International Airport,Kerman,IR,IR-08,AS,large_airport,2,12635,30.27128,56.94969
OIKM,BXR,Bam Airport,Bam,IR,IR-08,AS,medium_airport,1,11107,29.08420,58.45000
OIKQ,GSM,Qeshm International Airport,Qeshm(Dayrestan),IR,IR-22,AS,large_airport,1,13864,26.75464,55.90235
OIKR,RJN,Rafsanjan Airport,Rafsanjan,IR,IR-08,AS,medium_airport,1,9814,30.29835,56.04898
OIKY,SYJ,Sirjan Airport,Sirjan,IR,IR-08,AS,medium_airport,1,12356,29.55090,55.67270
OIMB,XBJ,Birjand International Airport,Birjand,IR,IR-29,AS,large_airport,2,9521,32.89652,59.28126
OIMC,CKT,Sarakhs Airport,Sarakhs,IR,IR-09,AS,medium_airport,1,13076,36.50120,61.06490
OIMM,MHD,Mashhad International Airport,Mashhad,IR,IR-09,AS,large_airport,2,12877,36.23482,59.64295
OIMN,BJB,Bojnord Airport,Bojnord,IR,IR-28,AS,medium_airport,1,10582,37.49300,57.30820
OIMS,AFZ,Sabzevar National Airport,Sabzevar,IR,IR-09,AS,medium_airport,1,10428,36.16810,57.59520
OIMT,TCX,Tabas Airport,Tabas,IR,IR-21,AS,medium_airport,1,9977,33.66780,56.89270
OING,GBT,Gorgan Airport,Gorgan,IR,IR-27,AS,medium_airport,1,10827,36.90940,54.40130
OINN,NSH,Nowshahr Airport,Nowshahr,IR,IR-02,AS,medium_airport,1,6677,36.66429,51.46273
OINR,RZR,Ramsar Airport,Ramsar,IR,IR-02,AS,medium_airport,2,7448,36.90701,50.68732
OINZ,SRY,Sari Dasht-e Naz International Airport,Sari,IR,IR-02,AS,medium_airport,1,8688,36.64441,53.18876
OISF,FAZ,Fasa Airport,Fasa,IR,IR-07,AS,medium_airport,1,6502,28.89180,53.72330
OISL,LRR,Lar Airport,Lar,IR,IR-07,AS,medium_airport,1,10397,27.67470,54.38330
OISR,LFM,Lamerd Airport,Lamerd,IR,IR-07,AS,medium_airport,1,10020,27.37270,53.18880
OISS,SYZ,Shiraz Shahid Dastghaib International Airport,Shiraz,IR,IR-07,AS,large_airport,2,14345,29.53920,52.58980
OISY,YES,Yasuj Airport,Yasuj,IR,IR-17,AS,medium_airport,1,8522,30.70224,51.54299
OITL,ADU,Ardabil Airport,Ardabil,IR,IR-24,AS,medium_airport,1,10823,38.32570,48.42440
OITR,OMH,Urmia Airport,Urmia,IR,IR-04,AS,medium_airport,1,10658,37.66810,45.06870
OITT,TBZ,Tabriz International Airport,Tabriz,IR,IR-03,AS,large_airport,2,11825,38.13390,46.23500
OITU,IMQ,Maku National Airport,Showt,IR,IR-04,AS,medium_airport,1,10827,39.19129,44.92851
OITZ,JWN,Zanjan Airport,Zanjan,IR,IR-19,AS,medium_airport,1,9840,36.77370,48.35940
OIYY,AZD,Shahid Sadooghi Airport,Yazd,IR,IR-21,AS,medium_airport,1,13446,31.90490,54.27650
OIZB,ACZ,Zabol Airport,Zabol,IR,IR-11,AS,medium_airport,1,9848,31.09830,61.54390
OIZC,ZBR,Chabahar Konarak International Airport,Konarak,IR,IR-11,AS,medium_airport,2,12514,25.44319,60.38217
OIZH,ZAH,Zahedan International Airport,Zahedan,IR,IR-11,AS,large_airport,2,14042,29.47570,60.90620
OIZI,IHR,Iranshahr Airport,Iranshahr,IR,IR-11,AS,medium_airport,1,7711,27.23610,60.72000
OJAI,AMM,Queen Alia International Airport,Amman,JO,JO-AM,AS,large_airport,2,12008,31.72260,35.99320
OJAM,ADJ,Marka International (Amman Civil) Airport,Amman,JO,JO-AM,AS,large_airport,1,10745,31.97270,35.99160
OJAQ,AQJ,King Hussein International Airport,Aqaba,JO,JO-AQ,AS,large_airport,1,9855,29.61160,35.01810
OJKF,,King Feisal Air Base,Al-Jafr,JO,JO-MN,AS,medium_airport,0,,30.34350,36.14770
OJMS,,Muwaffaq Salti Air Base,Al Azraq,JO,JO-AZ,AS,medium_airport,2,9777,31.82560,36.78200
OKAJ,XIJ,Ahmed Al Jaber Air Base,Ahmed Al Jaber AB,KW,KW-AH,AS,medium_airport,0,,28.93480,47.79190
OKAS,,Ali Al Salem Air Base,Al Damaikhi,KW,KW-JA,AS,medium_airport,2,9805,29.34690,47.52012
OKKK,KWI,Kuwait International Airport,Kuwait City,KW,KW-FA,AS,large_airport,3,15026,29.22449,47.96981
OLBA,BEY,Beirut Rafic Hariri International Airport,Beirut,LB,LB-JL,AS,large_airport,3,12467,33.81983,35.48744
OLKA,KYE,Rene Mouawad Air Base,Tripoli,LB,LB-AS,AS,medium_airport,1,9843,34.58930,36.01130
OLRA,,Rayak Air Base,Rayak,LB,LB-BI,AS,medium_airport,1,9740,33.85080,35.98770
OMAA,AUH,Zayed International Airport,Abu Dhabi,AE,AE-AZ,AS,large_airport,2,13471,24.44097,54.64924
OMAD,AZI,Al Bateen Executive Airport,Abu Dhabi,AE,AE-AZ,AS,large_airport,1,10499,24.42706,54.45987
OMAL,AAN,Al Ain International Airport,Al Ain,AE,AE-AZ,AS,large_airport,1,13123,24.26170,55.60920
OMAM,DHF,Al Dhafra Air Base,,AE,AE-AZ,AS,medium_airport,3,12012,24.24820,54.54770
OMBY,XSB,Sir Bani Yas Airport,Sir Bani Yas,AE,AE-AZ,AS,medium_airport,1,9272,24.28361,52.58028
OMDB,DXB,Dubai International Airport,Dubai,AE,AE-DU,AS,large_airport,2,14590,25.24979,55.37099
OMDM,NHD,Al Minhad Air Base,Dubai,AE,AE-DU,AS,medium_airport,1,12970,25.02680,55.36620
OMDW,DWC,Al Maktoum International Airport,Dubai(Jebel Ali),AE,AE-DU,AS,large_airport,2,14764,24.89617,55.16235
OMFJ,FJR,Fujairah International Airport,Fujairah,AE,AE-FU,AS,large_airport,1,10007,25.10841,56.32806
OMNK,,Sas Al Nakheel Air Base,Sas Al Nakheel,AE,AE-AZ,AS,medium_airport,0,,24.44128,54.51696
OMRK,RKT,Ras Al Khaimah International Airport,Ras Al Khaimah,AE,AE-RK,AS,large_airport,1,12336,25.61350,55.93880
OMSJ,SHJ,Sharjah International Airport,Sharjah,AE,AE-SH,AS,large_airport,1,13320,25.32860,55.51720
OODQ,DQM,Duqm International Airport,Duqm,OM,OM-WU,AS,large_airport,0,,19.50194,57.63417
OOKB,KHS,Khasab Airport,Khasab,OM,OM-MU,AS,medium_airport,1,8202,26.17100,56.24060
OOMA,MSH,RAFO Masirah,Masirah,OM,OM-SH,AS,medium_airport,2,10005,20.67540,58.89050
OOMN,MNH,Mussanah Airport,Al Masna'ah,OM,OM-BA,AS,medium_airport,0,,23.64056,57.48750
OOMS,MCT,Muscat International Airport,Muscat/Seeb,OM,OM-MA,AS,large_airport,2,13386,23.60022,58.28527
OORH,,Ras al Hadd Airport,Ras ar Ruays,OM,OM-SH,AS,medium_airport,0,,22.25691,59.74067
OOSA,SLL,Salalah International Airport,Salalah,OM,OM-ZU,AS,large_airport,1,13123,17.03870,54.09130
OOSH,OHS,Suhar International Airport,Suhar,OM,OM-BA,AS,large_airport,1,13173,24.38604,56.62541
OOTH,TTH,Thumrait Air Base,Thumrait,OM,OM-ZU,AS,medium_airport,1,13123,17.66600,54.02460
OP12,,Shamsi Airfield,Washuk,PK,PK-BA,AS,medium_airport,1,9120,27.84650,65.16000
OPBW,BHV,Bahawalpur Airport,Bahawalpur,PK,PK-PB,AS,medium_airport,1,9345,29.34810,71.71800
OPCH,CJL,Chitral Airport,Chitral,PK,PK-KP,AS,medium_airport,1,5741,35.88621,71.79992
OPDG,DEA,Dera Ghazi Khan Airport,Dera Ghazi Khan,PK,PK-PB,AS,medium_airport,1,6499,29.96100,70.48590
OPDI,DSK,Dera Ismael Khan Airport [IN-ACTIVE],Dera Ismael Khan,PK,PK-KP,AS,medium_airport,1,5000,31.90940,70.89660
OPFA,LYP,Faisalabad International Airport,Faisalabad,PK,PK-PB,AS,large_airport,2,9324,31.36492,72.99532
OPGT,GIL,Gilgit Airport,Gilgit,PK,PK-GB,AS,medium_airport,2,5400,35.91880,74.33360
OPGW,GWD,New Gwadar International Airport,Gurandani,PK,PK-BA,AS,large_airport,1,6503,25.29673,62.49882
OPIS,ISB,Islamabad International Airport,Attock,PK,PK-PB,AS,large_airport,2,12001,33.54900,72.82566
OPJA,JAG,Shahbaz Air Base,Jacobabad,PK,PK-SD,AS,medium_airport,2,10081,28.28420,68.44970
OPKC,KHI,Jinnah International Airport,Karachi,PK,PK-SD,AS,large_airport,2,11155,24.90650,67.16080
OPLA,LHE,Allama Iqbal International Airport,Lahore,PK,PK-PB,AS,large_airport,2,11024,31.52160,74.40360
OPMA,XJM,Mangla Airport,Mangla,PK,PK-PB,AS,medium_airport,1,5000,33.05010,73.63840
OPMI,MWD,Mianwali Air Base,Mianwali,PK,PK-PB,AS,medium_airport,2,10348,32.56310,71.57070
OPMJ,MJD,Moenjodaro Airport,Moenjodaro,PK,PK-SD,AS,medium_airport,1,6512,27.33520,68.14310
OPMR,,Masroor Air Base,Karachi,PK,PK-SD,AS,medium_airport,2,9022,24.89360,66.93880
OPMS,ATG,Minhas Air Base,Kamra,PK,PK-PB,AS,medium_airport,1,9950,33.86910,72.40090
OPMT,MUX,Multan International Airport,Multan,PK,PK-PB,AS,large_airport,1,12353,30.20320,71.41910
OPNH,WNS,Shaheed Benazirabad Airport,Nawabashah,PK,PK-SD,AS,medium_airport,1,8999,26.21940,68.39010
OPPG,PJG,Panjgur Airport,Panjgur,PK,PK-BA,AS,medium_airport,1,5000,26.95450,64.13250
OPPI,PSI,Pasni Airport,Pasni,PK,PK-BA,AS,medium_airport,1,8999,25.29050,63.34510
OPPS,PEW,Bacha Khan International Airport,Peshawar,PK,PK-KP,AS,large_airport,1,9000,33.99390,71.51460
OPQT,UET,Quetta International Airport,Quetta,PK,PK-BA,AS,large_airport,2,12001,30.25140,66.93780
OPRK,RYK,Shaikh Zaid Airport,Rahim Yar Khan,PK,PK-PB,AS,medium_airport,1,9842,28.38390,70.27960
OPRN,,PAF Base Nur Khan (Benazir Bhutto International Airport),Rawalpindi,PK,PK-PB,AS,medium_airport,1,10785,33.61670,73.09920
OPRQ,,Rafiqui Air Base,Shorkot,PK,PK-PB,AS,medium_airport,2,10000,30.75810,72.28250
OPRS,,Risalpur Air Base,Risalpur,PK,PK-KP,AS,medium_airport,2,9085,34.08110,71.97260
OPRT,RAZ,Rawalakot Airport,Rawalakot,PK,PK-JK,AS,medium_airport,1,2958,33.84970,73.79810
OPSD,KDU,Skardu International Airport,Skardu,PK,PK-GB,AS,large_airport,2,11995,35.33866,75.53865
OPSF,,Faisal Air Base,Karachi,PK,PK-SD,AS,medium_airport,1,8060,24.87420,67.11850
OPSK,SKZ,Begum Nusrat Bhutto International Airport Sukkur,Sukkur,PK,PK-SD,AS,medium_airport,1,9000,27.72200,68.79170
OPSN,SYW,Sehwan Sharif Airport,Sehwan Sharif,PK,PK-SD,AS,medium_airport,1,6562,26.47310,67.71720
OPSR,SGI,Mushaf Air Base,Sargodha,PK,PK-PB,AS,medium_airport,0,,32.04860,72.66500
OPSS,SDT,Saidu Sharif Airport,Saidu Sharif,PK,PK-KP,AS,medium_airport,1,5745,34.81360,72.35280
OPST,SKT,Sialkot International Airport,Sialkot,PK,PK-PB,AS,large_airport,1,11811,32.53594,74.36462
OPSU,SUL,Sui Airport,Sui,PK,PK-BA,AS,medium_airport,2,6000,28.64510,69.17690
OPTU,TUK,Turbat International Airport,Turbat,PK,PK-BA,AS,large_airport,2,9022,25.98477,63.02886
OPZB,PZH,Zhob Airport,Fort Sandeman,PK,PK-BA,AS,medium_airport,1,6001,31.35840,69.46360
ORAA,IQA,Al Asad Air Base,Hīt,IQ,IQ-AN,AS,medium_airport,3,13124,33.78560,42.44120
ORAT,TQD,Al Taqaddum Air Base,Al Habbaniyah,IQ,IQ-AN,AS,medium_airport,2,13186,33.33810,43.59710
ORBD,,Balad Southeast Airport / Joint Base Balad,Al Bakr,IQ,IQ-SD,AS,medium_airport,2,11495,33.94020,44.36160
ORBI,BGW,Baghdad International Airport / New Al Muthana Air Base,Baghdad,IQ,IQ-BG,AS,large_airport,2,13124,33.26250,44.23460
ORBM,OSM,Mosul International Airport,Mosul,IQ,IQ-NI,AS,large_airport,1,8695,36.30580,43.14740
ORER,EBL,Erbil International Airport,Arbil,IQ,IQ-AR,AS,large_airport,1,15748,36.23605,43.94662
ORJA,,Jalibah Southeast Air Base,Jalibah,IQ,IQ-BA,AS,medium_airport,0,,30.54652,46.60278
ORKK,KIK,Kirkuk International Airport,Kirkuk,IQ,IQ-TS,AS,large_airport,2,9809,35.46950,44.34890
ORMM,BSR,Basra International Airport,Basra,IQ,IQ-BA,AS,large_airport,1,13124,30.54910,47.66210
ORNI,NJF,Al Najaf International Airport,Najaf,IQ,IQ-NA,AS,large_airport,1,9842,31.99112,44.40502
ORQW,RQW,Qayyarah West Airport,Qayyarah,IQ,IQ-NI,AS,medium_airport,1,11486,35.76720,43.12510
ORSH,,Al Sahra Army Air Field,Tikrit,IQ,IQ-SD,AS,medium_airport,1,10225,34.67320,43.54300
ORSJ,ISU,Jalal Talabani International Airport,Sulaymaniyah,IQ,IQ-SW,AS,medium_airport,0,,35.56049,45.31514
ORTF,,Tall Afar Army Air Field,Tall Afar,IQ,IQ-NI,AS,medium_airport,1,9842,36.28310,42.40300
ORTI,,Al Taji Army Air Field,Taji,IQ,IQ-BG,AS,medium_airport,1,5770,33.52390,44.25670
ORTL,XNH,Ali Air Base,Nasiriyah,IQ,IQ-DQ,AS,medium_airport,2,10935,30.93580,46.09010
ORUB,,Ubaydah Bin Al Jarrah Airport,Al Kut,IQ,IQ-WA,AS,medium_airport,2,11666,32.48200,45.75710
OS57,,Abu ad Duhur Air Base,Abu ad Duhur,SY,SY-HL,AS,medium_airport,1,9810,35.73220,37.10420
OS64,,An Nasiriyah Air Base,,SY,SY-DI,AS,medium_airport,1,9842,33.91900,36.86660
OS69,,Khalkhalah Air Base,Buraq,SY,SY-SU,AS,medium_airport,2,9995,33.07730,36.55821
OS70,,Al Qusayr Air Base,Al-Qusayr,SY,SY-HI,AS,medium_airport,1,10000,34.56910,36.57280
OSAP,ALP,Aleppo International Airport,Aleppo,SY,SY-HL,AS,large_airport,1,9547,36.18126,37.22687
OSDI,DAM,Damascus International Airport,Damascus,SY,SY-DI,AS,large_airport,1,11811,33.41150,36.51560
OSDZ,DEZ,Deir ez-Zor Airport,Deir ez-Zor,SY,SY-DY,AS,medium_airport,2,9843,35.28540,40.17600
OSKL,KAC,Qamishli International Airport,Qamishli,SY,SY-HA,AS,medium_airport,1,11860,37.02060,41.19140
OSLK,LTK,Latakia International Airport,Latakia,SY,SY-LA,AS,medium_airport,1,9175,35.40110,35.94870
OSPR,PMS,Palmyra Airport,Tadmur,SY,SY-HI,AS,medium_airport,1,9449,34.55740,38.31690
OTBD,DIA,Doha International Airport,Doha,QA,QA-DA,AS,large_airport,1,15000,25.25943,51.56553
OTBH,XJD,Al Udeid Air Base,Ar Rayyan,QA,QA-RA,AS,medium_airport,1,12303,25.11730,51.31500
OTHH,DOH,Hamad International Airport,Doha,QA,QA-DA,AS,large_airport,2,15912,25.27306,51.60806
OY74,,Al Anad Air Base,Al Anad,YE,YE-LA,AS,medium_airport,1,9250,13.17470,44.76510
OYAA,ADE,Aden International Airport,Aden,YE,YE-AD,AS,large_airport,1,10171,12.82956,45.02998
OYAT,AXK,Ataq Airport,Ataq,YE,YE-SH,AS,medium_airport,1,9482,14.55130,46.82620
OYGD,AAY,Al Ghaydah International Airport,Al Ghaydah,YE,YE-MR,AS,medium_airport,1,8858,16.19334,52.17419
OYHD,,Hodeida International Airport,Hodeida,YE,YE-HU,AS,medium_airport,0,,14.75204,42.97597
OYRN,RIY,Riyan International Airport,Mukalla(Riyan),YE,YE-HD,AS,large_airport,1,9843,14.66224,49.37529
OYSN,SAH,Sanaa International Airport,Sanaa,YE,YE-SA,AS,large_airport,1,10669,15.47630,44.21970
OYSQ,SCT,Socotra Airport,Mori,YE,YE-SU,AS,medium_airport,1,10827,12.63209,53.90617
OYSY,GXF,Seiyun Hadhramaut International Airport,Seiyun,YE,YE-HD,AS,large_airport,1,9843,15.96589,48.78815
OYTZ,TAI,Taiz International Airport,Taiz,YE,YE-TA,AS,medium_airport,1,10040,13.68600,44.13910
PAAQ,PAQ,"Warren ""Bud"" Woods Palmer Municipal Airport",Palmer,US,US-AK,NA,medium_airport,3,6006,61.59490,-149.08901
PABA,BTI,Barter Island Long Range Radar Station Airport,Barter Island,US,US-AK,NA,medium_airport,1,4500,70.13400,-143.58200
PABE,BET,Bethel Airport,Bethel,US,US-AK,NA,medium_airport,3,6400,60.77980,-161.83800
PABI,BIG,Allen Army Airfield,Delta Junction Ft Greely,US,US-AK,NA,medium_airport,3,9000,63.99450,-145.72200
PABR,BRW,Wiley Post Will Rogers Memorial Airport,Utqiaġvik,US,US-AK,NA,medium_airport,1,7100,71.28540,-156.76601
PABV,,Birchwood Airport,Birchwood,US,US-AK,NA,medium_airport,2,4012,61.41650,-149.50700
PACD,CDB,Cold Bay Airport,Cold Bay,US,US-AK,NA,medium_airport,2,10179,55.20787,-162.72503
PACL,,Clear Airport,Clear,US,US-AK,NA,medium_airport,1,3997,64.29974,-149.11743
PACV,CDV,Merle K (Mudhole) Smith Airport,Cordova,US,US-AK,NA,medium_airport,2,7500,60.49180,-145.47800
PACZ,CZF,Cape Romanzof LRRS Airport,Cape Romanzof,US,US-AK,NA,medium_airport,1,3955,61.78030,-166.03900
PADE,DRG,Deering Airport,Deering,US,US-AK,NA,medium_airport,2,3320,66.06890,-162.76691
PADK,ADK,Adak Airport,Adak,US,US-AK,NA,medium_airport,1,7790,51.88356,-176.64278
PADL,DLG,Dillingham Airport,Dillingham,US,US-AK,NA,medium_airport,1,6400,59.04470,-158.50500
PADQ,ADQ,Kodiak Airport,Kodiak,US,US-AK,NA,medium_airport,3,7534,57.75000,-152.49400
PADU,DUT,Tom Madsen (Dutch Harbor) Airport,Unalaska,US,US-AK,NA,medium_airport,1,4500,53.89881,-166.54500
PAED,EDF,Elmendorf Air Force Base,Anchorage,US,US-AK,NA,medium_airport,2,10000,61.25171,-149.80710
PAEH,EHM,Cape Newenham LRRS Airport,Cape Newenham,US,US-AK,NA,medium_airport,1,3945,58.64640,-162.06300
PAEI,EIL,Eielson Air Force Base,Fairbanks,US,US-AK,NA,medium_airport,1,14530,64.66570,-147.10200
PAEM,EMK,Emmonak Airport,Emmonak,US,US-AK,NA,medium_airport,1,4601,62.78610,-164.49100
PAEN,ENA,Kenai Municipal Airport,Kenai,US,US-AK,NA,medium_airport,3,7855,60.57095,-151.24517
PAFA,FAI,Fairbanks International Airport,Fairbanks,US,US-AK,NA,medium_airport,4,11800,64.81510,-147.85600
PAFB,FBK,Ladd Army Airfield,Fairbanks,US,US-AK,NA,medium_airport,1,8575,64.83750,-147.61400
PAFE,,Kake Airport,Kake,US,US-AK,NA,medium_airport,1,4000,56.96131,-133.91020
PAFM,ABL,Ambler Airport,Ambler,US,US-AK,NA,medium_airport,2,4000,67.10553,-157.85534
PAGA,GAL,Edward G. Pitka Sr Airport,Galena,US,US-AK,NA,medium_airport,2,6000,64.73620,-156.93700
PAGK,GKN,Gulkana Airport,Gulkana,US,US-AK,NA,medium_airport,1,5001,62.15586,-145.45466
PAGM,GAM,Gambell Airport,Gambell,US,US-AK,NA,medium_airport,1,4500,63.76769,-171.73330
PAGS,GST,Gustavus Airport,Gustavus,US,US-AK,NA,medium_airport,2,6720,58.42530,-135.70700
PAHC,HCR,Holy Cross Airport,Holy Cross,US,US-AK,NA,medium_airport,1,4000,62.18830,-159.77499
PAHL,HSL,Huslia Airport,Huslia,US,US-AK,NA,medium_airport,1,4000,65.69790,-156.35100
PAHN,HNS,Haines Airport,Haines,US,US-AK,NA,medium_airport,1,4000,59.24392,-135.52392
PAHO,HOM,Homer Airport,Homer,US,US-AK,NA,medium_airport,1,6701,59.64446,-151.47923
PAII,EGX,Egegik Airport,Egegik,US,US-AK,NA,medium_airport,2,5600,58.18439,-157.37487
PAIK,IAN,Bob Baker Memorial Airport,Kiana,US,US-AK,NA,medium_airport,1,4000,66.97613,-160.43901
PAIL,ILI,Iliamna Airport,Iliamna,US,US-AK,NA,medium_airport,4,5086,59.75440,-154.91100
PAIM,UTO,Indian Mountain LRRS Airport,Utopia Creek,US,US-AK,NA,medium_airport,1,4100,65.99280,-153.70399
PAJN,JNU,Juneau International Airport,Juneau,US,US-AK,NA,medium_airport,2,8857,58.35493,-134.57442
PAKN,AKN,King Salmon Airport,King Salmon,US,US-AK,NA,medium_airport,3,8901,58.67784,-156.65196
PAKP,AKP,Anaktuvuk Pass Airport,Anaktuvuk Pass,US,US-AK,NA,medium_airport,1,4800,68.13360,-151.74300
PAKT,KTN,Ketchikan International Airport,Ketchikan,US,US-AK,NA,medium_airport,1,7500,55.35560,-131.71400
PAKW,KLW,Klawock Airport,Klawock,US,US-AK,NA,medium_airport,1,5000,55.57920,-133.07600
PALU,LUR,Cape Lisburne LRRS Airport,Cape Lisburne,US,US-AK,NA,medium_airport,1,4800,68.87510,-166.11000
PAMC,MCG,McGrath Airport,McGrath,US,US-AK,NA,medium_airport,2,5936,62.95290,-155.60600
PAMR,MRI,Merrill Field,Anchorage,US,US-AK,NA,medium_airport,3,4000,61.21279,-149.84399
PAMY,MYU,Mekoryuk Airport,Mekoryuk,US,US-AK,NA,medium_airport,1,3070,60.37234,-166.26975
PANC,ANC,Ted Stevens Anchorage International Airport,Anchorage,US,US-AK,NA,large_airport,3,12400,61.17900,-149.99256
PANI,ANI,Aniak Airport,Aniak,US,US-AK,NA,medium_airport,1,6200,61.58160,-159.54300
PANN,ENN,Nenana Municipal Airport,Nenana,US,US-AK,NA,medium_airport,3,4600,64.54877,-149.07452
PANT,ANN,Annette Island Airport,Metlakatla,US,US-AK,NA,medium_airport,2,7493,55.03766,-131.57261
PANV,ANV,Anvik Airport,Anvik,US,US-AK,NA,medium_airport,1,4000,62.64670,-160.19099
PAOM,OME,Nome Airport,Nome,US,US-AK,NA,medium_airport,2,6176,64.51220,-165.44501
PAOR,ORT,Northway Airport,Northway,US,US-AK,NA,medium_airport,1,5100,62.96130,-141.92900
PAOT,OTZ,Ralph Wien Memorial Airport,Kotzebue,US,US-AK,NA,medium_airport,2,6300,66.88470,-162.59900
PAPB,STG,St George Airport,St George,US,US-AK,NA,medium_airport,1,4982,56.57735,-169.66382
PAPC,KPC,Port Clarence Coast Guard Station,Port Clarence,US,US-AK,NA,medium_airport,1,4497,65.25370,-166.85899
PAPG,PSG,Petersburg James A Johnson Airport,Petersburg,US,US-AK,NA,medium_airport,1,6400,56.80170,-132.94501
PAPH,PTH,Port Heiden Airport,Port Heiden,US,US-AK,NA,medium_airport,2,5000,56.95789,-158.63022
PAPM,PTU,Platinum Airport,Platinum,US,US-AK,NA,medium_airport,1,5000,59.01767,-161.82793
PAQT,NUI,Nuiqsut Airport,Nuiqsut,US,US-AK,NA,medium_airport,1,4343,70.21000,-151.00600
PARC,ARC,Arctic Village Airport,Arctic Village,US,US-AK,NA,medium_airport,1,4500,68.11470,-145.57899
PARY,RBY,Ruby Airport,Ruby,US,US-AK,NA,medium_airport,1,4000,64.72720,-155.47000
PASA,SVA,Savoonga Airport,Savoonga,US,US-AK,NA,medium_airport,1,4400,63.68640,-170.49300
PASC,SCC,Deadhorse Airport,Deadhorse,US,US-AK,NA,medium_airport,1,6500,70.19470,-148.46500
PASD,SDP,Sand Point Airport,Sand Point,US,US-AK,NA,medium_airport,1,4000,55.31391,-160.52210
PASI,SIT,Sitka Rocky Gutierrez Airport,Sitka,US,US-AK,NA,medium_airport,1,7200,57.04710,-135.36200
PASN,SNP,St Paul Island Airport,St Paul Island,US,US-AK,NA,medium_airport,1,6500,57.16631,-170.22255
PASV,SVW,Sparrevohn LRRS Airport,Sparrevohn,US,US-AK,NA,medium_airport,1,4200,61.09740,-155.57401
PASX,SXQ,Soldotna Airport,Soldotna,US,US-AK,NA,medium_airport,1,5001,60.47494,-151.03847
PASY,SYA,Eareckson Air Station,Shemya,US,US-AK,NA,medium_airport,1,10004,52.71230,174.11400
PATK,TKA,Talkeetna Airport,Talkeetna,US,US-AK,NA,medium_airport,1,3500,62.32050,-150.09399
PATL,TLJ,Tatalina LRRS Airport,Takotna,US,US-AK,NA,medium_airport,1,3820,62.89440,-155.97701
PATQ,ATK,Atqasuk Edward Burnell Sr Memorial Airport,Atqasuk,US,US-AK,NA,medium_airport,1,4370,70.46704,-157.43601
PAUN,UNK,Unalakleet Airport,Unalakleet,US,US-AK,NA,medium_airport,2,5900,63.88840,-160.79900
PAVD,VDZ,Valdez Pioneer Field,Valdez,US,US-AK,NA,medium_airport,1,6500,61.13271,-146.24657
PAWD,SWD,Seward Airport,Seward,US,US-AK,NA,medium_airport,2,4249,60.13048,-149.41861
PAWG,WRG,Wrangell Airport,Wrangell,US,US-AK,NA,medium_airport,1,6000,56.48430,-132.37000
PAWI,AIN,Wainwright Airport,Wainwright,US,US-AK,NA,medium_airport,1,4494,70.63800,-159.99499
PAWS,WWA,Wasilla Airport,Wasilla,US,US-AK,NA,medium_airport,2,3700,61.57170,-149.53999
PAYA,YAK,Yakutat Airport,Yakutat,US,US-AK,NA,medium_airport,2,7732,59.50872,-139.66044
PCIS,CIS,Canton Island Airport,Abariringa,KI,KI-P,OC,medium_airport,0,,-2.76812,-171.71001
PFYU,FYU,Fort Yukon Airport,Fort Yukon,US,US-AK,NA,medium_airport,1,5000,66.57165,-145.24999
PGRO,ROP,Rota International Airport,Rota Island,MP,MP-U-A,OC,large_airport,1,6000,14.17327,145.24110
PGSN,SPN,Saipan International Airport,"I Fadang, Saipan",MP,MP-U-A,OC,medium_airport,1,8700,15.11938,145.72885
PGUA,UAM,Andersen Air Force Base,Yigo,GU,GU-U-A,OC,medium_airport,2,11185,13.58400,144.93000
PGUM,GUM,Antonio B. Won Pat International Airport,Hagåtña,GU,GU-U-A,OC,large_airport,2,12015,13.48500,144.79728
PGWT,TIQ,Francisco Manglona Borja / Tinian International Airport,Tinian Island,MP,MP-U-A,OC,medium_airport,1,8600,14.99921,145.61936
PHBK,BKH,Barking Sands Airport,Kekaha,US,US-HI,OC,medium_airport,1,6002,22.02280,-159.78500
PHHN,HNM,Hana Airport,Hana,US,US-HI,OC,medium_airport,1,3606,20.79560,-156.01401
PHIK,,Hickam Air Force Base,Honolulu,US,US-HI,OC,medium_airport,0,,21.33528,-157.94833
PHJH,JHM,Kapalua Airport,Lahaina,US,US-HI,OC,medium_airport,1,3000,20.96290,-156.67300
PHJR,JRF,Kalaeloa Airport,Kapolei,US,US-HI,OC,medium_airport,3,8365,21.30740,-158.07001
PHKO,KOA,Ellison Onizuka Kona International Airport at Keāhole,Kailua-Kona,US,US-HI,OC,large_airport,1,11000,19.73878,-156.04560
PHLI,LIH,Lihue Airport,"Lihue, Kauai",US,US-HI,OC,large_airport,2,6500,21.97439,-159.33715
PHMK,MKK,Molokai Airport,Kaunakakai,US,US-HI,OC,medium_airport,2,4494,21.15290,-157.09599
PHMU,MUE,Waimea Kohala Airport,Waimea (Kamuela),US,US-HI,OC,medium_airport,1,5197,20.00130,-155.66800
PHNG,NGF,Kaneohe Bay MCAS (Marion E. Carl Field) Airport,Kaneohe,US,US-HI,OC,medium_airport,1,7771,21.45050,-157.76800
PHNL,HNL,Daniel K. Inouye International Airport,"Honolulu, Oahu",US,US-HI,OC,large_airport,6,12360,21.31839,-157.92567
PHNY,LNY,Lanai Airport,Lanai City,US,US-HI,OC,medium_airport,1,5001,20.78568,-156.95132
PHOG,OGG,Kahului International Airport,Kahului,US,US-HI,OC,large_airport,2,6998,20.89626,-156.43184
PHTO,ITO,Hilo International Airport,Hilo,US,US-HI,OC,medium_airport,2,9800,19.72135,-155.04543
PKMJ,MAJ,Marshall Islands International Airport,Majuro Atoll,MH,MH-MAJ,OC,large_airport,1,7897,7.06511,171.27166
PKWA,KWA,Bucholz Army Air Field,Kwajalein,MH,MH-KWA,OC,medium_airport,1,6668,8.72012,167.73199
PLCH,CXI,Cassidy International Airport,Kiritimati,KI,KI-L,OC,large_airport,1,6900,1.98628,-157.35001
PMDY,MDY,Henderson Field,Sand Island,UM,UM-71,OC,medium_airport,1,7904,28.20170,-177.38100
PPIZ,PIZ,Point Lay LRRS Airport,Point Lay,US,US-AK,NA,medium_airport,1,3519,69.73290,-163.00501
PTKK,TKK,Chuuk International Airport,Weno Island,FM,FM-TRK,OC,large_airport,1,6006,7.46187,151.84300
PTPN,PNI,Pohnpei International Airport,Pohnpei Island,FM,FM-PNI,OC,medium_airport,1,6600,6.98508,158.20992
PTRO,ROR,Roman Tmetuchl International Airport,Babelthuap Island,PW,PW-004,OC,large_airport,1,7200,7.36697,134.54408
PTSA,KSA,Kosrae International Airport,Okat,FM,FM-KSA,OC,large_airport,1,5750,5.35698,162.95799
PTYA,YAP,Yap International Airport,Yap Island,FM,FM-YAP,OC,large_airport,1,6000,9.49891,138.08299
PWAK,AWK,Wake Island Airfield,Wake Island,UM,UM-79,OC,medium_airport,1,9843,19.28244,166.63664
RCAY,,Gangshan Air Force Base,Kaohsiung (Gangshan),TW,TW-KHH,AS,medium_airport,3,8019,22.78250,120.26300
RCBS,KNH,Kinmen Airport,Shang-I,TW,TW-X-KM,AS,medium_airport,1,9843,24.42790,118.35900
RCDC,,Pingtung Air Force Base,Pingtung,TW,TW-PIF,AS,medium_airport,1,7828,22.67258,120.46171
RCFG,LZN,Matsu Nangan Airport,Matsu (Nangan),TW,TW-LIE,AS,medium_airport,1,5180,26.15966,119.95838
RCFN,TTT,Taitung Airport,Taitung City,TW,TW-TTT,AS,medium_airport,1,7999,22.75486,121.10179
RCKH,KHH,Kaohsiung International Airport,Kaohsiung (Xiaogang),TW,TW-KHH,AS,large_airport,1,10335,22.57710,120.35000
RCKU,CYI,Chiayi Airport,Shuishang,TW,TW-CYQ,AS,medium_airport,3,10007,23.46258,120.39054
RCKW,HCN,Hengchun Airport,Hengchun,TW,TW-PIF,AS,medium_airport,1,5577,22.04110,120.73000
RCLY,KYD,Lanyu Airport,Orchid Island,TW,TW-TTT,AS,medium_airport,1,3852,22.02700,121.53500
RCMQ,RMQ,Taichung International Airport / Ching Chuang Kang Air Base,Taichung (Qingshui),TW,TW-TXG,AS,large_airport,1,12000,24.26470,120.62100
RCMT,MFK,Matsu Beigan Airport,Matsu (Beigan),TW,TW-LIE,AS,medium_airport,1,3773,26.22414,120.00268
RCNN,TNN,Tainan International Airport / Tainan Air Base,Tainan (Rende),TW,TW-TNN,AS,large_airport,2,10007,22.95040,120.20600
RCPO,HSZ,Hsinchu Air Base,Hsinchu City,TW,TW-HSZ,AS,medium_airport,1,11955,24.81800,120.93900
RCQC,MZG,Penghu Magong Airport,Huxi,TW,TW-PEN,AS,large_airport,1,9843,23.56870,119.62800
RCQS,,Chihhang Air Base,Taitung City,TW,TW-TTT,AS,medium_airport,1,11055,22.79310,121.18200
RCSQ,,Pingtung Air Force Base North,Pingtung,TW,TW-PIF,AS,medium_airport,1,8012,22.70020,120.48200
RCSS,TSA,Taipei Songshan International Airport,Taipei (Songshan),TW,TW-TPE,AS,large_airport,1,8547,25.06724,121.55282
RCTP,TPE,Taiwan Taoyuan International Airport,Taoyuan,TW,TW-TAO,AS,large_airport,2,12008,25.07770,121.23300
RCYU,HUN,Hualien Chiashan Airport,Hualien City,TW,TW-HUA,AS,large_airport,2,9022,24.02316,121.61799
RJAA,NRT,Narita International Airport,Narita,JP,JP-12,AS,large_airport,2,13123,35.76858,140.38871
RJAF,MMJ,Shinshu-Matsumoto Airport,Matsumoto,JP,JP-20,AS,medium_airport,1,6560,36.16680,137.92300
RJAH,IBR,Ibaraki Airport,Omitama,JP,JP-08,AS,large_airport,2,8858,36.18146,140.41443
RJAW,IWO,Ioto (Iwo Jima) Airbase,Ogasawara,JP,JP-13,AS,medium_airport,1,8700,24.78415,141.32261
RJBB,KIX,Kansai International Airport,Osaka,JP,JP-27,AS,large_airport,2,13123,34.42730,135.24400
RJBD,SHM,Nanki Shirahama Airport,Shirahama,JP,JP-30,AS,medium_airport,1,6560,33.66220,135.36400
RJBE,UKB,Kobe Airport,Kobe,JP,JP-28,AS,large_airport,1,8202,34.63280,135.22400
RJBT,TJH,Konotori Tajima Airport,Toyooka,JP,JP-28,AS,medium_airport,1,3937,35.51280,134.78700
RJCB,OBO,Tokachi-Obihiro Airport,Obihiro,JP,JP-01,AS,medium_airport,1,8202,42.73330,143.21700
RJCC,CTS,New Chitose Airport,Sapporo,JP,JP-01,AS,large_airport,2,9843,42.77475,141.69041
RJCH,HKD,Hakodate Airport,Hakodate,JP,JP-01,AS,large_airport,1,9842,41.77000,140.82201
RJCJ,,JASDF Chitose Air Base,Chitose,JP,JP-01,AS,medium_airport,2,13124,42.79450,141.66600
RJCK,KUH,Kushiro Airport,Kushiro,JP,JP-01,AS,medium_airport,1,8202,43.04100,144.19299
RJCM,MMB,Memanbetsu Airport,Ōzora,JP,JP-01,AS,medium_airport,1,8202,43.88060,144.16400
RJCN,SHB,Nakashibetsu Airport,Nakashibetsu,JP,JP-01,AS,medium_airport,1,6560,43.57750,144.96001
RJCO,OKD,Sapporo Okadama Airport,Sapporo,JP,JP-01,AS,medium_airport,1,4920,43.11745,141.38134
RJCS,,JASDF Kenebetsu Airfield,Betsukai,JP,JP-01,AS,medium_airport,0,,43.42515,144.74135
RJCT,,Tokachi Airport,Obihiro,JP,JP-01,AS,medium_airport,2,4920,42.89050,143.15801
RJCW,WKJ,Wakkanai Airport,Wakkanai,JP,JP-01,AS,medium_airport,1,6560,45.40420,141.80099
RJDA,AXJ,Amakusa Airport,Amakusa,JP,JP-43,AS,medium_airport,1,3281,32.48250,130.15900
RJDB,IKI,Iki Airport,Iki,JP,JP-42,AS,medium_airport,1,4331,33.74900,129.78500
RJDC,UBJ,Yamaguchi Ube Airport,Ube,JP,JP-35,AS,medium_airport,1,8200,33.93000,131.27901
RJDT,TSJ,Tsushima Airport,Tsushima,JP,JP-42,AS,medium_airport,1,6234,34.28490,129.33099
RJEB,MBE,Monbetsu Airport,Monbetsu,JP,JP-01,AS,medium_airport,1,6562,44.30390,143.40401
RJEC,AKJ,Asahikawa Airport,Higashikagura,JP,JP-01,AS,medium_airport,1,8200,43.67080,142.44701
RJEO,OIR,Okushiri Airport,Okushiri Island,JP,JP-01,AS,medium_airport,1,4922,42.07170,139.43300
RJER,RIS,Rishiri Airport,Rishiri,JP,JP-01,AS,medium_airport,1,5906,45.24200,141.18600
RJFA,,JASDF Ashiya Air Base,Ashiya,JP,JP-40,AS,medium_airport,1,5380,33.88310,130.65300
RJFC,KUM,Yakushima Airport,Yakushima,JP,JP-46,AS,medium_airport,1,4921,30.38560,130.65900
RJFE,FUJ,Fukue Airport,Goto,JP,JP-42,AS,medium_airport,1,6561,32.66630,128.83299
RJFF,FUK,Fukuoka Airport,Fukuoka,JP,JP-40,AS,large_airport,2,9186,33.58590,130.45100
RJFG,TNE,New Tanegashima Airport,Tanegashima,JP,JP-46,AS,medium_airport,1,6544,30.60510,130.99100
RJFK,KOJ,Kagoshima Airport,Kagoshima,JP,JP-46,AS,large_airport,1,9840,31.80340,130.71899
RJFM,KMI,Miyazaki Airport,Miyazaki,JP,JP-45,AS,large_airport,1,8200,31.87720,131.44900
RJFO,OIT,Oita Airport,Oita,JP,JP-44,AS,medium_airport,1,9840,33.47940,131.73700
RJFR,KKJ,Kitakyushu Airport,Kitakyushu,JP,JP-40,AS,large_airport,1,8202,33.84590,131.03500
RJFS,HSG,Kyushu Saga International Airport,Saga,JP,JP-41,AS,large_airport,1,6562,33.14970,130.30200
RJFT,KMJ,Kumamoto Airport,Kumamoto,JP,JP-43,AS,large_airport,1,9840,32.83730,130.85500
RJFU,NGS,Nagasaki Airport,Nagasaki,JP,JP-42,AS,large_airport,1,9840,32.91690,129.91400
RJFY,,JMSDF Kanoya Air Base,Kanoya,JP,JP-46,AS,medium_airport,2,7382,31.36672,130.83881
RJFZ,,JASDF Tsuiki Air Base,Tsuiki,JP,JP-40,AS,medium_airport,1,7870,33.68500,131.03999
RJGG,NGO,Chubu Centrair International Airport,Tokoname,JP,JP-23,AS,large_airport,1,11483,34.85840,136.80499
RJKA,ASJ,Amami Airport,Amami,JP,JP-46,AS,medium_airport,1,6560,28.43060,129.71300
RJKB,OKE,Okinoerabu Airport,Wadomari,JP,JP-46,AS,medium_airport,1,4430,27.43160,128.70556
RJKI,KKX,Kikai Airport,Kikai,JP,JP-46,AS,medium_airport,1,4307,28.32130,129.92799
RJKN,TKN,Tokunoshima Airport,Amagi,JP,JP-46,AS,medium_airport,1,6561,27.83638,128.88136
RJNA,NKM,Nagoya Airport / JASDF Komaki Air Base,Nagoya,JP,JP-23,AS,medium_airport,1,8990,35.25576,136.92409
RJNF,FKJ,Fukui Airport,Fukui,JP,JP-18,AS,medium_airport,1,4329,36.14280,136.22400
RJNG,QGU,Gifu Airport,Gifu,JP,JP-21,AS,medium_airport,1,8860,35.39410,136.86999
RJNH,,JASDF Hamamatsu Air Base,Hamamatsu,JP,JP-22,AS,medium_airport,1,8366,34.75020,137.70300
RJNK,KMQ,Komatsu Airport / JASDF Komatsu Air Base,Kanazawa,JP,JP-17,AS,large_airport,1,8876,36.39341,136.40689
RJNO,OKI,Oki Global Geopark Airport,Okinoshima,JP,JP-32,AS,medium_airport,2,6531,36.17839,133.32357
RJNS,FSZ,Mount Fuji Shizuoka Airport,Makinohara / Shimada,JP,JP-22,AS,large_airport,1,7218,34.79502,138.19098
RJNT,TOY,Toyama Kitokito Airport,Toyama,JP,JP-16,AS,medium_airport,1,6562,36.64842,137.18736
RJNW,NTQ,Noto Satoyama Airport,Wajima,JP,JP-17,AS,medium_airport,1,6562,37.29310,136.96201
RJNY,,JASDF Shizuhama Air Base,Yaizu,JP,JP-22,AS,medium_airport,1,4920,34.81280,138.29800
RJOA,HIJ,Hiroshima Airport,Hiroshima,JP,JP-34,AS,large_airport,1,9842,34.43610,132.91901
RJOB,OKJ,Okayama Momotaro Airport,Okayama,JP,JP-33,AS,large_airport,1,9843,34.75690,133.85500
RJOC,IZO,Izumo Enmusubi Airport,Izumo,JP,JP-32,AS,medium_airport,1,6562,35.41360,132.89000
RJOF,,JASDF Hofu Airfield,Hofu,JP,JP-35,AS,medium_airport,2,4856,34.03475,131.54872
RJOH,YGJ,Yonago Kitaro Airport / JASDF Miho Air Base,Yonago,JP,JP-31,AS,medium_airport,1,8202,35.49220,133.23599
RJOI,IWK,Iwakuni Kintaikyo Airport,Iwakuni,JP,JP-35,AS,medium_airport,2,8000,34.14633,132.24724
RJOK,KCZ,Kochi Ryoma Airport,Nankoku,JP,JP-39,AS,large_airport,1,8203,33.54522,133.67017
RJOM,MYJ,Matsuyama Airport,Matsuyama,JP,JP-38,AS,large_airport,1,8200,33.82689,132.70011
RJOO,ITM,Osaka Itami International Airport,Osaka,JP,JP-27,AS,large_airport,2,9840,34.78085,135.44083
RJOR,TTJ,Tottori Sand Dunes Conan Airport,Tottori,JP,JP-31,AS,medium_airport,1,6562,35.53006,134.16502
RJOS,TKS,Tokushima Awaodori Airport / JMSDF Tokushima Air Base,Tokushima,JP,JP-36,AS,large_airport,1,6560,34.13256,134.60782
RJOT,TAK,Takamatsu Airport,Takamatsu,JP,JP-37,AS,large_airport,1,8200,34.21496,134.01545
RJOW,IWJ,Iwami Airport,Masuda,JP,JP-32,AS,medium_airport,1,6562,34.67640,131.78999
RJOY,,Yao Airport,Yao,JP,JP-27,AS,medium_airport,2,4890,34.59630,135.60300
RJSA,AOJ,Aomori Airport,Aomori,JP,JP-02,AS,large_airport,1,9846,40.73378,140.68948
RJSC,GAJ,Yamagata Airport,Higashine,JP,JP-06,AS,medium_airport,1,6560,38.41190,140.37100
RJSD,SDS,Sado Airport,Sado,JP,JP-15,AS,medium_airport,1,3390,38.06020,138.41400
RJSF,FKS,Fukushima Airport,Sukagawa,JP,JP-07,AS,medium_airport,1,8202,37.22740,140.43100
RJSH,HHE,JMSDF Hachinohe Air Base / Hachinohe Airport,Hachinohe,JP,JP-02,AS,medium_airport,3,7380,40.55118,141.46543
RJSI,HNA,Iwate Hanamaki Airport,Hanamaki,JP,JP-03,AS,medium_airport,1,8202,39.42860,141.13500
RJSK,AXT,Akita Airport,Akita,JP,JP-05,AS,medium_airport,1,8200,39.61560,140.21899
RJSM,MSJ,Misawa Airport / Misawa Air Base,Misawa,JP,JP-02,AS,medium_airport,1,10000,40.70320,141.36800
RJSN,KIJ,Niigata Airport,Niigata,JP,JP-15,AS,large_airport,2,8200,37.95417,139.11219
RJSR,ONJ,Odate Noshiro Airport,Kitaakita,JP,JP-05,AS,medium_airport,1,6562,40.19190,140.37100
RJSS,SDJ,Sendai Airport,Natori,JP,JP-04,AS,large_airport,2,9842,38.13970,140.91701
RJST,,JASDF Matsushima Air Base,Ishinomaki,JP,JP-04,AS,medium_airport,2,8860,38.40490,141.22000
RJSY,SYO,Shonai Airport,Shonai,JP,JP-06,AS,medium_airport,1,6560,38.81220,139.78700
RJTA,NJA,JMSDF Atsugi Air Base / Naval Air Facility Atsugi,Ayase / Yamato,JP,JP-14,AS,medium_airport,1,8000,35.45460,139.45000
RJTE,,JMSDF Tateyama Air Base,Tateyama,JP,JP-12,AS,medium_airport,1,984,34.98710,139.82899
RJTF,,Chofu Airport,Chofu,JP,JP-13,AS,medium_airport,1,2625,35.67170,139.52800
RJTH,HAC,Hachijojima Airport,Hachijojima,JP,JP-13,AS,medium_airport,1,6563,33.11484,139.78564
RJTJ,,Iruma Air Base,Sayama,JP,JP-13,AS,medium_airport,1,6562,35.84190,139.41100
RJTK,,JGSDF Kisarazu Airfield,Kisarazu,JP,JP-12,AS,medium_airport,1,6004,35.39830,139.91000
RJTL,,JMSDF Shimofusa Air Base,Matsudo,JP,JP-12,AS,medium_airport,1,7380,35.79890,140.01100
RJTO,OIM,Oshima Airport,Izu Oshima,JP,JP-13,AS,medium_airport,1,5905,34.78200,139.36000
RJTQ,MYE,Miyakejima Airport,Miyakejima,JP,JP-13,AS,medium_airport,1,4350,34.07360,139.56000
RJTT,HND,Tokyo Haneda International Airport,Tokyo,JP,JP-13,AS,large_airport,4,11024,35.54968,139.78696
RJTU,,Utsunomiya Air Field,Utsunomiya,JP,JP-09,AS,medium_airport,1,5570,36.51450,139.87101
RJTY,OKO,Yokota Air Base,Fussa,JP,JP-13,AS,medium_airport,1,11000,35.74850,139.34801
RKJB,MWX,Muan International Airport,Muan (Piseo-ri),KR,KR-46,AS,large_airport,1,9186,34.99141,126.38281
RKJJ,KWJ,Gwangju Airport,Gwangju,KR,KR-29,AS,medium_airport,2,9300,35.12317,126.80544
RKJK,KUV,Gunsan Airport / Gunsan Air Base,Gunsan,KR,KR-45,AS,medium_airport,1,9000,35.90380,126.61600
RKJY,RSU,Yeosu Airport,Yeosu,KR,KR-46,AS,medium_airport,1,6890,34.84230,127.61700
RKNN,KAG,Gangneung Airport (K-18),Gangneung,KR,KR-42,AS,medium_airport,1,9000,37.75360,128.94392
RKNW,WJU,Wonju Airport / Hoengseong Air Base (K-38/K-46),Wonju,KR,KR-42,AS,medium_airport,1,9000,37.43711,127.96005
RKNY,YNY,Yangyang International Airport,Gonghang-ro,KR,KR-42,AS,large_airport,1,8202,38.06048,128.66982
RKPC,CJU,Jeju International Airport,Jeju City,KR,KR-49,AS,large_airport,2,10433,33.51206,126.49255
RKPD,JDG,Jeongseok Airport,Jeju Island,KR,KR-49,AS,medium_airport,2,7589,33.39960,126.71200
RKPK,PUS,Gimhae International Airport,Busan,KR,KR-26,AS,large_airport,2,10499,35.17950,128.93800
RKPS,HIN,Sacheon Airport / Sacheon Air Base,Sacheon,KR,KR-48,AS,medium_airport,2,9000,35.08859,128.07175
RKPU,USN,Ulsan Airport,Ulsan,KR,KR-31,AS,medium_airport,1,6561,35.59350,129.35201
RKSG,,Camp Humphreys (A-511) Desiderio Army Airfield,Pyeongtaek,KR,KR-41,AS,medium_airport,1,8217,36.96236,127.03113
RKSI,ICN,Incheon International Airport,Seoul,KR,KR-28,AS,large_airport,4,13123,37.46910,126.45100
RKSM,SSN,Seoul Air Base (K-16),Seongnam,KR,KR-41,AS,medium_airport,2,9700,37.44474,127.11272
RKSO,OSN,Osan Air Base,Pyeongtaek,KR,KR-41,AS,medium_airport,2,9004,37.09146,127.02945
RKSS,GMP,Seoul Gimpo International Airport,Seoul,KR,KR-11,AS,large_airport,2,11811,37.55830,126.79100
RKSW,SWU,Suwon Airport,Suwon,KR,KR-41,AS,medium_airport,3,9000,37.23940,127.00700
RKTH,KPO,Pohang Airport (G-815/K-3),Pohang,KR,KR-47,AS,medium_airport,1,7000,35.98795,129.42038
RKTI,JWO,Jungwon Air Base/Chungju Airport,Gimseang-ro,KR,KR-43,AS,medium_airport,2,9330,37.03024,127.88635
RKTN,TAE,Daegu International Airport,Daegu,KR,KR-27,AS,large_airport,2,9039,35.89439,128.65699
RKTU,CJJ,Cheongju International Airport/Cheongju Air Base (K-59/G-513),Cheongju,KR,KR-43,AS,large_airport,2,9000,36.71556,127.50029
RKTY,YEC,Yecheon Airbase,Yecheon-ri,KR,KR-47,AS,medium_airport,1,9000,36.63037,128.34971
ROAH,OKA,Naha International Airport,Naha,JP,JP-47,AS,large_airport,2,9840,26.19244,127.63980
RODN,DNA,Kadena Air Base,Okinawa,JP,JP-47,AS,large_airport,2,12100,26.35167,127.76944
ROIG,ISG,New Ishigaki Airport,Ishigaki,JP,JP-47,AS,medium_airport,1,6562,24.39639,124.24500
ROKJ,UEO,Kumejima Airport,Kumejima,JP,JP-47,AS,medium_airport,1,6562,26.36344,126.71384
ROMD,MMD,Minamidaito Airport,Minamidaito,JP,JP-47,AS,medium_airport,1,4921,25.84650,131.26300
ROMY,MMY,Miyako Airport,Miyakojima,JP,JP-47,AS,medium_airport,1,6560,24.78280,125.29500
RORE,IEJ,Iejima Airport,Ie,JP,JP-47,AS,medium_airport,1,4920,26.72254,127.78680
RORK,KTD,Kitadaito Airport,Kitadaitōjima,JP,JP-47,AS,medium_airport,1,4921,25.94470,131.32700
RORS,SHI,Shimojishima Airport,Miyakojima,JP,JP-47,AS,medium_airport,1,9842,24.82670,125.14500
RORT,TRA,Tarama Airport,Tarama,JP,JP-47,AS,medium_airport,1,4921,24.65379,124.67545
RORY,RNJ,Yoron Airport,Yoron,JP,JP-46,AS,medium_airport,1,4340,27.04385,128.40165
ROTM,,Futenma Marine Corps Air Station,,JP,JP-47,AS,medium_airport,1,9000,26.27430,127.75600
ROYN,OGN,Yonaguni Airport,Yonaguni,JP,JP-47,AS,medium_airport,1,4920,24.46730,122.97983
RPLB,SFS,Subic Bay International Airport / Naval Air Station Cubi Point,Olongapo,PH,PH-ZMB,AS,large_airport,1,9003,14.79483,120.27188
RPLC,CRK,Clark International Airport / Clark Air Base,Mabalacat,PH,PH-PAM,AS,large_airport,1,10499,15.18600,120.56000
RPLH,LLC,Cagayan North International Airport,Lal-lo,PH,PH-CAG,AS,medium_airport,1,6890,18.18239,121.74622
RPLI,LAO,Laoag International Airport,Laoag City,PH,PH-ILN,AS,large_airport,1,9120,18.17509,120.53101
RPLK,DRP,Bicol International Airport,Legazpi,PH,PH-ALB,AS,large_airport,1,8202,13.11191,123.67683
RPLL,MNL,Ninoy Aquino International Airport,Manila (Pasay),PH,PH-00,AS,large_airport,2,12261,14.50860,121.02000
RPLS,SGL,Danilo Atienza Air Base,Cavite,PH,PH-CAV,AS,medium_airport,1,7769,14.49540,120.90400
RPLT,,Itbayat Jorge Abad Airport,Itbayat,PH,PH-BTN,AS,medium_airport,1,2628,20.72252,121.80997
RPLU,LBX,Lubang Airport,Lubang,PH,PH-MDC,AS,medium_airport,1,4135,13.85540,120.10500
RPMA,AAV,Allah Valley Airport,Surallah,PH,PH-SCO,AS,medium_airport,1,4396,6.36790,124.75243
RPMB,,Rajah Buayan Air Base,General Santos City,PH,PH-SCO,AS,medium_airport,1,5577,6.10548,125.23488
RPMC,CBO,Cotabato (Awang) Airport,Datu Odin Sinsuat,PH,PH-MDN,AS,medium_airport,1,6234,7.16475,124.20994
RPMD,DVO,Francisco Bangoy International Airport,Davao,PH,PH-DVO,AS,large_airport,1,9842,7.12552,125.64600
RPME,BXU,Bancasi Airport,Butuan,PH,PH-BTC,AS,medium_airport,1,6877,8.95150,125.47880
RPMF,BPH,Bislig Airport,Bislig,PH,PH-SUR,AS,medium_airport,1,3937,8.19505,126.32102
RPMG,DPL,Dipolog Airport,Dipolog,PH,PH-ZAN,AS,medium_airport,1,6273,8.60198,123.34188
RPMH,CGM,Camiguin Airport,Mambajao,PH,PH-CAM,AS,medium_airport,1,3945,9.25389,124.70911
RPMJ,JOL,Jolo Airport,Jolo,PH,PH-SLU,AS,medium_airport,1,4144,6.05367,121.01100
RPMN,TWT,Sanga Sanga Airport,Bongao,PH,PH-TAW,AS,medium_airport,1,6102,5.04820,119.74334
RPMO,OZC,Labo Airport,Ozamiz,PH,PH-MSC,AS,medium_airport,1,5720,8.17851,123.84200
RPMP,PAG,Pagadian Airport,Pagadian,PH,PH-ZAS,AS,medium_airport,1,6574,7.82563,123.45964
RPMQ,MXI,Mati National Airport,Mati,PH,PH-DAO,AS,medium_airport,1,5330,6.94909,126.27368
RPMR,GES,General Santos International Airport,General Santos,PH,PH-SCO,AS,large_airport,1,10587,6.05721,125.09624
RPMS,SUG,Surigao Airport,Surigao City,PH,PH-SUN,AS,medium_airport,1,5603,9.75584,125.48095
RPMW,TDG,Tandag Airport,Tandag,PH,PH-SUR,AS,medium_airport,1,4765,9.07200,126.17132
RPMY,CGY,Laguindingan International Airport,Laguindingan,PH,PH-MSR,AS,large_airport,1,6890,8.61220,124.45650
RPMZ,ZAM,Zamboanga International Airport,Zamboanga,PH,PH-ZMC,AS,large_airport,1,8560,6.92242,122.06000
RPSP,TAG,Bohol-Panglao International Airport,Panglao,PH,PH-BOH,AS,large_airport,1,8202,9.57305,123.77014
RPUB,BAG,Loakan Airport,Baguio,PH,PH-BAG,AS,medium_airport,1,5912,16.37503,120.61995
RPUD,DTE,Daet Airport,Daet,PH,PH-CAN,AS,medium_airport,1,3773,14.12920,122.98000
RPUH,SJI,San Jose Airport,San Jose,PH,PH-MDC,AS,medium_airport,1,6024,12.36150,121.04700
RPUM,MBO,Mamburao Airport,Mamburao,PH,PH-MDC,AS,medium_airport,1,4265,13.20805,120.60546
RPUN,WNP,Naga Airport,Naga,PH,PH-CAS,AS,medium_airport,1,4599,13.58490,123.27000
RPUO,BSO,Basco Airport,Basco,PH,PH-BTN,AS,medium_airport,1,4101,20.45130,121.98000
RPUR,BQA,Dr. Juan C. Angara Airport,Baler,PH,PH-AUR,AS,medium_airport,1,3937,15.72931,121.50003
RPUS,SFE,San Fernando Airport,San Fernando,PH,PH-LUN,AS,medium_airport,1,3937,16.59560,120.30300
RPUT,TUG,Tuguegarao Airport,Tuguegarao City,PH,PH-CAG,AS,medium_airport,1,6455,17.64337,121.73315
RPUV,VRC,Virac Airport,Virac,PH,PH-CAT,AS,medium_airport,1,5118,13.57640,124.20600
RPUW,MRQ,Marinduque Airport,Gasan,PH,PH-MAD,AS,medium_airport,1,4785,13.36100,121.82600
RPUY,CYZ,Cauayan Airport,Cauayan City,PH,PH-ISA,AS,medium_airport,1,6890,16.92990,121.75300
RPVA,TAC,Daniel Z. Romualdez Airport,Tacloban City,PH,PH-LEY,AS,medium_airport,1,7014,11.22776,125.02778
RPVB,BCD,Bacolod-Silay International Airport,Bacolod City,PH,PH-NEC,AS,large_airport,1,6562,10.77624,123.01888
RPVC,CYP,Calbayog Airport,Calbayog City,PH,PH-WSA,AS,medium_airport,1,4843,12.07257,124.54508
RPVD,DGT,Sibulan Airport,Dumaguete City,PH,PH-NER,AS,medium_airport,1,6220,9.33418,123.30191
RPVE,MPH,Godofredo P. Ramos Airport,Caticlan,PH,PH-AKL,AS,medium_airport,1,5905,11.92450,121.95400
RPVF,CRM,Catarman National Airport,Catarman,PH,PH-NSA,AS,medium_airport,1,4429,12.50161,124.63526
RPVI,ILO,Iloilo International Airport,Cabatuan,PH,PH-ILI,AS,large_airport,1,8202,10.83302,122.49336
RPVJ,MBT,Moises R. Espinosa Airport,Masbate,PH,PH-MAS,AS,medium_airport,1,4199,12.36968,123.63009
RPVK,KLO,Kalibo International Airport,Kalibo,PH,PH-AKL,AS,large_airport,1,7175,11.67940,122.37600
RPVM,CEB,Mactan Cebu International Airport,Cebu City/Lapu-Lapu City,PH,PH-CEB,AS,large_airport,2,10860,10.30926,123.97974
RPVO,OMC,Ormoc Airport,Ormoc City,PH,PH-LEY,AS,medium_airport,1,6120,11.05771,124.56562
RPVP,PPS,Puerto Princesa International Airport / PAF Antonio Bautista Air Base,Puerto Princesa,PH,PH-PLW,AS,large_airport,1,8530,9.74204,118.75911
RPVR,RXS,Roxas Airport,Roxas City,PH,PH-CAP,AS,medium_airport,1,6201,11.59770,122.75200
RPVS,EUQ,Evelio Javier Airport,San Jose,PH,PH-ANT,AS,medium_airport,1,3937,10.76664,121.93251
RPVU,TBH,Tugdan Airport,Tablas Island,PH,PH-ROM,AS,medium_airport,1,4560,12.31100,122.08500
RPVV,USU,Francisco B. Reyes (Busuanga) Airport,Coron,PH,PH-PLW,AS,medium_airport,1,3300,12.12186,120.10080
SAAC,COC,Comodoro Pierrestegui Airport,Concordia,AR,AR-E,SA,medium_airport,1,5249,-31.29690,-57.99660
SAAG,GHU,Gualeguaychu Airport,Gualeguaychu,AR,AR-E,SA,medium_airport,2,4364,-33.00557,-58.61283
SAAP,PRA,General Urquiza Airport,Parana,AR,AR-E,SA,medium_airport,1,6890,-31.79480,-60.48040
SAAR,ROS,Rosario Islas Malvinas International Airport,Rosario,AR,AR-S,SA,large_airport,1,9842,-32.90360,-60.78500
SAAV,SFN,Sauce Viejo Airport,Santa Fe,AR,AR-S,SA,medium_airport,1,7628,-31.71170,-60.81170
SABE,AEP,Aeroparque Jorge Newbery,Buenos Aires,AR,AR-C,SA,large_airport,1,7710,-34.55942,-58.41554
SACO,COR,Ingeniero Aeronáutico Ambrosio L.V. Taravella International Airport,Cordoba,AR,AR-X,SA,large_airport,2,10499,-31.31235,-64.20833
SACT,,Chamical Airport,Gobernador Gordillo,AR,AR-F,SA,medium_airport,0,,-30.34530,-66.29407
SADF,,San Fernando Airport,San Fernando,AR,AR-B,SA,medium_airport,1,5909,-34.45320,-58.58960
SADL,LPG,La Plata Airport,La Plata,AR,AR-B,SA,medium_airport,1,4682,-34.97220,-57.89470
SADP,EPA,El Palomar Airport,El Palomar,AR,AR-B,SA,medium_airport,1,6923,-34.60990,-58.61260
SAEZ,EZE,Ezeiza International Airport - Ministro Pistarini,Buenos Aires (Ezeiza),AR,AR-B,SA,large_airport,2,10827,-34.82220,-58.53580
SAHS,RDS,Rincon De Los Sauces Airport,Rincon de los Sauces,AR,AR-Q,SA,medium_airport,1,4921,-37.39060,-68.90420
SAHZ,APZ,Zapala Airport,Zapala,AR,AR-Q,SA,medium_airport,1,7218,-38.97550,-70.11360
SAME,MDZ,Governor Francisco Gabrielli International Airport,Mendoza,AR,AR-M,SA,large_airport,1,9301,-32.83170,-68.79290
SAMM,LGS,Comodoro D.R. Salomón Airport,Malargue,AR,AR-M,SA,medium_airport,2,8694,-35.49360,-69.57430
SAMR,AFA,Suboficial Ay Santiago Germano Airport,San Rafael,AR,AR-M,SA,medium_airport,1,6923,-34.58830,-68.40390
SANC,CTC,Coronel Felipe Varela International Airport,Catamarca,AR,AR-K,SA,medium_airport,1,9186,-28.59312,-65.75120
SANE,SDE,Vicecomodoro Angel D. La Paz Aragonés Airport,Santiago del Estero,AR,AR-G,SA,medium_airport,1,7946,-27.76556,-64.31000
SANL,IRJ,Capitan V A Almonacid Airport,La Rioja,AR,AR-F,SA,medium_airport,1,9383,-29.38160,-66.79580
SANR,RHD,Termas de Río Hondo international Airport,Termas de Río Hondo,AR,AR-G,SA,medium_airport,1,8232,-27.49660,-64.93595
SANT,TUC,Teniente Benjamín Matienzo International Airport,San Miguel de Tucumán,AR,AR-T,SA,large_airport,1,11483,-26.83740,-65.10420
SANU,UAQ,Domingo Faustino Sarmiento Airport,San Juan,AR,AR-J,SA,medium_airport,1,8071,-31.57150,-68.41820
SAOC,RCU,Area De Material Airport,Rio Cuarto,AR,AR-X,SA,medium_airport,2,7431,-33.08510,-64.26130
SAOD,VDR,Villa Dolores Airport,Villa Dolores,AR,AR-X,SA,medium_airport,1,4593,-31.94520,-65.14630
SAOR,VME,Villa Reynolds Airport,Villa Mercedes,AR,AR-D,SA,medium_airport,2,7874,-33.72990,-65.38740
SAOU,LUQ,Brigadier Mayor D Cesar Raul Ojeda Airport,San Luis,AR,AR-D,SA,medium_airport,1,9678,-33.27320,-66.35640
SAOV,,Presidente Néstor Kirchner Regional Airport,Villa Maria,AR,AR-X,SA,medium_airport,0,,-32.32010,-63.22663
SARC,CNQ,Corrientes Airport,Corrientes,AR,AR-W,SA,medium_airport,1,6890,-27.44550,-58.76190
SARE,RES,Resistencia International Airport,Resistencia,AR,AR-H,SA,large_airport,1,9088,-27.44991,-59.05613
SARF,FMA,Formosa National Airport,Formosa,AR,AR-P,SA,medium_airport,1,5905,-26.21270,-58.22810
SARI,IGR,Cataratas Del Iguazú International Airport,Puerto Iguazu,AR,AR-N,SA,medium_airport,1,10827,-25.73730,-54.47340
SARL,AOL,Paso De Los Libres Airport,Paso de los Libres,AR,AR-W,SA,medium_airport,1,7415,-29.68940,-57.15210
SARM,MCS,Monte Caseros Airport,Monte Caseros,AR,AR-W,SA,medium_airport,2,4323,-30.27190,-57.64020
SARP,PSS,Libertador Gral D Jose De San Martin Airport,Posadas,AR,AR-N,SA,medium_airport,1,7388,-27.38580,-55.97070
SASA,SLA,Martín Miguel de Güemes International Airport,Salta,AR,AR-A,SA,large_airport,2,9842,-24.85600,-65.48620
SASJ,JUJ,Gobernador Horacio Guzman International Airport,San Salvador de Jujuy,AR,AR-Y,SA,large_airport,1,9698,-24.39280,-65.09780
SASO,ORA,Orán Airport,Orán,AR,AR-A,SA,medium_airport,1,4839,-23.15280,-64.32920
SAST,TTG,General Enrique Mosconi Airport,Tartagal,AR,AR-A,SA,medium_airport,1,4921,-22.61688,-63.79301
SATG,OYA,Goya Airport,Goya,AR,AR-W,SA,medium_airport,1,7415,-29.10580,-59.21890
SATR,RCQ,Reconquista Airport,Reconquista,AR,AR-S,SA,medium_airport,2,9186,-29.21028,-59.68333
SATU,UZU,Curuzu Cuatia Airport,Curuzu Cuatia,AR,AR-W,SA,medium_airport,1,7054,-29.77060,-57.97890
SAVB,EHL,El Bolsón Airfield,El Bolsón,AR,AR-R,SA,medium_airport,1,4265,-41.94320,-71.53230
SAVC,CRD,General Enrique Mosconi International Airport,Comodoro Rivadavia,AR,AR-U,SA,large_airport,1,9219,-45.78694,-67.46336
SAVE,EQS,Esquel Brigadier Antonio Parodi International Airport,Esquel,AR,AR-U,SA,medium_airport,2,7874,-42.90800,-71.13950
SAVH,LHS,Las Heras Airport,Las Heras,AR,AR-Z,SA,medium_airport,1,4593,-46.53852,-68.96532
SAVT,REL,Almirante Marco Andres Zar Airport,Rawson,AR,AR-U,SA,medium_airport,1,8399,-43.21050,-65.27030
SAVV,VDM,Gobernador Castello Airport,Viedma / Carmen de Patagones,AR,AR-R,SA,medium_airport,2,8366,-40.86920,-63.00040
SAVY,PMY,El Tehuelche Airport,Puerto Madryn,AR,AR-U,SA,medium_airport,1,8202,-42.75920,-65.10270
SAWC,FTE,El Calafate - Commander Armando Tola International Airport,El Calafate,AR,AR-Z,SA,medium_airport,1,8366,-50.28027,-72.05340
SAWD,PUD,Puerto Deseado Airport,Puerto Deseado,AR,AR-Z,SA,medium_airport,1,4921,-47.73530,-65.90410
SAWE,RGA,Gobernador Ramón Trejo Noel International Airport,Rio Grande,AR,AR-V,SA,medium_airport,1,6562,-53.77770,-67.74940
SAWG,RGL,Piloto Civil Norberto Fernández International Airport,Rio Gallegos,AR,AR-Z,SA,large_airport,1,9022,-51.60879,-69.30895
SAWH,USH,Ushuaia - Malvinas Argentinas International Airport,Ushuaia,AR,AR-V,SA,medium_airport,1,9186,-54.84330,-68.29580
SAWJ,ULA,Capitan D Daniel Vazquez Airport,San Julian,AR,AR-Z,SA,medium_airport,1,6562,-49.30682,-67.80260
SAWP,PMQ,Perito Moreno Jalil Hamer Airport,Perito Moreno,AR,AR-Z,SA,medium_airport,3,5577,-46.53790,-70.97870
SAWU,RZA,Santa Cruz Airport,Puerto Santa Cruz,AR,AR-Z,SA,medium_airport,1,6561,-50.01650,-68.57920
SAZB,BHI,Comandante Espora Airport,Bahía Blanca,AR,AR-B,SA,medium_airport,3,7907,-38.72500,-62.16930
SAZG,GPO,General Pico Airport,General Pico,AR,AR-L,SA,medium_airport,2,7710,-35.69620,-63.75830
SAZH,OYO,Tres Arroyos Airport,Tres Arroyos,AR,AR-B,SA,medium_airport,3,3934,-38.38690,-60.32970
SAZL,SST,Santa Teresita Airport,Santa Teresita,AR,AR-B,SA,medium_airport,1,4921,-36.54230,-56.72180
SAZM,MDQ,Ástor Piazzola International Airport,Mar del Plata,AR,AR-B,SA,medium_airport,1,7218,-37.93420,-57.57330
SAZN,NQN,Presidente Perón International Airport,Neuquén,AR,AR-Q,SA,large_airport,1,8432,-38.94900,-68.15570
SAZO,NEC,Necochea Airport,Necochea,AR,AR-B,SA,medium_airport,3,4921,-38.49075,-58.81634
SAZP,PEH,Comodoro Pedro Zanni Airport,Pehuajó,AR,AR-B,SA,medium_airport,1,4921,-35.84460,-61.85760
SAZR,RSA,Santa Rosa Airport,Santa Rosa,AR,AR-L,SA,medium_airport,1,7546,-36.58830,-64.27570
SAZS,BRC,Teniente Luis Candelaria International Airport,San Carlos de Bariloche,AR,AR-R,SA,large_airport,1,7703,-41.15120,-71.15750
SAZT,TDL,Héroes de Malvinas Airport,Tandil,AR,AR-B,SA,medium_airport,1,8366,-37.23463,-59.22865
SAZV,VLG,Villa Gesell Airport,Villa Gesell,AR,AR-B,SA,medium_airport,1,5220,-37.23540,-57.02920
SAZW,CUT,Cutral-Co Airport,Cutral-Co,AR,AR-Q,SA,medium_airport,2,5558,-38.93970,-69.26460
SAZY,CPC,Aviador C. Campos Airport,Chapelco/San Martin de los Andes,AR,AR-Q,SA,medium_airport,1,8205,-40.07540,-71.13730
SBAA,CDJ,Conceição do Araguaia Airport,Conceição do Araguaia,BR,BR-PA,SA,medium_airport,1,5906,-8.34835,-49.30150
SBAC,ARX,Aracati Dragão do Mar Regional Airport,Aracati,BR,BR-CE,SA,medium_airport,1,5906,-4.56890,-37.80513
SBAE,JTC,Bauru/Arealva–Moussa Nakhal Tobias State Airport,Bauru,BR,BR-SP,SA,medium_airport,1,6594,-22.16076,-49.07032
SBAF,,Campo Délio Jardim de Mattos Airport,Rio de Janeiro,BR,BR-RJ,SA,medium_airport,1,6565,-22.87510,-43.38470
SBAN,,Anápolis Airbase,Anápolis,BR,BR-GO,SA,medium_airport,2,10827,-16.22920,-48.96430
SBAQ,AQA,Araraquara Airport,Araraquara,BR,BR-SP,SA,medium_airport,1,5907,-21.81200,-48.13300
SBAR,AJU,Aracaju - Santa Maria Airport,Aracaju,BR,BR-SE,SA,medium_airport,1,7218,-10.98394,-37.07287
SBAT,AFL,Piloto Osvaldo Marques Dias Airport,Alta Floresta,BR,BR-MT,SA,medium_airport,1,8202,-9.86639,-56.10630
SBAU,ARU,Araçatuba Airport,Araçatuba,BR,BR-SP,SA,medium_airport,1,6955,-21.14148,-50.42457
SBAX,AAX,Romeu Zema Airport,Araxá,BR,BR-MG,SA,medium_airport,1,6234,-19.56320,-46.96040
SBBE,BEL,Val de Cans/Júlio Cezar Ribeiro International Airport,Belém,BR,BR-PA,SA,large_airport,2,9186,-1.37928,-48.47621
SBBG,BGX,Comandante Gustavo Kraemer Airport,Bagé,BR,BR-RS,SA,medium_airport,2,4921,-31.39050,-54.11220
SBBH,PLU,Pampulha - Carlos Drummond de Andrade Airport,Belo Horizonte,BR,BR-MG,SA,medium_airport,1,8333,-19.85074,-43.95032
SBBI,BFH,Bacacheri Airport,Curitiba,BR,BR-PR,SA,medium_airport,1,4560,-25.40510,-49.23200
SBBQ,,Major Brigadeiro Doorgal Borges Airport,Barbacena,BR,BR-MG,SA,medium_airport,1,5774,-21.26720,-43.76101
SBBR,BSB,Presidente Juscelino Kubitschek International Airport,Brasília,BR,BR-DF,SA,large_airport,2,10827,-15.86917,-47.92083
SBBV,BVB,Atlas Brasil Cantanhede International Airport,Boa Vista,BR,BR-RR,SA,large_airport,1,8858,2.84615,-60.69065
SBBW,BPG,Barra do Garças Airport,Barra do Garças,BR,BR-MT,SA,medium_airport,1,5243,-15.86142,-52.38901
SBCA,CAC,Coronel Adalberto Mendes da Silva Airport,Cascavel,BR,BR-PR,SA,medium_airport,1,5810,-25.00032,-53.50121
SBCC,,Campo de Provas Brigadeiro Veloso,Novo Progresso,BR,BR-PA,SA,medium_airport,1,8527,-9.33394,-54.96540
SBCF,CNF,Tancredo Neves International Airport,Belo Horizonte,BR,BR-MG,SA,large_airport,1,11811,-19.63571,-43.96693
SBCG,CGR,Campo Grande Airport,Campo Grande,BR,BR-MS,SA,medium_airport,2,8530,-20.47000,-54.67399
SBCH,XAP,Serafin Enoss Bertaso Airport,Chapecó,BR,BR-SC,SA,medium_airport,1,6758,-27.13420,-52.65660
SBCI,CLN,Brig. Lysias Augusto Rodrigues Airport,Carolina,BR,BR-MA,SA,medium_airport,1,5906,-7.32044,-47.45870
SBCJ,CKS,Carajás Airport,Parauapebas,BR,BR-PA,SA,medium_airport,1,6562,-6.11784,-50.00337
SBCO,QNS,Canoas Air Force Base,Porto Alegre,BR,BR-RS,SA,medium_airport,1,9026,-29.94593,-51.14441
SBCP,CAW,Bartolomeu Lisandro Airport,Campos dos Goytacazes,BR,BR-RJ,SA,medium_airport,1,5066,-21.69830,-41.30170
SBCR,CMG,Corumbá International Airport,Corumbá,BR,BR-MS,SA,medium_airport,1,4921,-19.01193,-57.67277
SBCT,CWB,Curitiba-Afonso Pena International Airport,Curitiba,BR,BR-PR,SA,large_airport,2,7277,-25.52850,-49.17580
SBCX,CXJ,Hugo Cantergiani Regional Airport,Caxias Do Sul,BR,BR-RS,SA,medium_airport,1,5479,-29.19718,-51.18765
SBCY,CGB,Várzea Grande–Marechal Rondon International Airport,Cuiabá,BR,BR-MT,SA,large_airport,1,7546,-15.65290,-56.11670
SBCZ,CZS,Cruzeiro do Sul Airport,Cruzeiro Do Sul,BR,BR-AC,SA,medium_airport,1,7874,-7.59991,-72.76950
SBDN,PPB,Presidente Prudente Airport,Presidente Prudente,BR,BR-SP,SA,medium_airport,1,6923,-22.17510,-51.42460
SBEG,MAO,Eduardo Gomes International Airport,Manaus,BR,BR-AM,SA,large_airport,1,8858,-3.03861,-60.04970
SBEK,JCR,Jacareacanga Airport,Jacareacanga,BR,BR-PA,SA,medium_airport,1,5249,-6.23316,-57.77690
SBFI,IGU,Cataratas International Airport,Foz do Iguaçu,BR,BR-PR,SA,large_airport,1,8875,-25.59417,-54.48944
SBFL,FLN,Hercílio Luz International Airport,Florianópolis,BR,BR-SC,SA,large_airport,2,7874,-27.67028,-48.55250
SBFN,FEN,Fernando de Noronha Airport,Fernando de Noronha,BR,BR-PE,SA,medium_airport,1,6053,-3.85453,-32.42302
SBFZ,FOR,Pinto Martins International Airport,Fortaleza,BR,BR-CE,SA,large_airport,1,9039,-3.77583,-38.53222
SBGL,GIG,Rio de Janeiro Galeão – Tom Jobim International Airport,Rio De Janeiro,BR,BR-RJ,SA,large_airport,2,13123,-22.81000,-43.25056
SBGM,GJM,Guajará-Mirim Airport,Guajará-Mirim,BR,BR-RO,SA,medium_airport,1,5889,-10.78641,-65.28486
SBGO,GYN,Santa Genoveva International Airport,Goiânia,BR,BR-GO,SA,large_airport,1,7500,-16.63200,-49.22070
SBGR,GRU,São Paulo/Guarulhos–Governor André Franco Montoro International Airport,São Paulo,BR,BR-SP,SA,large_airport,2,12139,-23.43127,-46.46995
SBGV,GVR,Coronel Altino Machado Airport,Governador Valadares,BR,BR-MG,SA,medium_airport,1,5581,-18.89588,-41.98287
SBGW,GUJ,Edu Chaves Field,Guaratinguetá,BR,BR-SP,SA,medium_airport,1,5089,-22.79160,-45.20480
SBHT,ATM,Altamira Interstate Airport,Altamira,BR,BR-PA,SA,medium_airport,1,6572,-3.25314,-52.25394
SBIC,ITA,Itacoatiara Airport,Itacoatiara,BR,BR-AM,SA,medium_airport,1,4970,-3.12654,-58.48167
SBIH,ITB,Itaituba Airport,Itaituba,BR,BR-PA,SA,medium_airport,1,5577,-4.24213,-56.00065
SBIL,IOS,Bahia - Jorge Amado Airport,Ilhéus,BR,BR-BA,SA,medium_airport,1,5174,-14.81593,-39.03346
SBIP,IPN,Usiminas Airport,Ipatinga,BR,BR-MG,SA,medium_airport,1,6575,-19.47070,-42.48760
SBIZ,IMP,Prefeito Renato Moreira Airport,Imperatriz,BR,BR-MA,SA,medium_airport,1,5899,-5.53129,-47.46000
SBJE,JJD,Comandante Ariston Pessoa Airport,Cruz,BR,BR-CE,SA,medium_airport,1,7218,-2.90643,-40.35734
SBJF,JDF,Francisco de Assis Airport,Juiz de Fora,BR,BR-MG,SA,medium_airport,1,5036,-21.79148,-43.38607
SBJH,JHF,São Paulo Catarina Executive Airport,São Roque,BR,BR-SP,SA,medium_airport,1,8104,-23.42689,-47.16566
SBJP,JPA,Presidente Castro Pinto International Airport,João Pessoa,BR,BR-PB,SA,large_airport,1,8251,-7.14869,-34.95055
SBJR,RRJ,Jacarepaguá - Roberto Marinho Airport,Rio de Janeiro,BR,BR-RJ,SA,medium_airport,1,2952,-22.98677,-43.37219
SBJV,JOI,Lauro Carneiro de Loyola Airport,Joinville,BR,BR-SC,SA,medium_airport,1,5381,-26.22450,-48.79740
SBKG,CPV,Presidente João Suassuna Airport,Campina Grande,BR,BR-PB,SA,medium_airport,1,5135,-7.26966,-35.89606
SBKP,VCP,Viracopos International Airport,Campinas,BR,BR-SP,SA,large_airport,1,10630,-23.00740,-47.13450
SBLJ,LAJ,Lages Airport,Lages,BR,BR-SC,SA,medium_airport,1,5020,-27.78210,-50.28150
SBLO,LDB,Governor José Richa Airport,Londrina,BR,BR-PR,SA,medium_airport,1,6890,-23.33438,-51.12837
SBLP,LAZ,Bom Jesus da Lapa Airport,Bom Jesus da Lapa,BR,BR-BA,SA,medium_airport,1,3973,-13.26210,-43.40810
SBMA,MAB,João Correa da Rocha Airport,Marabá,BR,BR-PA,SA,medium_airport,1,6562,-5.36859,-49.13800
SBMD,MEU,Monte Dourado - Serra do Areão Airport,Almeirim,BR,BR-PA,SA,medium_airport,1,5906,-0.88984,-52.60220
SBME,MEA,Macaé Benedito Lacerda Airport,Macaé,BR,BR-RJ,SA,medium_airport,1,3937,-22.34300,-41.76600
SBMG,MGF,Regional de Maringá - Sílvio Name Júnior Airport,Maringá,BR,BR-PR,SA,medium_airport,1,7783,-23.47606,-52.01619
SBMK,MOC,Mário Ribeiro Airport,Montes Claros,BR,BR-MG,SA,medium_airport,1,6890,-16.70692,-43.81890
SBML,MII,Frank Miloye Milenkowichi–Marília State Airport,Marília,BR,BR-SP,SA,medium_airport,1,4921,-22.19690,-49.92648
SBMN,PLL,Ponta Pelada Airport / Manaus Air Base,Manaus,BR,BR-AM,SA,medium_airport,1,7119,-3.14604,-59.98630
SBMO,MCZ,Zumbi dos Palmares International Airport,Maceió,BR,BR-AL,SA,large_airport,1,8537,-9.51256,-35.79184
SBMQ,MCP,Macapá - Alberto Alcolumbre International Airport,Macapá,BR,BR-AP,SA,medium_airport,1,6890,0.05066,-51.07220
SBMS,MVF,Dix-Sept Rosado Airport,Mossoró,BR,BR-RN,SA,medium_airport,1,6562,-5.20192,-37.36430
SBMT,RTE,Campo de Marte Airport,São Paulo,BR,BR-SP,SA,medium_airport,1,5249,-23.50910,-46.63780
SBMY,MNX,Manicoré Airport,Manicoré,BR,BR-AM,SA,medium_airport,1,4199,-5.81138,-61.27830
SBNF,NVT,Ministro Victor Konder International Airport,Navegantes,BR,BR-SC,SA,large_airport,1,5906,-26.87943,-48.65098
SBNM,GEL,Santo Ângelo Airport,Santo Ângelo,BR,BR-RS,SA,medium_airport,1,5331,-28.28250,-54.16962
SBNT,,Natal Air Force Base,Natal,BR,BR-RN,SA,medium_airport,3,8530,-5.91142,-35.24770
SBOI,OYK,Oiapoque Airport,Oiapoque,BR,BR-AP,SA,medium_airport,1,3937,3.85412,-51.79706
SBPA,POA,Porto Alegre-Salgado Filho International Airport,Porto Alegre,BR,BR-RS,SA,large_airport,1,10499,-29.99398,-51.16748
SBPB,PHB,Parnaíba - Prefeito Doutor João Silva Filho International Airport,Parnaíba,BR,BR-PI,SA,medium_airport,1,6890,-2.89375,-41.73200
SBPC,POO,Poços de Caldas - Embaixador Walther Moreira Salles Airport,Poços De Caldas,BR,BR-MG,SA,medium_airport,1,4970,-21.84253,-46.56977
SBPF,PFB,Lauro Kurtz Airport,Passo Fundo,BR,BR-RS,SA,medium_airport,1,5512,-28.24398,-52.32777
SBPG,PGZ,Ponta Grossa Airport - Comandante Antonio Amilton Beraldo,Ponta Grossa,BR,BR-PR,SA,medium_airport,1,4692,-25.18448,-50.14382
SBPJ,PMW,Brigadeiro Lysias Rodrigues Airport,Palmas,BR,BR-TO,SA,medium_airport,2,8202,-10.29150,-48.35700
SBPK,PET,João Simões Lopes Neto International Airport,Pelotas,BR,BR-RS,SA,medium_airport,1,6496,-31.71719,-52.32780
SBPL,PNZ,Senador Nilo Coelho Airport,Petrolina,BR,BR-PE,SA,medium_airport,1,9055,-9.36242,-40.56910
SBPP,PMG,Ponta Porã Airport,Ponta Porã,BR,BR-MS,SA,medium_airport,1,6562,-22.54960,-55.70260
SBPS,BPS,Porto Seguro International Airport,Porto Seguro,BR,BR-BA,SA,large_airport,1,6562,-16.43843,-39.08058
SBPV,PVH,Governador Jorge Teixeira de Oliveira International Airport,Porto Velho,BR,BR-RO,SA,large_airport,1,7874,-8.70849,-63.90234
SBRB,RBR,Rio Branco-Plácido de Castro International Airport,Rio Branco,BR,BR-AC,SA,large_airport,1,7080,-9.86903,-67.89398
SBRD,ROO,Maestro Marinho Franco Airport,Rondonópolis,BR,BR-MT,SA,medium_airport,1,6070,-16.58429,-54.72480
SBRF,REC,Recife/Guararapes - Gilberto Freyre International Airport,Recife,BR,BR-PE,SA,large_airport,1,9865,-8.12747,-34.92296
SBRJ,SDU,Santos Dumont Airport,Rio de Janeiro,BR,BR-RJ,SA,large_airport,2,4341,-22.91040,-43.16282
SBRP,RAO,Leite Lopes Airport,Ribeirão Preto,BR,BR-SP,SA,medium_airport,1,6890,-21.13431,-47.77405
SBSC,SNZ,Santa Cruz Air Force Base,Rio de Janeiro,BR,BR-RJ,SA,medium_airport,1,8986,-22.93240,-43.71910
SBSG,NAT,Rio Grande do Norte/São Gonçalo do Amarante–Governador Aluízio Alves International Airport,Natal,BR,BR-RN,SA,large_airport,1,9843,-5.76982,-35.36661
SBSJ,SJK,Professor Urbano Ernesto Stumpf Airport,São José Dos Campos,BR,BR-SP,SA,medium_airport,1,8780,-23.22920,-45.86150
SBSL,SLZ,Marechal Cunha Machado International Airport,São Luís,BR,BR-MA,SA,large_airport,2,7828,-2.58639,-44.23501
SBSM,RIA,Santa Maria Airport,Santa Maria,BR,BR-RS,SA,medium_airport,2,8839,-29.71140,-53.68820
SBSN,STM,Santarém - Maestro Wilson Fonseca International Airport,Santarém,BR,BR-PA,SA,medium_airport,1,7874,-2.42242,-54.79306
SBSP,CGH,Congonhas–Deputado Freitas Nobre Airport,São Paulo,BR,BR-SP,SA,large_airport,2,6365,-23.62766,-46.65460
SBSR,SJP,Prof. Eribelto Manoel Reino State Airport,São José do Rio Preto,BR,BR-SP,SA,medium_airport,1,5381,-20.81711,-49.40696
SBST,SSZ,Santos Nero Moura Air Base / Guarujá Airport,Guarujá,BR,BR-SP,SA,medium_airport,1,4560,-23.92819,-46.30020
SBSV,SSA,Deputado Luiz Eduardo Magalhães International Airport,Salvador,BR,BR-BA,SA,large_airport,2,9859,-12.90861,-38.32250
SBTA,,Base de Aviação de Taubaté,Taubaté,BR,BR-SP,SA,medium_airport,1,6170,-23.04010,-45.51615
SBTB,TMT,Trombetas Airport,Oriximiná,BR,BR-PA,SA,medium_airport,1,5249,-1.48960,-56.39680
SBTE,THE,Senador Petrônio Portela Airport,Teresina,BR,BR-PI,SA,medium_airport,1,7218,-5.06025,-42.82371
SBTF,TFF,Tefé Airport,Tefé,BR,BR-AM,SA,medium_airport,1,7218,-3.38294,-64.72410
SBTK,TRQ,Tarauacá Airport,Tarauacá,BR,BR-AC,SA,medium_airport,1,3707,-8.15553,-70.78298
SBTS,,Tiriós Airport,Aldeia Tiriós,BR,BR-PA,SA,medium_airport,1,6562,2.22454,-55.94471
SBTT,TBT,Tabatinga International Airport,Tabatinga,BR,BR-AM,SA,medium_airport,1,7054,-4.25567,-69.93580
SBTU,TUR,Tucuruí Airport,Tucuruí,BR,BR-PA,SA,medium_airport,1,6562,-3.78601,-49.72030
SBUA,SJL,São Gabriel da Cachoeira Airport,São Gabriel da Cachoeira,BR,BR-AM,SA,medium_airport,1,8530,-0.14835,-66.98550
SBUF,PAV,Paulo Afonso Airport,Paulo Afonso,BR,BR-BA,SA,medium_airport,1,5906,-9.40088,-38.25060
SBUG,URG,Rubem Berta Airport,Uruguaiana,BR,BR-RS,SA,medium_airport,2,4921,-29.78220,-57.03820
SBUL,UDI,Ten. Cel. Aviador César Bombonato Airport,Uberlândia,BR,BR-MG,SA,medium_airport,1,6398,-18.88358,-48.22594
SBUR,UBA,Mário de Almeida Franco Airport,Uberaba,BR,BR-MG,SA,medium_airport,1,5771,-19.76504,-47.96480
SBVC,VDC,Glauber de Andrade Rocha Airport,Vitória da Conquista,BR,BR-BA,SA,medium_airport,0,,-14.90789,-40.91480
SBVG,VAG,Major Brigadeiro Trompowsky Airport,Varginha,BR,BR-MG,SA,medium_airport,1,6890,-21.59137,-45.47412
SBVH,BVH,Brigadeiro Camarão Airport,Vilhena,BR,BR-RO,SA,medium_airport,1,8530,-12.69440,-60.09830
SBVT,VIX,Eurico de Aguiar Salles International Airport,Vitória,BR,BR-ES,SA,large_airport,2,6752,-20.25800,-40.28500
SBYS,,Campo Fontenelle,Pirassununga,BR,BR-SP,SA,medium_airport,3,6923,-21.98469,-47.34121
SBZM,IZA,Presidente Itamar Franco Airport,Juiz de Fora,BR,BR-MG,SA,medium_airport,2,8284,-21.51309,-43.17307
SCAR,ARI,Chacalluta International Airport,Arica,CL,CL-AP,SA,medium_airport,1,9186,-18.34850,-70.33870
SCAT,CPO,Desierto de Atacama Airport,Copiapo,CL,CL-AT,SA,medium_airport,1,7218,-27.26120,-70.77920
SCBA,BBA,Balmaceda Airport,Balmaceda,CL,CL-AI,SA,medium_airport,1,8205,-45.91597,-71.68950
SCBE,TOQ,Barriles Airport,Tocopilla,CL,CL-AN,SA,medium_airport,1,5380,-22.14110,-70.06290
SCCC,CCH,Chile Chico Airport,Chile Chico,CL,CL-AI,SA,medium_airport,1,3937,-46.58310,-71.68632
SCCF,CJC,El Loa Airport,Calama,CL,CL-AN,SA,medium_airport,1,9974,-22.49820,-68.90360
SCCH,YAI,Gral. Bernardo O´Higgins Airport,Chillan,CL,CL-NB,SA,medium_airport,1,5740,-36.58250,-72.03140
SCCI,PUQ,President Carlos Ibáñez International Airport,Punta Arenas,CL,CL-MA,SA,large_airport,3,9154,-53.00260,-70.85460
SCCY,GXQ,Teniente Vidal Airport,Coyhaique,CL,CL-AI,SA,medium_airport,1,5072,-45.59420,-72.10610
SCDA,IQQ,Diego Aracena International Airport,Iquique,CL,CL-TA,SA,large_airport,1,10991,-20.53627,-70.18137
SCEL,SCL,Comodoro Arturo Merino Benítez International Airport,Santiago,CL,CL-RM,SA,large_airport,2,12303,-33.39300,-70.78580
SCES,ESR,Ricardo García Posada Airport,El Salvador,CL,CL-AT,SA,medium_airport,1,7546,-26.31110,-69.76520
SCFA,ANF,Andrés Sabella Gálvez International Airport,Antofagasta,CL,CL-AN,SA,large_airport,1,9186,-23.44527,-70.44523
SCFM,WPR,Captain Fuentes Martinez Airport,Porvenir,CL,CL-MA,SA,medium_airport,2,8202,-53.25370,-70.31920
SCGZ,WPU,Guardia Marina Zañartu Airport,Puerto Williams,CL,CL-MA,SA,medium_airport,1,4724,-54.93110,-67.62630
SCHR,LGR,Cochrane Airport,Cochrane,CL,CL-AI,SA,medium_airport,1,3346,-47.24359,-72.58815
SCIE,CCP,Carriel Sur International Airport,Concepcion,CL,CL-BI,SA,large_airport,2,8530,-36.77235,-73.06283
SCIP,IPC,Mataveri International Airport,Isla De Pascua,CL,CL-VS,SA,large_airport,1,10827,-27.16541,-109.42103
SCJO,ZOS,Cañal Bajo Carlos Hott Siebert Airport,Osorno,CL,CL-LL,SA,medium_airport,1,6398,-40.61120,-73.06100
SCLL,VLR,Vallenar Airport,Vallenar,CL,CL-AT,SA,medium_airport,1,4624,-28.59640,-70.75600
SCNT,PNT,Lieutenant Julio Gallardo Airport,Puerto Natales,CL,CL-MA,SA,medium_airport,1,5786,-51.67067,-72.52908
SCQP,ZCO,La Araucanía International Airport,Temuco,CL,CL-AR,SA,large_airport,1,8005,-38.92590,-72.65150
SCRA,CNR,Chañaral Airport,Chañaral,CL,CL-AT,SA,medium_airport,1,3985,-26.33250,-70.60730
SCRG,,La Independencia Airport,Rancagua,CL,CL-LI,SA,medium_airport,1,5258,-34.17370,-70.77570
SCSE,LSC,La Florida Airport,La Serena-Coquimbo,CL,CL-CO,SA,medium_airport,1,6358,-29.91620,-71.19950
SCTC,PZS,Maquehue Airport,Temuco,CL,CL-AR,SA,medium_airport,1,5577,-38.76680,-72.63710
SCTE,PMC,El Tepual International Airport,Puerto Montt,CL,CL-LL,SA,large_airport,1,8694,-41.44309,-73.09407
SCTL,TLX,Panguilemo Airport,Talca,CL,CL-ML,SA,medium_airport,1,3660,-35.37780,-71.60170
SCTN,WCH,Nuevo Chaitén Airport,Chaitén,CL,CL-LL,SA,medium_airport,1,3937,-42.78194,-72.83500
SCTO,ZIC,Victoria Airport,Victoria,CL,CL-AR,SA,medium_airport,1,3478,-38.24560,-72.34860
SCTT,TTC,Las Breas Airport,Taltal,CL,CL-AN,SA,medium_airport,1,3920,-25.56430,-70.37590
SCVD,ZAL,Pichoy Airport,Valdivia,CL,CL-LR,SA,medium_airport,1,6870,-39.65000,-73.08610
SCVM,KNA,Viña del Mar Airport,Viña del Mar,CL,CL-VS,SA,medium_airport,1,5760,-32.94960,-71.47860
SDIY,FEC,João Durval Carneiro Airport,Feira de Santana,BR,BR-BA,SA,medium_airport,1,4921,-12.20069,-38.90616
SDPE,PNB,Porto Nacional Airport,Porto Nacional,BR,BR-TO,SA,medium_airport,0,,-10.71940,-48.39970
SEAM,ATF,Chachoán Regional Airport,Ambato,EC,EC-T,SA,medium_airport,1,6316,-1.21207,-78.57460
SECO,OCC,Francisco De Orellana Airport,Coca,EC,EC-D,SA,medium_airport,1,6760,-0.46289,-76.98680
SECU,CUE,Mariscal Lamar Airport,Cuenca,EC,EC-A,SA,medium_airport,1,6234,-2.88947,-78.98440
SEGS,GPS,Seymour Galapagos Ecological Airport,Isla Baltra,EC,EC-W,SA,medium_airport,1,7877,-0.45376,-90.26590
SEGU,GYE,José Joaquín de Olmedo International Airport,Guayaquil,EC,EC-G,SA,large_airport,1,9154,-2.15742,-79.88360
SEJD,TNW,Jumandy Airport,Ahuano,EC,EC-N,SA,medium_airport,1,8202,-1.06018,-77.58052
SELT,LTX,Cotopaxi International Airport,Latacunga,EC,EC-X,SA,medium_airport,1,12117,-0.90683,-78.61580
SEMA,MRR,Jose Maria Velasco Ibarra Airport,Macará,EC,EC-L,SA,medium_airport,1,3532,-4.37823,-79.94100
SEMC,XMS,Coronel E Carvajal Airport,Macas,EC,EC-S,SA,medium_airport,1,8202,-2.29917,-78.12080
SEMT,MEC,Eloy Alfaro International Airport,Manta,EC,EC-M,SA,medium_airport,1,9383,-0.94608,-80.67880
SEPV,PVO,Reales Tamarindos Airport,Portoviejo,EC,EC-M,SA,medium_airport,1,7451,-1.04165,-80.47220
SEQM,UIO,Mariscal Sucre International Airport,Quito,EC,EC-P,SA,large_airport,1,13445,-0.12540,-78.35431
SERO,ETR,Santa Rosa - Artillery Colonel Victor Larrea International Airport,Santa Rosa,EC,EC-O,SA,medium_airport,1,8625,-3.44199,-79.99696
SESA,SNC,General Ulpiano Paez International Airport,Salinas/La Libertad,EC,EC-25,SA,large_airport,2,8629,-2.21006,-80.98507
SETN,ESM,Carlos Concha Torres International Airport,Tachina,EC,EC-E,SA,large_airport,1,7874,0.97852,-79.62660
SETR,TPC,Tarapoa Airport,Tarapoa,EC,EC-U,SA,medium_airport,1,5151,-0.12296,-76.33780
SETU,TUA,Lieutenant Colonel Luis A. Mantilla International Airport,Tulcán,EC,EC-C,SA,medium_airport,1,8071,0.80951,-77.70810
SGAS,ASU,Silvio Pettirossi International Airport,Asunción,PY,PY-11,SA,large_airport,1,10997,-25.24016,-57.51923
SGAY,AYO,Aeropuerto Nacional Juan de Ayolas,Ayolas,PY,PY-8,SA,medium_airport,1,6070,-27.37838,-56.85679
SGCO,CIO,Lieutenant Colonel Carmelo Peralta National Airport,Concepción,PY,PY-1,SA,medium_airport,1,6070,-23.44161,-57.42704
SGEN,ENO,Teniente Ramon A. Ayub Gonzalez International Airport,Encarnación,PY,PY-7,SA,large_airport,1,7218,-27.22754,-55.83758
SGES,AGT,Guaraní International Airport,Ciudad del Este,PY,PY-10,SA,large_airport,1,11154,-25.45719,-54.83954
SGGR,,Aeropuerto Nacional de Salto del Guaira,Salto del Guaira,PY,PY-14,SA,medium_airport,0,,-24.03284,-54.35267
SGIB,,Itaipú Airport,Itaipú,PY,PY-10,SA,medium_airport,1,4987,-25.40782,-54.61946
SGME,ESG,Dr. Luis María Argaña International Airport,Mariscal Estigarribia,PY,PY-19,SA,medium_airport,1,11483,-22.04650,-60.62170
SGOV,,Aeropuerto Nacional de Coronel Oviedo,Coronel Oviedo,PY,PY-5,SA,medium_airport,0,,-25.51735,-56.40655
SGPI,PIL,Aeródromo Don Carlos Miguel Gimenez,Pilar,PY,PY-12,SA,medium_airport,1,4920,-26.88198,-58.31907
SGPJ,PJC,Aeropuerto Nacional Dr. Augusto Roberto Fuster,Pedro Juan Caballero,PY,PY-13,SA,medium_airport,1,5908,-22.64143,-55.82999
SGST,,Santa Teresa Airport,Santa Teresa,PY,PY-13,SA,medium_airport,1,5895,-22.62249,-56.63439
SGVM,VMI,Aeropuerto Nacional Doctor Juan Plate,Puerto Vallemi,PY,PY-1,SA,medium_airport,0,,-22.15937,-57.94239
SKAP,API,Gomez Nino Apiay Air Base,Apiay,CO,CO-MET,SA,medium_airport,2,8204,4.07607,-73.56270
SKAR,AXM,El Eden Airport,Armenia,CO,CO-QUI,SA,medium_airport,1,7045,4.45278,-75.76640
SKAS,PUU,Tres De Mayo Airport,Puerto Asís,CO,CO-PUT,SA,medium_airport,2,5331,0.50523,-76.50080
SKBC,ELB,Las Flores Airport,El Banco,CO,CO-MAG,SA,medium_airport,1,3985,9.04554,-73.97490
SKBG,BGA,Palonegro Airport,Bucaramanga,CO,CO-SAN,SA,medium_airport,1,7381,7.12650,-73.18480
SKBO,BOG,El Dorado International Airport,Bogota,CO,CO-DC,SA,large_airport,2,12467,4.70159,-74.14690
SKBQ,BAQ,Ernesto Cortissoz International Airport,Barranquilla,CO,CO-ATL,SA,large_airport,1,9842,10.88960,-74.78080
SKBS,BSC,José Celestino Mutis Airport,Bahía Solano,CO,CO-CHO,SA,medium_airport,2,3973,6.20292,-77.39470
SKBU,BUN,Gerardo Tobar López Airport,Buenaventura,CO,CO-VAC,SA,medium_airport,1,3945,3.81963,-76.98980
SKCC,CUC,Camilo Daza International Airport,Cúcuta,CO,CO-NSA,SA,medium_airport,2,7700,7.92757,-72.51150
SKCG,CTG,Rafael Nuñez International Airport,Cartagena,CO,CO-BOL,SA,large_airport,1,8530,10.44240,-75.51300
SKCL,CLO,Alfonso Bonilla Aragon International Airport,Cali,CO,CO-VAC,SA,large_airport,1,9842,3.54272,-76.38190
SKCO,TCO,La Florida Airport,Tumaco,CO,CO-NAR,SA,medium_airport,1,5249,1.81442,-78.74920
SKCU,CAQ,Juan H White Airport,Caucasia,CO,CO-ANT,SA,medium_airport,1,3794,7.96847,-75.19850
SKCV,CVE,Coveñas Airport,Coveñas,CO,CO-SUC,SA,medium_airport,1,4396,9.40092,-75.69130
SKCZ,CZU,Las Brujas Airport,Corozal,CO,CO-SUC,SA,medium_airport,1,4930,9.33274,-75.28560
SKEB,EBG,El Bagre Airport,El Bagre,CO,CO-ANT,SA,medium_airport,1,4310,7.59647,-74.80890
SKEJ,EJA,Yariguíes Airport,Barrancabermeja,CO,CO-SAN,SA,medium_airport,1,5905,7.02433,-73.80680
SKFL,FLA,Gustavo Artunduaga Paredes Airport,Florencia,CO,CO-CAQ,SA,medium_airport,1,4921,1.58919,-75.56440
SKGI,GIR,Santiago Vila Airport,Girardot,CO,CO-CUN,SA,medium_airport,1,5249,4.27624,-74.79670
SKGO,CRC,Santa Ana Airport,Cartago,CO,CO-VAC,SA,medium_airport,1,6644,4.75818,-75.95570
SKGP,GPI,Guapi Airport,Guapi,CO,CO-CAU,SA,medium_airport,1,4256,2.57013,-77.89797
SKIB,IBE,Perales Airport,Ibagué,CO,CO-TOL,SA,medium_airport,1,5905,4.42161,-75.13330
SKIP,IPI,San Luis Airport,Ipiales,CO,CO-NAR,SA,medium_airport,1,8202,0.86195,-77.67178
SKLC,APO,Antonio Roldán Betancur Airport,Carepa,CO,CO-ANT,SA,medium_airport,1,7153,7.81196,-76.71640
SKLM,MCJ,Jorge Isaac Airport,La Mina-Maicao,CO,CO-LAG,SA,medium_airport,2,4876,11.23250,-72.49010
SKLT,LET,Alfredo Vásquez Cobo International Airport,Leticia,CO,CO-AMA,SA,medium_airport,1,6168,-4.19115,-69.94200
SKMD,EOH,Enrique Olaya Herrera Airport,Medellín,CO,CO-ANT,SA,medium_airport,1,8202,6.21969,-75.59060
SKMG,MGN,Baracoa Airport,Magangué,CO,CO-BOL,SA,medium_airport,1,4921,9.28474,-74.84610
SKMR,MTR,Los Garzones Airport,Montería,CO,CO-COR,SA,medium_airport,1,7539,8.82374,-75.82580
SKMU,MVP,Fabio Alberto Leon Bentley Airport,Mitú,CO,CO-VAU,SA,medium_airport,1,5889,1.25366,-70.23390
SKMZ,MZL,La Nubia Airport,Manizales,CO,CO-CAL,SA,medium_airport,2,4835,5.02960,-75.46470
SKNV,NVA,Benito Salas Airport,Neiva,CO,CO-HUI,SA,medium_airport,1,5880,2.95015,-75.29400
SKOC,OCV,Aguas Claras Airport,Ocaña,CO,CO-NSA,SA,medium_airport,1,3937,8.31506,-73.35830
SKPC,PCR,German Olano Airport,Puerto Carreño,CO,CO-VID,SA,medium_airport,1,5907,6.18472,-67.49320
SKPD,PDA,Obando Cesar Gaviria Trujillo Airport,Puerto Inírida,CO,CO-GUA,SA,medium_airport,1,5910,3.85353,-67.90620
SKPE,PEI,Matecaña International Airport,Pereira,CO,CO-RIS,SA,medium_airport,1,6627,4.81267,-75.73950
SKPI,PTX,Pitalito Airport,Pitalito,CO,CO-HUI,SA,medium_airport,1,4912,1.85777,-76.08570
SKPP,PPN,Guillermo León Valencia Airport,Popayán,CO,CO-CAU,SA,medium_airport,1,6266,2.45436,-76.60925
SKPQ,PAL,German Olano Air Base,La Dorada,CO,CO-CUN,SA,medium_airport,1,9987,5.48361,-74.65740
SKPS,PSO,Antonio Nariño Airport,Chachagüí,CO,CO-NAR,SA,medium_airport,1,7585,1.39672,-77.29093
SKPV,PVA,El Embrujo Airport,Providencia,CO,CO-SAP,NA,medium_airport,1,3832,13.35746,-81.35798
SKPZ,PZA,Paz de Ariporo Airport,Paz de Ariporo,CO,CO-CAS,SA,medium_airport,1,4935,5.87615,-71.88667
SKQU,MQU,Mariquita Airport,Mariquita,CO,CO-TOL,SA,medium_airport,2,5905,5.21256,-74.88360
SKRG,MDE,Jose Maria Córdova International Airport,Medellín,CO,CO-ANT,SA,large_airport,1,11286,6.16454,-75.42310
SKRH,RCH,Almirante Padilla Airport,Riohacha,CO,CO-LAG,SA,medium_airport,2,5413,11.52620,-72.92600
SKSJ,SJE,Jorge E. Gonzalez Torres Airport,San José Del Guaviare,CO,CO-GUV,SA,medium_airport,1,4897,2.57969,-72.63940
SKSM,SMR,Simón Bolívar International Airport,Santa Marta,CO,CO-MAG,SA,medium_airport,1,5577,11.11960,-74.23060
SKSP,ADZ,Gustavo Rojas Pinilla International Airport,San Andrés,CO,CO-SAP,NA,large_airport,1,7808,12.58360,-81.71120
SKSV,SVI,Eduardo Falla Solano Airport,San Vicente Del Caguán,CO,CO-CAQ,SA,medium_airport,2,4921,2.15217,-74.76630
SKTJ,,Tunja Airport,Tunja,CO,CO-BOY,SA,medium_airport,1,3635,5.54138,-73.34450
SKTM,TME,Gustavo Vargas Airport,Tame,CO,CO-ARA,SA,medium_airport,1,6561,6.45108,-71.76030
SKTQ,TQS,Captain Ernesto Esguerra Cubides Air Base,Tres Esquinas,CO,CO-CAQ,SA,medium_airport,1,6220,0.74590,-75.23400
SKUA,,Marandúa Air Base,Marandúa,CO,CO-VID,SA,medium_airport,2,8110,5.52448,-68.68560
SKUC,AUC,Santiago Perez Airport,Arauca,CO,CO-ARA,SA,medium_airport,1,6890,7.06888,-70.73690
SKUI,UIB,El Caraño Airport,Quibdó,CO,CO-CHO,SA,medium_airport,1,4593,5.69076,-76.64120
SKUL,ULQ,Heriberto Gíl Martínez Airport,Tuluá,CO,CO-VAC,SA,medium_airport,1,3495,4.08836,-76.23510
SKVP,VUP,Alfonso López Pumarejo Airport,Valledupar,CO,CO-CES,SA,medium_airport,1,6890,10.43500,-73.24950
SKVV,VVC,Vanguardia Airport,Villavicencio,CO,CO-MET,SA,medium_airport,1,5616,4.16787,-73.61380
SKYP,EYP,El Alcaravan - Yopal Airport,Yopal,CO,CO-CAS,SA,medium_airport,1,8448,5.31911,-72.38400
SLAL,SRE,Alcantarí International Airport,Sucre,BO,BO-H,SA,large_airport,1,11811,-19.24684,-65.14961
SLBJ,BJO,Bermejo Airport,Bermejo,BO,BO-T,SA,medium_airport,1,4921,-22.77330,-64.31290
SLCB,CBB,Jorge Wilsterman International Airport,Cochabamba,BO,BO-C,SA,large_airport,2,12460,-17.42111,-66.17710
SLCO,CIJ,Capitán Aníbal Arab Airport,Cobija,BO,BO-N,SA,medium_airport,1,6562,-11.03911,-68.78277
SLET,SRZ,El Trompillo Airport,Santa Cruz,BO,BO-S,SA,medium_airport,1,9098,-17.81160,-63.17150
SLGM,GYA,Guayaramerín Airport,Guayaramerín,BO,BO-B,SA,medium_airport,1,5767,-10.88856,-65.38096
SLLP,LPB,El Alto International Airport,La Paz / El Alto,BO,BO-L,SA,large_airport,2,13123,-16.51027,-68.18942
SLOR,ORU,Juan Mendoza International Airport,Oruro,BO,BO-O,SA,large_airport,2,8075,-17.95615,-67.07583
SLPO,POI,Capitan Nicolas Rojas Airport,Potosí,BO,BO-P,SA,medium_airport,1,9130,-19.54333,-65.72373
SLPS,PSZ,Capitán Av. Salvador Ogaya G. airport,Puerto Suárez,BO,BO-S,SA,medium_airport,1,6562,-18.97530,-57.82060
SLRI,RIB,Capitán Av. Selin Zeitun Lopez Airport,Riberalta,BO,BO-B,SA,medium_airport,1,5906,-11.00935,-66.07547
SLSA,SBL,Santa Ana Del Yacuma Airport,Santa Ana del Yacuma,BO,BO-B,SA,medium_airport,1,5013,-13.76220,-65.43520
SLSU,,Juana Azurduy de Padilla Air Force Base,Sucre,BO,BO-H,SA,medium_airport,1,9300,-19.00710,-65.28870
SLSV,,San Ignacio de Velasco Airport,San Ignacio de Velasco,BO,BO-S,SA,medium_airport,1,9055,-16.40124,-61.04520
SLTJ,TJA,Capitan Oriel Lea Plaza Airport,Tarija,BO,BO-T,SA,medium_airport,1,10007,-21.55570,-64.70130
SLTR,TDD,Teniente Av. Jorge Henrich Arauz Airport,Trinidad,BO,BO-B,SA,medium_airport,1,7874,-14.81870,-64.91800
SLUY,UYU,Joya Andina International Airport,Quijarro,BO,BO-P,SA,large_airport,1,13123,-20.44130,-66.85755
SLVM,VLM,Teniente Coronel Rafael Pabón Airport,Villamontes,BO,BO-T,SA,medium_airport,1,4918,-21.25520,-63.40560
SLVR,VVI,Viru Viru International Airport,Santa Cruz,BO,BO-S,SA,large_airport,1,11483,-17.64480,-63.13540
SLYA,BYC,Yacuiba Airport,Yacuíba,BO,BO-T,SA,medium_airport,1,6890,-21.96090,-63.65170
SMJP,PBM,Johan Adolf Pengel International Airport,Paramaribo,SR,SR-PR,SA,large_airport,1,11417,5.45283,-55.18780
SN6L,JSO,Dr. Luciano de Arruda Coelho Regional Airport,Sobral,BR,BR-CE,SA,medium_airport,1,5906,-3.61477,-40.23221
SNBA,BAT,Chafei Amsei Airport,Barretos,BR,BR-SP,SA,medium_airport,0,,-20.58463,-48.59412
SNCP,EEA,Planalto Serrano Regional Airport,Correia Pinto,BR,BR-SC,SA,medium_airport,1,5912,-27.63413,-50.35825
SNLN,LHN,Linhares Municipal Airport,Linhares,BR,BR-ES,SA,medium_airport,1,6102,-19.35520,-40.07128
SNQX,,Quixadá Airport,Quixadá,BR,BR-CE,SA,medium_airport,1,3937,-4.97901,-38.98762
SOCA,CAY,Cayenne – Félix Eboué Airport,Matoury,GF,GF-CY,SA,large_airport,1,10486,4.81996,-52.36133
SOOA,MPY,Maripasoula Airport,Maripasoula,GF,GF-SL,SA,medium_airport,1,3938,3.65591,-54.03943
SOOG,OYP,Saint-Georges-de-l'Oyapock Airport,Saint-Georges-de-l'Oyapock,GF,GF-CY,SA,medium_airport,1,3937,3.89760,-51.80410
SOOM,LDX,Saint-Laurent-du-Maroni Airport,Saint-Laurent-du-Maroni,GF,GF-SL,SA,medium_airport,1,3281,5.48189,-54.03496
SPAY,AYX,Teniente General Gerardo Pérez Pinedo Airport,Atalaya,PE,PE-UCA,SA,medium_airport,1,4921,-10.72910,-73.76650
SPBC,,Caballococha Airport,Caballococha,PE,PE-LOR,SA,medium_airport,1,5905,-3.91686,-70.50820
SPBR,IBP,Iberia Airport,Iberia,PE,PE-MDD,SA,medium_airport,1,4429,-11.41160,-69.48870
SPCL,PCL,Cap FAP David Abenzur Rengifo International Airport,Pucallpa,PE,PE-UCA,SA,large_airport,1,9186,-8.37806,-74.57449
SPEO,CHM,FAP Lieutenant Jaime Andres de Montreuil Morales Airport,Chimbote,PE,PE-ANC,SA,medium_airport,1,5905,-9.14961,-78.52380
SPHI,CIX,Capitán FAP José A. Quiñones González International Airport,Chiclayo,PE,PE-LAM,SA,large_airport,1,8266,-6.78922,-79.82825
SPHO,AYP,Air Force Colonel Alfredo Mendivil Duarte Airport,Ayacucho,PE,PE-AYA,SA,medium_airport,1,9186,-13.15480,-74.20440
SPHZ,ATA,Comandante FAP German Arias Graziani Airport,Anta,PE,PE-ANC,SA,medium_airport,1,10007,-9.34744,-77.59840
SPJA,RIJ,Juan Simons Vela Airport,Rioja,PE,PE-SAM,SA,medium_airport,1,6168,-6.06786,-77.16000
SPJC,LIM,Jorge Chávez International Airport,Lima,PE,PE-LIM,SA,large_airport,0,,-12.02190,-77.11431
SPJE,JAE,Shumba Airport,Jaén,PE,PE-CAJ,SA,medium_airport,1,7874,-5.59248,-78.77400
SPJI,JJI,Juanjui Airport,Juanjuí,PE,PE-SAM,SA,medium_airport,1,6562,-7.16910,-76.72860
SPJJ,JAU,Francisco Carle Airport,Jauja,PE,PE-JUN,SA,medium_airport,1,9220,-11.78310,-75.47340
SPJL,JUL,Inca Manco Capac International Airport,Juliaca,PE,PE-PUN,SA,large_airport,1,13780,-15.46769,-70.15653
SPJR,CJA,Mayor General FAP Armando Revoredo Iglesias Airport,Cajamarca,PE,PE-CAJ,SA,medium_airport,1,8201,-7.13918,-78.48940
SPLO,ILQ,General Jorge Fernandez Maldon Airport,Ilo,PE,PE-MOQ,SA,medium_airport,1,8202,-17.69500,-71.34400
SPME,TBP,Captain Pedro Canga Rodríguez International Airport,Tumbes,PE,PE-TUM,SA,medium_airport,1,8202,-3.55207,-80.38109
SPMS,YMS,Moises Benzaquen Rengifo Airport,Yurimaguas,PE,PE-LOR,SA,medium_airport,1,5912,-5.89377,-76.11820
SPNC,HUU,Alferez Fap David Figueroa Fernandini Airport,Huánuco,PE,PE-HUC,SA,medium_airport,1,8202,-9.87881,-76.20480
SPPY,CHH,Chachapoyas Airport,Chachapoyas,PE,PE-AMA,SA,medium_airport,1,6496,-6.20191,-77.85619
SPQT,IQT,Coronel FAP Francisco Secada Vignetta International Airport,Iquitos,PE,PE-LOR,SA,large_airport,1,8202,-3.78474,-73.30880
SPQU,AQP,Rodríguez Ballón International Airport,Arequipa,PE,PE-ARE,SA,large_airport,1,9777,-16.34079,-71.56949
SPRU,TRU,Capitán FAP Carlos Martínez de Pinillos International Airport,Trujillo,PE,PE-LAL,SA,large_airport,1,9920,-8.08238,-79.10882
SPSO,PIO,Captain Renán Elías Olivera International Airport,Pisco,PE,PE-ICA,SA,large_airport,1,9908,-13.74490,-76.22030
SPST,TPP,Cadete FAP Guillermo Del Castillo Paredes Airport,Tarapoto,PE,PE-SAM,SA,medium_airport,1,8530,-6.50874,-76.37320
SPTN,TCQ,Coronel FAP Carlos Ciriani Santa Rosa International Airport,Tacna,PE,PE-TAC,SA,medium_airport,1,8202,-18.05330,-70.27580
SPTU,PEM,Padre Aldamiz International Airport,Puerto Maldonado,PE,PE-MDD,SA,medium_airport,1,11482,-12.61360,-69.22860
SPUR,PIU,PAF Captain Guillermo Concha Iberico International Airport,Piura,PE,PE-PIU,SA,medium_airport,1,8202,-5.20575,-80.61640
SPYL,TYL,Captain Victor Montes Arias International Airport,Talara,PE,PE-PIU,SA,medium_airport,1,8038,-4.57664,-81.25410
SPZA,NZC,Maria Reiche Neuman Airport,Nazca,PE,PE-ICA,SA,medium_airport,1,3355,-14.85400,-74.96150
SPZO,CUZ,Alejandro Velasco Astete International Airport,Cusco,PE,PE-CUS,SA,large_airport,1,11146,-13.53570,-71.93880
SSBZ,BZC,Umberto Modiano Airport,Cabo Frio,BR,BR-RJ,SA,medium_airport,0,,-22.77088,-41.96308
SSCV,CRQ,Caravelas Airport,Caravelas,BR,BR-BA,SA,medium_airport,0,,-17.65230,-39.25310
SSIM,CCM,Forquilhinha - Criciúma  Airport,Criciúma,BR,BR-SC,SA,medium_airport,0,,-28.72574,-49.42448
SSVL,TEC,Telêmaco Borba Airport,Telêmaco Borba,BR,BR-PR,SA,medium_airport,1,2953,-24.31780,-50.65160
SUAA,,Ángel S. Adami International Airport,Montevideo,UY,UY-MO,SA,medium_airport,1,4101,-34.78920,-56.26470
SUDU,DZO,Santa Bernardina International Airport,Durazno,UY,UY-DU,SA,medium_airport,2,7477,-33.35890,-56.49920
SULS,PDP,Capitan Corbeta CA Curbelo International Airport,Punta del Este,UY,UY-MA,SA,medium_airport,2,6998,-34.85510,-55.09430
SUMU,MVD,Carrasco General Cesáreo L. Berisso International Airport,Ciudad de la Costa,UY,UY-CA,SA,large_airport,2,10499,-34.83565,-56.02650
SUPU,PDU,Tydeo Larre Borges Airport,Paysandú,UY,UY-PA,SA,medium_airport,1,4331,-32.36330,-58.06190
SURV,RVY,Pres. Gral. Óscar D. Gestido Binational Airport,Rivera/Santana do Livramento,UY,UY-RV,SA,medium_airport,1,6004,-30.97460,-55.47620
SUSO,STY,Nueva Hesperides International Airport,Salto,UY,UY-SA,SA,medium_airport,2,5210,-31.43850,-57.98530
SVAC,AGV,Oswaldo Guevara Mujica Airport,Acarigua,VE,VE-P,SA,medium_airport,2,5990,9.55338,-69.23787
SVAN,AAO,Anaco Airport,Anaco,VE,VE-B,SA,medium_airport,1,4134,9.43023,-64.47073
SVBC,BLA,General José Antonio Anzoategui International Airport,Barcelona,VE,VE-B,SA,large_airport,2,9842,10.11111,-64.69222
SVBI,BNS,Barinas Airport,Barinas,VE,VE-E,SA,medium_airport,2,6560,8.61500,-70.21417
SVBL,,El Libertador Airbase,,VE,VE-D,SA,medium_airport,1,10400,10.18337,-67.55732
SVBM,BRM,Jacinto Lara International Airport,Barquisimeto,VE,VE-K,SA,large_airport,1,9350,10.04275,-69.35862
SVBS,MYC,Escuela Mariscal Sucre Airport,Maracay,VE,VE-D,SA,medium_airport,2,6846,10.24998,-67.64942
SVCB,CBL,General Tomas de Heres Airport,Ciudad Bolivar,VE,VE-F,SA,medium_airport,1,5527,8.12216,-63.53696
SVCD,CXA,Caicara del Orinoco Airport,,VE,VE-F,SA,medium_airport,1,4920,7.62551,-66.16280
SVCL,CLZ,Calabozo Airport,Guarico,VE,VE-J,SA,medium_airport,1,4790,8.92466,-67.41709
SVCN,CAJ,Canaima Airport,Canaima,VE,VE-F,SA,medium_airport,1,7070,6.23199,-62.85485
SVCP,CUP,General Francisco Bermúdez Airport,Carúpano,VE,VE-R,SA,medium_airport,1,6611,10.66001,-63.26168
SVCR,CZE,José Leonardo Chirinos Airport,Coro,VE,VE-I,SA,medium_airport,1,6761,11.41494,-69.68090
SVCS,,Caracas Óscar Machado Zuloaga International Airport,Charallave,VE,VE-M,SA,medium_airport,1,6562,10.28687,-66.81585
SVCU,CUM,Antonio José de Sucre Airport,Cumaná,VE,VE-R,SA,medium_airport,1,10171,10.45033,-64.13047
SVED,EOR,El Dorado Airport,Bolivar,VE,VE-F,SA,medium_airport,1,4000,6.71573,-61.63879
SVEZ,EOZ,Elorza Airport,,VE,VE-C,SA,medium_airport,1,3937,7.05968,-69.49670
SVFM,,Generalissimo Francisco de Miranda Air Base,Caracas,VE,VE-M,SA,medium_airport,1,6475,10.48503,-66.84351
SVGD,GDO,Guasdualito Airport,Guasdualito,VE,VE-C,SA,medium_airport,1,6792,7.21083,-70.75639
SVGI,GUI,Guiria Airport,,VE,VE-R,SA,medium_airport,1,6585,10.57408,-62.31267
SVGU,GUQ,Guanare Airport,Guanare,VE,VE-P,SA,medium_airport,1,5905,9.02694,-69.75515
SVJC,LSP,Josefa Camejo International Airport,Paraguaná,VE,VE-I,SA,medium_airport,1,9186,11.78078,-70.15150
SVJM,,San Juan de Los Morros Airport,San Juan de los Morros,VE,VE-J,SA,medium_airport,1,4990,9.90695,-67.37964
SVLF,LFR,La Fria Airport,,VE,VE-S,SA,medium_airport,2,6643,8.23917,-72.27103
SVLO,,La Orchila Airport,Isla La Orchila,VE,VE-W,SA,medium_airport,1,9843,11.80823,-66.18077
SVMC,MAR,La Chinita International Airport,Maracaibo,VE,VE-V,SA,large_airport,2,9843,10.55754,-71.72931
SVMD,MRD,Alberto Carnevalli Airport,Mérida,VE,VE-L,SA,medium_airport,1,5348,8.58208,-71.16104
SVMG,PMV,Del Caribe Santiago Mariño International Airport,Isla Margarita,VE,VE-O,NA,large_airport,2,10433,10.91260,-63.96660
SVMI,CCS,Maiquetía Simón Bolívar International Airport,Maiquetía,VE,VE-X,SA,large_airport,2,11483,10.60221,-66.99117
SVMP,,Metropolitano International Airport,Ocumare del Tuy,VE,VE-M,SA,medium_airport,1,4659,10.13317,-66.78783
SVMT,MUN,José Tadeo Monagas International Airport,Maturín,VE,VE-N,SA,medium_airport,1,6890,9.74902,-63.15335
SVPA,PYH,Cacique Aramare Airport,Puerto Ayacucho,VE,VE-Z,SA,medium_airport,1,8272,5.61999,-67.60610
SVPC,PBL,General Bartolome Salom International Airport,Puerto Cabello,VE,VE-G,SA,medium_airport,1,6970,10.48050,-68.07300
SVPM,SCI,Paramillo Airport,San Cristóbal,VE,VE-S,SA,medium_airport,2,3576,7.80139,-72.20278
SVPR,PZO,General Manuel Carlos Piar International Airport,Guyana City,VE,VE-F,SA,large_airport,1,6726,8.28853,-62.76040
SVPT,PTM,Palmarito Airport,Palmarito,VE,VE-C,SA,medium_airport,1,3775,7.57548,-70.17444
SVSA,SVZ,Juan Vicente Gómez International Airport,San Antonio del Tachira,VE,VE-S,SA,medium_airport,1,6135,7.84081,-72.43988
SVSE,SNV,Santa Elena de Uairén Airport,Santa Elena de Uairén,VE,VE-F,SA,medium_airport,1,5445,4.55470,-61.14523
SVSO,STD,Mayor Buenaventura Vivas International Airport,Santo Domingo,VE,VE-S,SA,medium_airport,1,9990,7.56538,-72.03510
SVSP,SNF,Sub Teniente Nestor Arias Airport,San Felipe,VE,VE-U,SA,medium_airport,1,4921,10.27870,-68.75520
SVSR,SFD,San Fernando de Apure Las Flecheras National Airport,San Fernando de Apure,VE,VE-C,SA,medium_airport,1,6420,7.88332,-67.44400
SVST,SOM,San Tomé Airport,El Tigre,VE,VE-B,SA,medium_airport,1,6299,8.94515,-64.15108
SVSZ,STB,Miguel Urdaneta Fernández Airport,San Carlos del Zulia,VE,VE-V,SA,medium_airport,1,8835,8.97455,-71.94325
SVTC,TUV,Tucupita Airport,Tucupita,VE,VE-Y,SA,medium_airport,1,5512,9.08899,-62.09417
SVTM,TMO,Tumeremo Airport,,VE,VE-F,SA,medium_airport,1,9765,7.24938,-61.52893
SVVA,VLN,Arturo Michelena International Airport,Valencia,VE,VE-G,SA,large_airport,1,9842,10.14973,-67.92840
SVVG,VIG,Juan Pablo Pérez Alfonso Airport,El Vigía,VE,VE-L,SA,medium_airport,1,10645,8.62414,-71.67267
SVVL,VLV,Dr. Antonio Nicolás Briceño Airport,Valera,VE,VE-T,SA,medium_airport,1,6791,9.34048,-70.58406
SVVP,VDP,Valle de La Pascua Airport,,VE,VE-J,SA,medium_airport,1,4921,9.22203,-65.99358
SWGN,AUX,Araguaína Airport,Araguaína,BR,BR-TO,SA,medium_airport,1,5919,-7.22787,-48.24050
SWIQ,MQH,Minaçu Airport,Minaçu,BR,BR-GO,SA,medium_airport,0,,-13.54910,-48.19530
SWXQ,LIP,Lins Airport,Lins,BR,BR-SP,SA,medium_airport,0,,-21.66349,-49.72995
SYCJ,GEO,Cheddi Jagan International Airport,Georgetown,GY,GY-DE,SA,large_airport,2,11023,6.49855,-58.25410
SYEC,OGL,Eugene F. Correia International Airport,Ogle,GY,GY-DE,SA,medium_airport,0,,6.80588,-58.10766
SYKA,KAI,Kaieteur Airport,Kaieteur Falls,GY,GY-PT,SA,medium_airport,1,2018,5.17735,-59.48898
SYLT,LTM,Lethem Airport,Lethem,GY,GY-UT,SA,medium_airport,1,5985,3.37276,-59.78940
TAPA,ANU,V. C. Bird International Airport,Osbourn,AG,AG-03,NA,large_airport,1,9003,17.13670,-61.79270
TAPB,BBQ,Burton-Nibbs International Airport,Codrington,AG,AG-10,NA,medium_airport,0,,17.62119,-61.79835
TBPB,BGI,Grantley Adams International Airport,Bridgetown,BB,BB-01,NA,large_airport,1,11000,13.07467,-59.49103
TDCF,DCF,Canefield Airport,Canefield,DM,DM-10,NA,medium_airport,1,3130,15.33669,-61.39211
TDPD,DOM,Douglas-Charles Airport,Marigot,DM,DM-02,NA,medium_airport,1,6352,15.54667,-61.30108
TFFF,FDF,Martinique Aimé Césaire International Airport,Fort-de-France,MQ,MQ-U-A,NA,large_airport,1,9843,14.59100,-61.00320
TFFG,SFG,Grand Case-l'Espérance Airport,Grand Case,MF,MF-U-A,NA,medium_airport,1,3937,18.10006,-63.04744
TFFJ,SBH,St. Jean Airport,Gustavia,BL,BL-U-A,NA,medium_airport,1,2119,17.90440,-62.84333
TFFM,GBJ,Marie-Galante Airport,Grand-Bourg,GP,GP-U-A,NA,medium_airport,1,4068,15.86893,-61.27009
TFFR,PTP,Maryse Condé International Airport,Pointe-à-Pitre,GP,GP-U-A,NA,large_airport,1,11499,16.26544,-61.53275
TGPY,GND,Maurice Bishop International Airport,Saint George's,GD,GD-GE,NA,large_airport,1,9003,12.00400,-61.78530
TIST,STT,Cyril E. King Airport,Charlotte Amalie,VI,VI-ST,NA,large_airport,1,7000,18.33709,-64.97725
TISX,STX,Henry E. Rohlsen Airport,Christiansted,VI,VI-SC,NA,medium_airport,1,10002,17.70141,-64.80261
TJAB,ARE,Antonio Nery Juarbe Pol Airport,Arecibo,PR,PR-U-A,NA,medium_airport,1,3975,18.45085,-66.67577
TJBQ,BQN,Rafael Hernández International Airport,Aguadilla,PR,PR-U-A,NA,medium_airport,1,11702,18.49490,-67.12940
TJCP,CPX,Benjamin Rivera Noriega Airport,Culebra,PR,PR-U-A,NA,medium_airport,1,2600,18.31295,-65.30389
TJIG,SIG,Fernando Luis Ribas Dominicci Airport,San Juan,PR,PR-U-A,NA,medium_airport,1,5317,18.45680,-66.09810
TJMZ,MAZ,Eugenio Maria De Hostos Airport,Mayaguez,PR,PR-U-A,NA,medium_airport,1,4998,18.25570,-67.14850
TJPS,PSE,Mercedita International Airport,Ponce,PR,PR-U-A,NA,medium_airport,1,6904,18.00830,-66.56300
TJRV,NRR,José Aponte de la Torre Airport,Ceiba,PR,PR-U-A,NA,medium_airport,1,11000,18.24726,-65.63979
TJSJ,SJU,Luis Munoz Marin International Airport,San Juan,PR,PR-U-A,NA,large_airport,2,10002,18.43940,-66.00180
TJVQ,VQS,Antonio Rivera Rodriguez Airport,Vieques,PR,PR-U-A,NA,medium_airport,1,4301,18.13480,-65.49360
TKPK,SKB,Robert L. Bradshaw International Airport,Basseterre,KN,KN-U-A,NA,large_airport,1,7602,17.31085,-62.71912
TKPN,NEV,Vance W. Amory International Airport,Charlestown,KN,KN-U-A,NA,medium_airport,1,3996,17.20570,-62.58990
TLPC,SLU,George F. L. Charles Airport,Castries,LC,LC-02,NA,medium_airport,1,5735,14.02020,-60.99290
TLPL,UVF,Hewanorra International Airport,Vieux Fort,LC,LC-11,NA,large_airport,1,9003,13.73320,-60.95260
TNCA,AUA,Queen Beatrix International Airport,Oranjestad,AW,AW-U-A,NA,large_airport,1,9000,12.50106,-70.01428
TNCB,BON,Flamingo International Airport,Kralendijk,BQ,BQ-BO,NA,large_airport,1,9449,12.13100,-68.26850
TNCC,CUR,Hato International Airport,Willemstad,CW,CW-U-A,NA,large_airport,1,11188,12.18890,-68.95980
TNCE,EUX,F. D. Roosevelt Airport,Oranjestad,BQ,BQ-SE,NA,medium_airport,1,4265,17.49650,-62.97940
TNCM,SXM,Princess Juliana International Airport,Sint Maarten,SX,SX-U-A,NA,large_airport,1,7546,18.04100,-63.10890
TNCS,SAB,Juancho E. Yrausquin Airport,Zion's Hill,BQ,BQ-SA,NA,medium_airport,1,1312,17.64533,-63.22051
TQPF,AXA,Clayton J. Lloyd International Airport,The Valley,AI,AI-U-A,NA,medium_airport,1,5462,18.20477,-63.05383
TRPG,MNI,John A. Osborne Airport,Gerald's Park,MS,MS-SP,NA,large_airport,1,1968,16.79183,-62.19320
TTCP,TAB,A.N.R. Robinson International Airport,Scarborough,TT,TT-TOB,NA,large_airport,1,9002,11.14957,-60.83130
TTPP,POS,Piarco International Airport,Port of Spain,TT,TT-TUP,NA,large_airport,1,10500,10.59535,-61.33757
TUPJ,EIS,Terrance B. Lettsome International Airport,Beef Island,VG,VG-U-A,NA,large_airport,1,4642,18.44549,-64.54171
TUPW,VIJ,Virgin Gorda Airport,Spanish Town,VG,VG-U-A,NA,medium_airport,1,3100,18.44663,-64.42793
TVSA,SVD,Argyle International Airport,Kingstown,VC,VC-04,NA,large_airport,1,9000,13.15972,-61.14880
TVSB,BQU,J F Mitchell Airport,Bequia,VC,VC-06,NA,medium_airport,1,3609,12.98840,-61.26200
TVSC,CIW,Canouan Airport,Canouan,VC,VC-06,NA,medium_airport,1,5900,12.69900,-61.34240
TVSM,MQS,Mustique Airport,Lovell,VC,VC-06,NA,medium_airport,1,3255,12.88790,-61.18020
TVSU,UNI,Union Island International Airport,Union Island,VC,VC-06,NA,medium_airport,1,2467,12.60013,-61.41195
TXKF,BDA,L.F. Wade International Airport,Hamilton,BM,BM-U-A,NA,large_airport,1,9705,32.36380,-64.67824
UAAA,ALA,Almaty International Airport,Almaty,KZ,KZ-ALA,AS,large_airport,2,14764,43.35427,77.04283
UAAH,BXH,Balkhash Airport,Balkhash,KZ,KZ-KAR,AS,medium_airport,1,8208,46.89425,75.00453
UAAT,TDK,Taldykorgan Airport,Taldykorgan,KZ,KZ-JET,AS,medium_airport,1,9846,45.12255,78.44276
UACC,NQZ,Nursultan Nazarbayev International Airport,Astana,KZ,KZ-AST,AS,large_airport,1,11484,51.02703,71.46709
UACK,KOV,Kokshetau International Airport,Kokshetau,KZ,KZ-AKM,AS,large_airport,1,8325,53.32910,69.59460
UACP,PPK,Petropavl International Airport,Petropavl,KZ,KZ-SEV,AS,large_airport,1,8190,54.77562,69.18742
UADD,DMB,Taraz International Airport,Taraz,KZ,KZ-ZHA,AS,large_airport,1,9514,42.85360,71.30360
UAFW,,Kant Air Base,Kant,KG,KG-C,AS,medium_airport,1,8859,42.85320,74.84650
UAII,CIT,Shymkent International Airport,Shymkent,KZ,KZ-YUZ,AS,large_airport,1,9186,42.36502,69.47564
UAIT,HSA,Hazrat Sultan International Airport,Turkıstan,KZ,KZ-YUZ,AS,large_airport,1,10827,43.31109,68.55035
UAKD,DZN,Zhezkazgan National Airport,Zhezkazgan,KZ,KZ-ULY,AS,large_airport,1,8530,47.70895,67.73809
UAKK,KGF,Sary-Arka Airport,Karaganda,KZ,KZ-KAR,AS,large_airport,1,10831,49.67080,73.33440
UAOL,BXY,Baikonur Krayniy International Airport,Baikonur,KZ,KZ-BAY,AS,large_airport,1,10500,45.62199,63.21077
UAON,,Yubileyniy Airfield,Töretam,KZ,KZ-KZY,AS,medium_airport,1,14765,46.05242,63.24918
UAOO,KZO,Korkyt Ata International Airport,Kyzylorda,KZ,KZ-KZY,AS,large_airport,1,8858,44.70690,65.59250
UARR,URA,Manshuk Mametova International Airport,Uralsk,KZ,KZ-ZAP,AS,large_airport,1,9183,51.15198,51.54365
UASA,,Ayaguz Airport,Ayaguz,KZ,KZ-ABA,AS,medium_airport,0,,47.91922,80.45219
UASB,EKB,Ekibastuz Airport,Ekibastuz,KZ,KZ-PAV,AS,medium_airport,0,,51.59100,75.21500
UASD,,Dolon Air Base,Semey,KZ,KZ-ABA,AS,medium_airport,0,,50.53689,79.19469
UASK,UKK,Oskemen International Airport,Ust-Kamenogorsk (Oskemen),KZ,KZ-VOS,AS,large_airport,2,8234,50.03503,82.49606
UASP,PWQ,Pavlodar International Airport,Pavlodar,KZ,KZ-PAV,AS,large_airport,1,8202,52.19498,77.07309
UASS,PLX,Semei International Airport,Semey,KZ,KZ-ABA,AS,large_airport,2,10159,50.35130,80.23440
UATE,SCO,Aktau International Airport,Aktau,KZ,KZ-MAN,AS,large_airport,1,10013,43.86009,51.09086
UATG,GUW,Atyrau International Airport,Atyrau,KZ,KZ-ATY,AS,large_airport,1,9842,47.12132,51.82034
UATR,,Shalkar Airport,Shalkar,KZ,KZ-AKT,AS,medium_airport,0,,47.90500,59.62000
UATT,AKX,Aktobe International Airport,Aktobe,KZ,KZ-AKT,AS,large_airport,1,10505,50.24812,57.20414
UAUU,KSN,Kostanay International Airport,Kostanay,KZ,KZ-KUS,AS,large_airport,1,9229,53.20690,63.55030
UB14,,Kyurdamir Air Base,Kyurdamir,AZ,AZ-KUR,AS,medium_airport,1,8200,40.27360,48.16360
UB18,,Baku Kala Air Base,Baku,AZ,AZ-BA,AS,medium_airport,1,8670,40.40841,50.20029
UBBB,GYD,Heydar Aliyev International Airport,Baku,AZ,AZ-BA,AS,large_airport,2,13123,40.47278,50.05093
UBBG,GNJ,Ganja International Airport,Ganja,AZ,AZ-GA,AS,large_airport,1,10827,40.73869,46.32038
UBBI,,Nasosnaya Air Base,Sumqayit,AZ,AZ-SM,AS,medium_airport,0,,40.59160,49.55740
UBBN,NAJ,Nakhchivan International Airport,Nakhchivan,AZ,AZ-NX,AS,large_airport,2,10826,39.18880,45.45840
UBBQ,GBB,Gabala International Airport,Gabala,AZ,AZ-QAB,AS,medium_airport,1,11811,40.80862,47.72539
UBBS,,Khojaly Airport,Khojaly,AZ,AZ-XCI,AS,medium_airport,0,,39.90140,46.78700
UBBY,ZTU,Zaqatala International Airport,Zaqatala,AZ,AZ-ZAQ,AS,medium_airport,1,9843,41.55782,46.66946
UBLC,LHL,Lachin International Airport,Lachin,AZ,AZ-LAC,AS,medium_airport,0,,39.88379,46.36314
UBTT,ZXT,Zabrat Airport,Zabrat,AZ,AZ-BA,AS,medium_airport,0,,40.49488,49.97707
UCFB,,Batken Airport,Batken,KG,KG-B,AS,medium_airport,0,,40.04290,70.83784
UCFD,,Jalal-Abad Airport,Jalal-Abad,KG,KG-J,AS,medium_airport,0,,40.94440,72.97780
UCFK,IKG,Karakol International Airport,Karakol,KG,KG-Y,AS,medium_airport,0,,42.50810,78.40780
UCFL,IKU,Issyk-Kul International Airport,Tamchy,KG,KG-Y,AS,large_airport,1,12467,42.58558,76.70118
UCFM,BSZ,Manas International Airport,Bishkek,KG,KG-C,AS,large_airport,0,,43.06130,74.47760
UCFO,OSS,Osh International Airport,Osh,KG,KG-O,AS,large_airport,0,,40.60900,72.79330
UDSG,LWN,Shirak International Airport,Gyumri,AM,AM-SH,AS,large_airport,1,10564,40.75040,43.85930
UDYE,,Erebuni Airport,Yerevan,AM,AM-ER,AS,medium_airport,1,9134,40.12210,44.46500
UDYZ,EVN,Zvartnots International Airport,Yerevan,AM,AM-ER,AS,large_airport,1,12631,40.14894,44.39789
UEEE,YKS,Platon Oyunsky Yakutsk International Airport,Yakutsk,RU,RU-SA,AS,large_airport,1,11155,62.09330,129.77100
UELL,NER,Chulman Airport,Neryungri,RU,RU-SA,AS,medium_airport,1,11811,56.91390,124.91400
UEMA,MQJ,Moma Airport,Khonuu,RU,RU-SA,AS,medium_airport,1,5906,66.45086,143.26155
UEMM,GYG,Magan Airport,Magan,RU,RU-SA,AS,medium_airport,1,4265,62.10348,129.54529
UEMO,OLZ,Olyokminsk Airport,Olyokminsk,RU,RU-SA,AS,medium_airport,1,4265,60.40183,120.47609
UEMT,USR,Ust-Nera Airport,Ust-Nera,RU,RU-SA,AS,medium_airport,1,5020,64.55000,143.11500
UENK,,Kyzyl-Syr Airport,Kyzyl-Syr,RU,RU-SA,AS,medium_airport,0,,63.88730,122.77578
UENW,VYI,Vilyuisk Airport,Vilyuisk,RU,RU-SA,AS,medium_airport,1,5249,63.75667,121.69334
UERA,,Aykhal Airport,,RU,RU-SA,AS,medium_airport,0,,65.95920,111.54650
UERL,ULK,Lensk Airport,Lensk,RU,RU-SA,AS,medium_airport,1,6562,60.72359,114.82532
UERP,PYJ,Polyarny Airport,Yakutia,RU,RU-SA,AS,medium_airport,1,10170,66.40040,112.03000
UERR,MJZ,Mirny Airport,Mirny,RU,RU-SA,AS,medium_airport,1,9187,62.53470,114.03900
UERS,SYS,Saskylakh Airport,Saskylakh,RU,RU-SA,AS,medium_airport,0,,71.92790,114.08000
UESG,BGN,Belaya Gora Airport,Belaya Gora,RU,RU-SA,AS,medium_airport,0,,68.55623,146.22784
UESK,SEK,Srednekolymsk Airport,Srednekolymsk,RU,RU-SA,AS,medium_airport,1,5906,67.48050,153.73640
UESO,CKH,Chokurdakh Airport,Chokurdah,RU,RU-SA,AS,medium_airport,1,6233,70.62310,147.90199
UESS,CYX,Cherskiy Airport,Cherskiy,RU,RU-SA,AS,medium_airport,1,5577,68.74060,161.33800
UEST,IKS,Tiksi Airport,Tiksi,RU,RU-SA,AS,medium_airport,1,9845,71.69770,128.90300
UESU,ZKP,Zyryanka Airport,Zyryanka,RU,RU-SA,AS,medium_airport,0,,65.74850,150.88890
UEVV,ZIX,Zhigansk Airport,Zhigansk,RU,RU-SA,AS,medium_airport,0,,66.79650,123.36100
UG11,,Dollyar Air Base,Dollyar,AZ,AZ-SKR,AS,medium_airport,1,8182,40.88760,45.95700
UG22,,Tbilisi Marneuli Air Base,Tbilisi,GE,GE-KK,AS,medium_airport,1,8170,41.45920,44.78320
UG24,,Tbilisi Soganlug Air Base,Tbilisi,GE,GE-TB,AS,medium_airport,1,8131,41.64920,44.93640
UG27,,Vaziani Air Base,Gamarjveba 1,GE,GE-KK,AS,medium_airport,1,8205,41.62800,45.03080
UG28,,Bolshiye Shiraki Air Base,Bolshiye Shiraki,GE,GE-KA,AS,medium_airport,1,8862,41.37950,46.36730
UGAM,,Ambrolauri Airport,Ambrolauri,GE,GE-RL,AS,medium_airport,1,3609,42.52687,43.13538
UGKO,KUT,David the Builder Kutaisi International Airport,Kopitnari,GE,GE-IM,AS,large_airport,1,8202,42.17745,42.48535
UGSB,BUS,Alexander Kartveli Batumi International Airport,Batumi,GE,GE-AJ,AS,large_airport,1,8202,41.60939,41.60032
UGSG,,Gudauta Air Base,Gudauta,GE,GE-AB,AS,medium_airport,0,,43.10400,40.57930
UGSS,SUI,Vladislav Ardzinba Sukhum International Airport,Sukhumi,GE,GE-AB,AS,medium_airport,1,12012,42.85820,41.12810
UGTB,TBS,Tbilisi International Airport,Tbilisi,GE,GE-TB,AS,large_airport,1,9843,41.66920,44.95470
UHBB,BQS,Ignatyevo Airport,Blagoveschensk,RU,RU-AMU,AS,medium_airport,1,9256,50.42672,127.41550
UHHH,KHV,Khabarovsk Novy Airport,Khabarovsk,RU,RU-KHA,AS,medium_airport,2,13124,48.52834,135.18859
UHII,,Chernigovka Air Base,Chernigovka,RU,RU-PRI,AS,medium_airport,0,,44.32239,132.54529
UHKD,,Dzemgi Airport,Komsomolsk-na-Amur,RU,RU-KHA,AS,medium_airport,1,8202,50.60563,137.08127
UHKG,,Kamenny Ruchey Naval Air Base,Sovetskaya Gavan,RU,RU-KHA,AS,medium_airport,1,11154,49.23570,140.19310
UHKK,KXK,Komsomolsk-on-Amur Airport,Komsomolsk-on-Amur,RU,RU-KHA,AS,medium_airport,1,8202,50.40900,136.93401
UHKM,GVN,Sovetskaya Gavan (Maygatka) Airport,Sovetskaya Gavan,RU,RU-KHA,AS,medium_airport,1,9842,48.92507,140.03535
UHMA,DYR,Ugolny Yuri Ryktheu Airport,Anadyr,RU,RU-CHU,AS,medium_airport,1,11483,64.73490,177.74100
UHMD,PVS,Provideniya Bay Airport,Chukotka,RU,RU-CHU,AS,medium_airport,1,7190,64.37810,-173.24300
UHMF,,Omsukchan Airport,Omsukchan,RU,RU-MAG,AS,medium_airport,0,,62.45700,155.74499
UHMG,,Chaybukha Airport,Chaybukha,RU,RU-MAG,AS,medium_airport,1,6561,61.83500,160.54800
UHMK,KPW,Keperveem Airport,Keperveem,RU,RU-CHU,AS,medium_airport,1,11482,67.84500,166.14000
UHMM,GDX,Sokol Airport,Magadan,RU,RU-MAG,AS,medium_airport,1,11326,59.91100,150.72000
UHMP,PWE,Pevek Airport,Apapelgino,RU,RU-CHU,AS,medium_airport,1,8202,69.78330,170.59700
UHMS,,Seymchan Airport,Seymchan,RU,RU-MAG,AS,medium_airport,0,,62.92078,152.42278
UHMT,,Magadan-13 Airport,Magadan,RU,RU-MAG,AS,medium_airport,0,,59.62330,150.92200
UHMW,SWV,Severo-Evensk Airport,Evensk,RU,RU-MAG,AS,medium_airport,1,5249,61.92179,159.22906
UHNN,NLI,Nikolayevsk-na-Amure Airport,Nikolayevsk-na-Amure Airport,RU,RU-KHA,AS,medium_airport,1,6233,53.15500,140.64999
UHOO,OHO,Okhotsk Airport,Okhotsk,RU,RU-KHA,AS,medium_airport,1,6562,59.41007,143.05650
UHPL,,Palana Airport,Palana,RU,RU-KAM,AS,medium_airport,0,,59.08206,159.89158
UHPP,PKC,Yelizovo Airport,Petropavlovsk-Kamchatsky,RU,RU-KAM,AS,large_airport,1,11155,53.16872,158.45107
UHSS,UUS,Yuzhno-Sakhalinsk International Airport,Yuzhno-Sakhalinsk,RU,RU-SAK,AS,large_airport,1,11155,46.88546,142.71747
UHWV,,Vozdvizhenka Air Base,Vozdvizhenka,RU,RU-PRI,AS,medium_airport,0,,43.90750,131.92501
UHWW,VVO,Vladivostok International Airport,Artyom,RU,RU-PRI,AS,large_airport,1,11483,43.39626,132.14816
UIAA,HTA,Chita-Kadala International Airport,Chita,RU,RU-ZAB,AS,large_airport,2,9430,52.02484,113.30584
UIAE,,Krasnokamensk Airport,Krasnokamensk,RU,RU-ZAB,AS,medium_airport,1,8202,50.03311,118.06114
UIAI,,Cheryomushki Air Base,Chita,RU,RU-ZAB,AS,medium_airport,0,,52.07296,113.43327
UIBB,BTK,Bratsk Airport,Bratsk,RU,RU-IRK,AS,medium_airport,1,10368,56.36960,101.70182
UIBV,,Zheleznogorsk Airport,Zheleznogorsk-Ilimsky,RU,RU-IRK,AS,medium_airport,1,4594,56.48770,104.10600
UIID,,Dzhida Air Base,Dzhida,RU,RU-BU,AS,medium_airport,0,,50.67742,106.13857
UIII,IKT,Irkutsk International Airport,Irkutsk,RU,RU-IRK,AS,large_airport,1,11696,52.26671,104.39556
UIIR,,Irkutsk Northwest Airport,Irkutsk,RU,RU-IRK,AS,medium_airport,0,,52.36764,104.18333
UITT,UKX,Ust-Kut Airport,Ust-Kut,RU,RU-IRK,AS,medium_airport,1,6561,56.85670,105.73000
UIUU,UUD,Baikal International Airport,Ulan Ude,RU,RU-BU,AS,large_airport,1,11155,51.80861,107.43965
UKBB,KBP,Boryspil International Airport,Boryspil,UA,UA-32,EU,large_airport,2,13123,50.34500,30.89470
UKBC,,Bila Tserkva Air Base,Bila Tserkva,UA,UA-32,EU,medium_airport,0,,49.79523,30.02444
UKCM,MPW,Mariupol International Airport,Mariupol,UA,UA-14,EU,medium_airport,2,8431,47.07610,37.44960
UKDB,ERD,Berdyansk Airport,Berdyansk,UA,UA-23,EU,medium_airport,1,8202,46.81500,36.75810
UKDD,DNK,Dnipro International Airport,Dnipro,UA,UA-12,EU,medium_airport,1,9320,48.35720,35.10060
UKDE,OZH,Zaporizhzhia International Airport,Zaporizhia,UA,UA-23,EU,medium_airport,1,8210,47.86696,35.31472
UKDM,,Melitopol Air Base,Melitopol,UA,UA-23,EU,medium_airport,0,,46.88000,35.30500
UKDR,KWG,Kryvyi Rih International Airport,Kryvyi Rih,UA,UA-12,EU,medium_airport,1,8202,48.04330,33.21000
UKFB,UKS,Sevastopol International Airport / Belbek Air Base,Sevastopol,UA,UA-43,EU,medium_airport,0,,44.69182,33.57462
UKFF,SIP,Simferopol International Airport,Simferopol,UA,UA-43,EU,large_airport,2,12142,45.05220,33.97510
UKFG,,Gvardeyskoye (Hvardiiske) Air Base,Hvardiiske,UA,UA-43,EU,medium_airport,0,,45.11619,33.97662
UKFI,,Saky Air Base,Novofedorivka,UA,UA-43,EU,medium_airport,0,,45.09061,33.59854
UKFY,,Dzhankoy Air Base,Dzhankoy,UA,UA-43,EU,medium_airport,0,,45.70090,34.41890
UKHH,HRK,Kharkiv International Airport,Kharkiv,UA,UA-U-A,EU,medium_airport,1,7285,49.92694,36.29081
UKHP,PLV,Suprunovka Airport,Poltava,UA,UA-53,EU,medium_airport,0,,49.56860,34.39720
UKKA,,Kacha Air Base,Kacha,UA,UA-43,EU,medium_airport,0,,44.77976,33.57225
UKKE,CKC,Cherkasy International Airport,Cherkasy,UA,UA-71,EU,medium_airport,1,8180,49.41560,31.99530
UKKK,IEV,Igor Sikorsky Kyiv International Airport (Zhuliany),Kyiv,UA,UA-30,EU,medium_airport,1,7579,50.40194,30.45194
UKKM,,Hostomel Airport,Kiev,UA,UA-32,EU,medium_airport,1,11483,50.60350,30.19190
UKKO,,Ozerne Air Base,Zhytomyr,UA,UA-18,EU,medium_airport,0,,50.15830,28.73830
UKKV,ZTR,Zhytomyr Airport,Zhytomyr,UA,UA-18,EU,medium_airport,0,,50.27056,28.73861
UKLH,HMJ,Khmelnytskyi Airport,Khmelnytskyi,UA,UA-68,EU,medium_airport,1,7219,49.35970,26.93340
UKLI,IFO,Ivano-Frankivsk International Airport,Ivano-Frankivsk,UA,UA-26,EU,medium_airport,1,8226,48.88420,24.68610
UKLL,LWO,Lviv International Airport,Lviv,UA,UA-46,EU,large_airport,1,10843,49.81250,23.95610
UKLN,CWC,Chernivtsi International Airport,Chernivtsi,UA,UA-77,EU,medium_airport,1,7270,48.25930,25.98080
UKLR,RWN,Rivne International Airport,Rivne,UA,UA-19,EU,medium_airport,1,8615,50.60710,26.14160
UKLU,UDJ,Uzhhorod International Airport,Uzhhorod,UA,UA-21,EU,medium_airport,1,6686,48.63430,22.26340
UKOD,,Zhovtneve Air Base,Bolgrad,UA,UA-51,EU,medium_airport,0,,45.64000,28.67000
UKOH,KHE,Kherson International Airport,Kherson,UA,UA-65,EU,medium_airport,1,8202,46.67580,32.50640
UKON,NLV,Mykolaiv International Airport [CLOSED],Mykolaiv,UA,UA-48,EU,medium_airport,2,8438,47.05790,31.91980
UKOO,ODS,Odesa International Airport,Odesa,UA,UA-51,EU,large_airport,2,9186,46.42720,30.67265
UKRN,,Nizhyn Air Base,Nizhyn,UA,UA-74,EU,medium_airport,0,,51.08854,31.87100
UKWW,VIN,Vinnytsia/Gavyryshivka International Airport,Vinnitsa,UA,UA-05,EU,medium_airport,1,8175,49.24253,28.61378
ULAA,ARH,Talagi Airport,Archangelsk,RU,RU-ARK,EU,medium_airport,1,8202,64.60030,40.71670
ULAH,VKV,Vaskovo Airport,Arkhangelsk,RU,RU-ARK,EU,medium_airport,1,7875,64.44170,40.42170
ULAM,NNM,Naryan Mar Airport,Naryan Mar,RU,RU-NEN,EU,medium_airport,1,8202,67.64000,53.12190
ULDA,,Rogachyovo Air Base,Belaya,RU,RU-ARK,EU,medium_airport,0,,71.61670,52.47830
ULDD,AMV,Amderma Airport,Amderma,RU,RU-NEN,EU,medium_airport,0,,69.76371,61.55671
ULKK,KSZ,Kotlas Airport,Kotlas,RU,RU-ARK,EU,medium_airport,1,4757,61.23580,46.69750
ULLI,LED,Pulkovo Airport,St. Petersburg,RU,RU-SPE,EU,large_airport,2,12402,59.80030,30.26250
ULLK,,Krechevitsy Air Base,Novgorod,RU,RU-NGR,EU,medium_airport,0,,58.62500,31.38500
ULLP,,Pushkin Airport,St. Petersburg,RU,RU-SPE,EU,medium_airport,1,8202,59.68500,30.33830
ULMM,MMK,Emperor Nicholas II Murmansk Airport,Murmansk,RU,RU-MUR,EU,large_airport,1,8202,68.78170,32.75080
ULNR,,Staraya Russa Air Base,Staraya Russa,RU,RU-NGR,EU,medium_airport,0,,57.96140,31.38440
ULOL,VLU,Velikiye Luki Airport,Velikiye Luki,RU,RU-PSK,EU,medium_airport,0,,56.38107,30.60785
ULOO,PKV,Princess Olga Pskov International Airport,Pskov,RU,RU-PSK,EU,medium_airport,1,8281,57.78132,28.39384
ULPB,PES,Petrozavodsk Airport,Petrozavodsk,RU,RU-KR,EU,medium_airport,1,8202,61.88520,34.15470
ULPP,,Peski Airfield,Petrozavodsk,RU,RU-KR,EU,medium_airport,1,2295,61.83194,34.29556
ULWC,CEE,Cherepovets Airport,Cherepovets,RU,RU-VLG,EU,medium_airport,1,8202,59.27360,38.01580
ULWU,VUS,Velikiy Ustyug Airport,Velikiy Ustyug,RU,RU-VLG,AS,medium_airport,1,5069,60.78830,46.26000
ULWW,VGD,Vologda Airport,Vologda,RU,RU-VLG,EU,medium_airport,1,4921,59.28250,39.94440
UMBB,BQT,Brest International Airport,Brest,BY,BY-BR,EU,large_airport,1,8596,52.10814,23.89676
UMGG,GME,Gomel Airport,Gomel,BY,BY-HO,EU,medium_airport,1,8428,52.52700,31.01670
UMII,VTB,Vitebsk Vostochny Airport,Vitebsk,BY,BY-VI,EU,medium_airport,1,8550,55.12650,30.34960
UMIO,TXC,Orsha Airport - Balbasovo Air Base,Orsha,BY,BY-VI,EU,medium_airport,0,,54.44000,30.29670
UMKK,KGD,Khrabrovo Airport,Kaliningrad,RU,RU-KGD,EU,large_airport,1,10991,54.89161,20.59856
UMMA,,Baranavichi Air Base,Baranavichi,BY,BY-BR,EU,medium_airport,1,9836,53.10000,26.05000
UMMG,GNA,Hrodna Airport,Hrodna,BY,BY-HR,EU,medium_airport,2,8399,53.60200,24.05380
UMMO,,Osovtsy Air Base,Byaroza,BY,BY-BR,EU,medium_airport,0,,52.55700,24.88400
UMMS,MSQ,Minsk National Airport,Minsk,BY,BY-MI,EU,large_airport,2,12139,53.88807,28.03996
UMNB,,Babruisk Air Base,Babruisk,BY,BY-MA,EU,medium_airport,1,9836,53.10500,29.20500
UMOO,MVQ,Mogilev Airport,Mogilev,BY,BY-MA,EU,medium_airport,1,8422,53.95490,30.09510
UNAA,ABA,Abakan International Airport,Abakan,RU,RU-KK,AS,large_airport,1,10663,53.74000,91.38500
UNBB,BAX,Barnaul Gherman Titov International Airport,Barnaul,RU,RU-ALT,AS,large_airport,1,9350,53.36129,83.53970
UNBG,RGK,Gorno-Altaysk Airport,Gorno-Altaysk,RU,RU-AL,EU,medium_airport,1,7546,51.96920,85.83654
UNEE,KEJ,Alexei Leonov Kemerovo International Airport,Kemerovo,RU,RU-KEM,AS,large_airport,1,10499,55.27010,86.10720
UNIB,BKA,Baykit Airport,Baykit,RU,RU-KYA,AS,medium_airport,1,3581,61.67670,96.35500
UNII,EIE,Yeniseysk Airport,Yeniseysk,RU,RU-KYA,AS,medium_airport,1,7217,58.47420,92.11250
UNIP,TGP,Podkamennaya Tunguska Airport,Bor,RU,RU-KYA,AS,medium_airport,1,5597,61.58970,89.99400
UNIS,VEO,Severo-Yeniseysk Airport,Severo-Yeniseysk,RU,RU-KYA,AS,medium_airport,1,4920,60.37330,93.01170
UNIW,VAQ,Vanavara Airport,Vanavara,RU,RU-KYA,AS,medium_airport,1,4592,60.35623,102.30964
UNKL,KJA,Krasnoyarsk International Airport,Krasnoyarsk,RU,RU-KYA,AS,large_airport,1,12139,56.17574,92.48579
UNKM,KCY,Krasnoyarsk Cheremshanka Airport,Krasnoyarsk,RU,RU-KYA,AS,medium_airport,1,5905,56.17758,92.54588
UNKS,ACS,Achinsk Airport,Achinsk,RU,RU-KYA,AS,medium_airport,1,8038,56.26919,90.57511
UNKY,KYZ,Kyzyl Airport,Kyzyl,RU,RU-TY,AS,medium_airport,1,8858,51.66940,94.40060
UNNE,,Yeltsovka Airport,Novosibirsk,RU,RU-NVS,AS,medium_airport,1,10500,55.09240,83.00450
UNNT,OVB,Novosibirsk Tolmachevo Airport,Novosibirsk,RU,RU-NVS,EU,large_airport,2,11818,55.01976,82.61867
UNOO,OMS,Omsk Central Airport,Omsk,RU,RU-OMS,AS,large_airport,3,9435,54.96312,73.31242
UNOS,,Omsk Severny Airport,Omsk,RU,RU-OMS,AS,medium_airport,1,9842,54.97500,73.55500
UNSS,SWT,Strezhevoy Airport,Strezhevoy,RU,RU-TOM,AS,medium_airport,1,6562,60.70940,77.66000
UNTT,TOF,Tomsk Kamov Airport,Tomsk,RU,RU-TOM,AS,large_airport,1,8202,56.38030,85.20830
UNWW,NOZ,Spichenkovo Airport,Novokuznetsk,RU,RU-KEM,AS,medium_airport,1,8789,53.81140,86.87720
UODD,DKS,Dikson Airport,Dikson,RU,RU-KYA,AS,medium_airport,1,4920,73.51781,80.37967
UODN,,Nagurskoye Airfield,Alexandra Land,RU,RU-ARK,AS,medium_airport,0,,80.80321,47.66359
UOHH,HTG,Khatanga Airport,Khatanga,RU,RU-KYA,AS,medium_airport,1,8872,71.97810,102.49100
UOIG,SES,Svetlogorsk Airport,Svetlogorsk,RU,RU-KYA,AS,medium_airport,1,5248,66.84000,88.40334
UOII,IAA,Igarka Airport,Igarka,RU,RU-KYA,AS,medium_airport,1,8202,67.43720,86.62190
UOOO,NSK,Alykel International Airport,Norilsk,RU,RU-KYA,AS,large_airport,1,11254,69.30795,87.32591
URKA,AAQ,Anapa Vityazevo Airport,Krasnyi Kurgan,RU,RU-KDA,EU,medium_airport,1,8202,45.00210,37.34730
URKE,EIK,Yeysk Airport,Yeysk,RU,RU-KDA,EU,medium_airport,0,,46.68000,38.21000
URKG,GDZ,Gelendzhik Airport,Gelendzhik,RU,RU-KDA,EU,medium_airport,1,10171,44.58209,38.01248
URKK,KRR,Krasnodar Pashkovsky International Airport,Krasnodar,RU,RU-KDA,EU,large_airport,2,9835,45.03446,39.17421
URMB,,Budyonnovsk Air Base,Budyonnovsk,RU,RU-STA,EU,medium_airport,0,,44.83000,44.01300
URMG,GRV,Akhmat Kadyrov Grozny International Airport,Grozny,RU,RU-CE,AS,large_airport,1,8202,43.38811,45.69977
URML,MCX,Makhachkala Uytash International Airport,Makhachkala,RU,RU-DA,AS,large_airport,1,8662,42.81680,47.65230
URMM,MRV,Mineralnye Vody Airport,Mineralnyye Vody,RU,RU-STA,EU,large_airport,1,12795,44.22510,43.08190
URMN,NAL,Nalchik Airport,Nalchik,RU,RU-KB,EU,medium_airport,1,7218,43.51290,43.63660
URMO,OGZ,Vladikavkaz Beslan International Airport,Beslan,RU,RU-SE,EU,medium_airport,1,9843,43.20510,44.60660
URMS,IGT,Magas Airport,Sunzha,RU,RU-IN,AS,medium_airport,1,9842,43.32327,45.01257
URMT,STW,Stavropol Shpakovskoye Airport,Stavropol,RU,RU-STA,EU,medium_airport,1,8530,45.10920,42.11280
UROD,,Dudinka Airport,Dudinka,RU,RU-KYA,AS,medium_airport,1,4758,69.37500,86.15667
URRP,ROV,Platov International Airport,Rostov-on-Don,RU,RU-ROS,EU,large_airport,1,11811,47.49389,39.92472
URSS,AER,Sochi International Airport,Sochi,RU,RU-KDA,EU,large_airport,2,9498,43.44990,39.95660
URWA,ASF,Astrakhan Narimanovo Boris M. Kustodiev International Airport,Astrakhan,RU,RU-AST,AS,large_airport,2,10499,46.28284,48.01051
URWI,ESL,Elista Airport,Elista,RU,RU-KL,EU,medium_airport,2,10499,46.37390,44.33090
URWW,VOG,Volgograd International Airport,Volgograd,RU,RU-VGG,EU,large_airport,1,9186,48.78134,44.33919
USCC,CEK,Kurchatov Chelyabinsk International Airport,Chelyabinsk,RU,RU-CHE,AS,large_airport,1,10499,55.30314,61.50493
USCM,MQF,Magnitogorsk International Airport,Magnitogorsk,RU,RU-BA,AS,large_airport,1,10663,53.39199,58.75523
USCU,,Uprun Air Base,Uvelsky,RU,RU-CHE,AS,medium_airport,0,,54.37500,61.35330
USDA,SBT,Sabetta International Airport,Sabetta,RU,RU-YAN,AS,medium_airport,1,8858,71.21917,72.05222
USDB,BVJ,Bovanenkovo Airport,Bovanenkovo,RU,RU-YAN,AS,medium_airport,2,8698,70.31528,68.33361
USDD,SLY,Salekhard Airport,Salekhard,RU,RU-YAN,AS,medium_airport,1,8917,66.59080,66.61100
USHB,EZV,Berezovo Airport,,RU,RU-KHM,AS,medium_airport,0,,63.92100,65.03050
USHH,HMA,Khanty Mansiysk Airport,Khanty-Mansiysk,RU,RU-KHM,AS,medium_airport,1,9180,61.02850,69.08610
USHN,NYA,Nyagan Airport,Nyagan,RU,RU-KHM,EU,medium_airport,1,8307,62.11000,65.61500
USHQ,EYK,Beloyarskiy Airport,,RU,RU-KHM,EU,medium_airport,1,7028,63.68690,66.69860
USHS,OVS,Sovetskiy Airport,Sovetskiy,RU,RU-KHM,AS,medium_airport,1,8202,61.32662,63.60191
USHU,URJ,Uray Airport,Uray,RU,RU-KHM,AS,medium_airport,1,7218,60.10330,64.82670
USII,IJK,Izhevsk Airport,Izhevsk,RU,RU-UD,AS,medium_airport,1,8202,56.83452,53.46217
USKK,KVX,Pobedilovo Airport,Kirov,RU,RU-KIR,EU,medium_airport,2,7230,58.50388,49.34783
USMM,NYM,Nadym Airport,Nadym,RU,RU-YAN,AS,medium_airport,1,8360,65.48090,72.69890
USMQ,,Yamburg Airport,Yamburg,RU,RU-YAN,AS,medium_airport,0,,67.98729,75.09804
USMU,NUX,Novy Urengoy Airport,Novy Urengoy,RU,RU-YAN,AS,medium_airport,1,8366,66.06940,76.52030
USNN,NJC,Nizhnevartovsk Airport,Nizhnevartovsk,RU,RU-KHM,AS,large_airport,1,10499,60.94930,76.48360
USPP,PEE,Perm International Airport,Perm,RU,RU-PER,AS,large_airport,1,10520,57.91450,56.02120
USRK,KGP,Kogalym International Airport,Kogalym,RU,RU-KHM,AS,medium_airport,1,8225,62.19040,74.53380
USRN,NFG,Nefteyugansk Airport,Nefteyugansk,RU,RU-KHM,AS,medium_airport,1,8858,61.10830,72.65000
USRO,NOJ,Noyabrsk Airport,Noyabrsk,RU,RU-YAN,AS,medium_airport,1,8202,63.18330,75.27000
USRR,SGC,Surgut International Airport,Surgut,RU,RU-KHM,AS,large_airport,1,9154,61.34050,73.40578
USSK,,Uktus Airport,Yekaterinburg,RU,RU-SVE,EU,medium_airport,1,5905,56.70170,60.79000
USSS,SVX,Koltsovo Airport,Yekaterinburg,RU,RU-SVE,AS,large_airport,2,9925,56.74310,60.80270
USTJ,RMZ,Tobolsk Remezov Airport,Tobolsk,RU,RU-TYU,AS,medium_airport,1,7875,58.05971,68.34800
USTR,TJM,Roshchino International Airport,Tyumen,RU,RU-TYU,AS,large_airport,2,9852,57.17898,65.32770
USUU,KRO,Kurgan Airport,Kurgan,RU,RU-KGN,AS,medium_airport,1,8530,55.47530,65.41560
UT1G,,Ashgabat Bezmein Air Base,Ashgabat,TM,TM-S,AS,medium_airport,1,8665,38.01200,58.19500
UTAA,ASB,Ashgabat International Airport,Ashgabat,TM,TM-S,AS,large_airport,2,12467,37.98680,58.36100
UTAK,KRW,Turkmenbaşy International Airport,Turkmenbaşy,TM,TM-B,AS,medium_airport,2,11483,40.06283,53.00509
UTAM,MYP,Mary International Airport,Mary,TM,TM-M,AS,medium_airport,2,12467,37.62353,61.89567
UTAN,BKN,Balkanabat International Airport,Balkanabat,TM,TM-B,AS,medium_airport,0,,39.68105,54.20601
UTAT,TAZ,Dashoguz International Airport,Daşoguz,TM,TM-D,AS,large_airport,1,12467,41.75985,59.83615
UTAV,CRZ,Türkmenabat International Airport,Türkmenabat,TM,TM-L,AS,large_airport,1,12467,38.93066,63.56398
UTDD,DYU,Dushanbe International Airport,Dushanbe,TJ,TJ-DU,AS,large_airport,1,10170,38.54375,68.82298
UTDK,TJU,Kulob International Airport,Kulob,TJ,TJ-KT,AS,large_airport,1,9843,37.98810,69.80500
UTDL,LBD,Khujand International Airport,Khujand,TJ,TJ-SU,AS,large_airport,1,10433,40.21540,69.69470
UTDT,KQT,Bokhtar International Airport,Bokhtar,TJ,TJ-KT,AS,large_airport,1,7497,37.86632,68.86447
UUBA,KMW,Kostroma Sokerkino Airport,Kostroma,RU,RU-KOS,EU,medium_airport,1,5577,57.79690,41.01940
UUBC,KLF,Grabtsevo Airport,Kaluga,RU,RU-KLU,EU,medium_airport,1,6885,54.55000,36.36667
UUBD,,Dyagilevo Air Base,Ryazan,RU,RU-RYA,EU,medium_airport,0,,54.64228,39.56905
UUBI,IWA,Ivanovo South Airport,Ivanovo,RU,RU-IVA,EU,medium_airport,1,8202,56.93940,40.94080
UUBL,,Semyazino Airport,Vladimir,RU,RU-VLA,EU,medium_airport,0,,56.12742,40.31520
UUBM,,Myachkovo Airfield,Moscow,RU,RU-MOS,EU,medium_airport,0,,55.56082,37.98395
UUBP,BZK,Bryansk International Airport,Bryansk,RU,RU-BRY,EU,medium_airport,1,7874,53.21440,34.17596
UUBW,ZIA,Zhukovsky International Airport,Moscow,RU,RU-MOS,EU,large_airport,1,15092,55.55330,38.15000
UUDD,DME,Domodedovo International Airport,Moscow,RU,RU-MOS,EU,large_airport,2,11483,55.40880,37.90630
UUDL,IAR,Golden Ring Yaroslavl International Airport,Tunoshna,RU,RU-YAR,EU,large_airport,1,9870,57.56070,40.15740
UUEE,SVO,Sheremetyevo International Airport,Moscow,RU,RU-MOS,EU,large_airport,3,12139,55.97686,37.41121
UUEM,KLD,Migalovo Air Base,Tver,RU,RU-TVE,EU,medium_airport,1,8202,56.82470,35.75770
UUFO,,Oreshkovo Airfield,Kaluga,RU,RU-KLU,EU,medium_airport,0,,54.46773,36.07368
UUMB,,Kubinka Air Base,Kubinka,RU,RU-MOS,EU,medium_airport,0,,55.61169,36.65000
UUMT,,Tretyakovo Airport,Lukhovitsy,RU,RU-MOS,EU,medium_airport,1,9842,54.90500,39.02667
UUMU,CKL,Chkalovskiy Air Base,Moscow,RU,RU-MOS,EU,medium_airport,2,11811,55.87830,38.06170
UUOB,EGO,Belgorod International Airport,Belgorod,RU,RU-BEL,EU,medium_airport,2,8202,50.64380,36.59010
UUOK,URS,Kursk East Airport,Kursk,RU,RU-KRS,EU,medium_airport,1,8202,51.75060,36.29560
UUOL,LPK,Lipetsk Airport,Lipetsk,RU,RU-LIP,EU,medium_airport,1,7546,52.70280,39.53780
UUOO,VOZ,Voronezh International Airport,Voronezh,RU,RU-VOR,EU,medium_airport,2,7546,51.81432,39.23095
UUOT,TBW,Donskoye Airport,Tambov,RU,RU-TAM,EU,medium_airport,1,6889,52.80610,41.48280
UUWE,,Yermolino Air Base,Balabanovo,RU,RU-KLU,EU,medium_airport,0,,55.22863,36.60861
UUWW,VKO,Vnukovo International Airport,Moscow,RU,RU-MOW,EU,large_airport,2,11483,55.59150,37.26150
UUYH,UCT,Ukhta Airport,Ukhta,RU,RU-KO,AS,medium_airport,1,8691,63.56690,53.80470
UUYI,INA,Inta Airport,Inta,RU,RU-KO,EU,medium_airport,0,,66.05337,60.10579
UUYK,,Vuktyl Airport,Vuktyl,RU,RU-KO,AS,medium_airport,1,4921,63.82330,57.28000
UUYP,PEX,Pechora Airport,Pechora,RU,RU-KO,EU,medium_airport,1,5905,65.12110,57.13080
UUYS,USK,Usinsk Airport,Usinsk,RU,RU-KO,AS,medium_airport,1,8202,66.00470,57.36720
UUYV,,Izhma Airport,Izhma,RU,RU-KO,AS,medium_airport,1,4264,65.03170,53.97000
UUYW,VKT,Vorkuta Airport,Vorkuta,RU,RU-KO,AS,medium_airport,1,7218,67.48860,63.99310
UUYX,UTS,Ust-Tsylma Airport,Ust-Tsylma,RU,RU-KO,AS,medium_airport,1,4265,65.43729,52.20034
UUYY,SCW,Syktyvkar Airport,Syktyvkar,RU,RU-KO,EU,medium_airport,1,8203,61.64700,50.84510
UWGG,GOJ,Nizhny Novgorod / Strigino International Airport,Nizhny Novgorod,RU,RU-NIZ,EU,large_airport,4,9843,56.22735,43.78515
UWKB,UUA,Bugulma Airport,Bugulma,RU,RU-TA,AS,medium_airport,1,6561,54.64118,52.80023
UWKD,KZN,Kazan International Airport,Kazan,RU,RU-TA,AS,large_airport,1,12303,55.60620,49.27870
UWKE,NBC,Begishevo Airport,Nizhnekamsk,RU,RU-TA,AS,medium_airport,1,8209,55.56470,52.09250
UWKG,,Borisoglebskoye Airport,Kazan,RU,RU-TA,AS,medium_airport,1,10826,55.86670,49.13330
UWKJ,JOK,Yoshkar-Ola Airport,Yoshkar-Ola,RU,RU-ME,AS,medium_airport,1,7874,56.70060,47.90470
UWKS,CSY,Cheboksary Airport,Cheboksary,RU,RU-CU,AS,medium_airport,2,8241,56.09030,47.34730
UWLL,ULV,Ulyanovsk Baratayevka Airport,Ulyanovsk,RU,RU-ULY,EU,medium_airport,1,12533,54.27016,48.22557
UWLW,ULY,Ulyanovsk Vostochny Airport,Cherdakly,RU,RU-ULY,AS,medium_airport,1,16404,54.40100,48.80270
UWOO,REN,Orenburg Central Airport,Orenburg,RU,RU-ORE,AS,medium_airport,1,8212,51.79267,55.45723
UWOR,OSW,Orsk Airport,Orsk,RU,RU-ORE,AS,medium_airport,4,9514,51.07250,58.59560
UWPP,PEZ,Penza Airport,Penza,RU,RU-PNZ,AS,medium_airport,1,9155,53.11060,45.02110
UWPS,SKX,Saransk International Airport,Saransk,RU,RU-MO,EU,large_airport,1,9186,54.12513,45.21226
UWSB,BWO,Balakovo Airport,Balakovo,RU,RU-SAR,AS,medium_airport,1,7710,51.85830,47.74560
UWSG,GSV,Gagarin International Airport,Saratov,RU,RU-SAR,AS,large_airport,1,9843,51.71278,46.17111
UWUU,UFA,Ufa International Airport,Ufa,RU,RU-BA,EU,large_airport,2,12339,54.55750,55.87440
UWWB,,Buguruslan Severny Airport,Buguruslan,RU,RU-ORE,EU,medium_airport,1,7217,53.71840,52.37190
UWWG,,Bezymyanka Airfield,Samara,RU,RU-SAM,EU,medium_airport,1,11482,53.22000,50.32500
UWWW,KUF,Kurumoch International Airport,Samara,RU,RU-SAM,EU,large_airport,2,9846,53.50490,50.16430
UZFA,AZN,Andijan International Airport,Andijan,UZ,UZ-AN,AS,medium_airport,0,,40.72770,72.29400
UZFF,FEG,Fergana International Airport,Fergana,UZ,UZ-FA,AS,medium_airport,0,,40.35880,71.74500
UZFN,NMA,Namangan International Airport,Namangan,UZ,UZ-NG,AS,large_airport,0,,40.98462,71.55780
UZNN,NCU,Nukus International Airport,Nukus,UZ,UZ-QR,AS,large_airport,0,,42.48840,59.62330
UZNU,UGC,Urgench International Airport,Urgench,UZ,UZ-XO,AS,large_airport,0,,41.58274,60.64338
UZSA,NVI,Navoi International Airport,Navoi,UZ,UZ-NW,AS,medium_airport,0,,40.11760,65.17266
UZSB,BHK,Bukhara International Airport,Bukhara,UZ,UZ-BU,AS,large_airport,0,,39.77532,64.48228
UZSS,SKD,Samarkand International Airport,Samarkand,UZ,UZ-SA,AS,large_airport,0,,39.70184,66.98147
UZST,TMJ,Termez Airport,Termez,UZ,UZ-SU,AS,medium_airport,0,,37.28726,67.31187
UZTP,TVT,Tashkent-Khumo International Airport,Tashkent,UZ,UZ-TO,AS,medium_airport,0,,41.31289,69.39553
UZTT,TAS,Tashkent International Airport,Tashkent,UZ,UZ-TO,AS,large_airport,0,,41.25790,69.28120
UZTZ,OMN,Zomin Airport,Zomin,UZ,UZ-JI,AS,medium_airport,0,,40.01402,68.41103
VAAH,AMD,Sardar Vallabh Patel International Airport,Ahmedabad,IN,IN-GJ,AS,large_airport,1,11499,23.07720,72.63470
VAAK,AKD,Akola Airport,Akola,IN,IN-MM,AS,medium_airport,1,4600,20.69893,77.05688
VAAM,AVR,Amravati  Airport,Amravati,IN,IN-MM,AS,medium_airport,0,,20.81461,77.71776
VAAU,IXU,Aurangabad Airport,Aurangabad,IN,IN-MM,AS,medium_airport,1,9314,19.86287,75.39631
VABB,BOM,Chhatrapati Shivaji Maharaj International Airport,Mumbai,IN,IN-MM,AS,large_airport,2,11511,19.08870,72.86790
VABJ,BHJ,Bhuj Airport,Bhuj,IN,IN-GJ,AS,medium_airport,1,8205,23.28780,69.67020
VABO,BDQ,Vadodara International Airport,Vadodara,IN,IN-GJ,AS,large_airport,1,8100,22.33620,73.22630
VABP,BHO,Raja Bhoj International Airport,Bhopal,IN,IN-MP,AS,large_airport,1,9022,23.28750,77.33740
VABV,BHU,Bhavnagar Airport,Bhavnagar,IN,IN-GJ,AS,medium_airport,1,6300,21.75220,72.18520
VADN,NMB,Daman Airport,Daman,IN,IN-DH,AS,medium_airport,2,5909,20.43440,72.84320
VAGD,GDB,Gondia Airport,Gondia,IN,IN-MM,AS,medium_airport,0,,21.52682,80.29035
VAHS,HSR,Rajkot International Airport,Rajkot,IN,IN-GJ,AS,large_airport,1,9974,22.37882,71.03939
VAID,IDR,Devi Ahilya Bai Holkar International Airport,Indore,IN,IN-MP,AS,large_airport,1,9035,22.72140,75.80051
VAJB,JLR,Jabalpur Airport,Jabalpur,IN,IN-MP,AS,medium_airport,1,6522,23.17780,80.05200
VAJM,JGA,Jamnagar Airport,Jamnagar,IN,IN-GJ,AS,medium_airport,2,8242,22.46550,70.01260
VAKE,IXY,Kandla Airport,Kandla,IN,IN-GJ,AS,medium_airport,1,4997,23.11270,70.10030
VAKP,KLH,Kolhapur Airport,Kolhapur,IN,IN-MM,AS,medium_airport,1,6332,16.66470,74.28940
VAKS,IXK,Keshod Airport,Keshod,IN,IN-GJ,AS,medium_airport,1,4500,21.31710,70.27040
VALT,LTU,Murod Kond Airport,Latur,IN,IN-MM,AS,medium_airport,1,7546,18.41150,76.46470
VAND,NDC,Nanded Airport,Nanded,IN,IN-MM,AS,medium_airport,1,7546,19.18330,77.31670
VANM,NMI,Navi Mumbai International Airport,Navi Mumbai,IN,IN-MM,AS,large_airport,0,,18.98460,73.06525
VANP,NAG,Dr. Babasaheb Ambedkar International Airport,Nagpur,IN,IN-MM,AS,large_airport,1,10500,21.09220,79.04720
VAOZ,ISK,Nashik International Airport,Nashik,IN,IN-MM,AS,large_airport,1,9843,20.11910,73.91290
VAPO,PNQ,Pune International Airport,Pune,IN,IN-MM,AS,large_airport,2,10000,18.58210,73.91970
VAPR,PBD,Porbandar Airport,Porbandar,IN,IN-GJ,AS,medium_airport,1,4500,21.64952,69.65641
VARG,RTC,Ratnagiri Airport,,IN,IN-MM,AS,medium_airport,1,6890,17.01360,73.32780
VARK,RAJ,Rajkot Airport,Rajkot,IN,IN-GJ,AS,medium_airport,1,6040,22.30920,70.77950
VASD,SAG,Shirdi International Airport,Kakadi,IN,IN-MM,AS,large_airport,1,8202,19.68921,74.37365
VASL,SSE,Solapur Airport,Solapur,IN,IN-MM,AS,medium_airport,1,6591,17.62800,75.93480
VASU,STV,Surat International Airport,Surat,IN,IN-GJ,AS,large_airport,1,9530,21.11553,72.74325
VAUD,UDR,Maharana Pratap Airport,Udaipur,IN,IN-RJ,AS,medium_airport,1,7484,24.61770,73.89610
VCBI,CMB,Bandaranaike International Colombo Airport,Colombo,LK,LK-1,AS,large_airport,1,10991,7.18076,79.88410
VCCA,ACJ,Anuradhapura Airport,Anuradhapura,LK,LK-7,AS,medium_airport,1,4876,8.30154,80.42848
VCCB,BTC,Batticaloa International Airport,Batticaloa,LK,LK-5,AS,medium_airport,1,5118,7.70507,81.67716
VCCC,RML,Colombo Ratmalana International Airport,Colombo,LK,LK-1,AS,large_airport,1,6013,6.82164,79.88586
VCCG,ADP,Ampara Airport,Ampara,LK,LK-5,AS,medium_airport,1,3600,7.33674,81.62387
VCCH,HIM,Hingurakgoda Air Force Base,Polonnaruwa Town,LK,LK-7,AS,medium_airport,0,,8.04981,80.98140
VCCJ,JAF,Jaffna International Airport,Jaffna,LK,LK-4,AS,large_airport,1,4593,9.79233,80.07010
VCCK,KCT,Koggala Airport,Galle,LK,LK-3,AS,medium_airport,1,3142,5.99368,80.32030
VCCT,TRR,China Bay Airport,Trincomalee,LK,LK-5,AS,medium_airport,1,7850,8.53916,81.18128
VCRI,HRI,Mattala Rajapaksa International Airport,Mattala,LK,LK-3,AS,medium_airport,1,11483,6.28388,81.12416
VDBG,BBM,Battambang Airport,Battambang,KH,KH-2,AS,medium_airport,1,5250,13.09560,103.22400
VDDS,DSY,Dara Sakor International Airport,Ta Noun,KH,KH-9,AS,large_airport,0,,10.91424,103.22665
VDPP,PNH,Phnom Penh International Airport,Phnom Penh (Pou Senchey),KH,KH-12,AS,large_airport,1,9843,11.54716,104.84470
VDRK,RBE,Ratanakiri Airport,Ratanakiri,KH,KH-16,AS,medium_airport,1,3937,13.73000,106.98700
VDSA,SAI,Siem Reap-Angkor International Airport,Siem Reap,KH,KH-17,AS,large_airport,1,11827,13.36974,104.22383
VDSV,KOS,Sihanouk International Airport,Preah Sihanouk,KH,KH-18,AS,large_airport,1,8202,10.57056,103.63207
VDTI,KTI,Techo International Airport,Phnom Penh (Boeng Khyang),KH,KH-8,AS,large_airport,0,,11.35999,104.92127
VEAB,IXD,Prayagraj Airport,Allahabad,IN,IN-UP,AS,medium_airport,0,,25.44010,81.73390
VEAN,IXV,Along Airport,,IN,IN-AR,AS,medium_airport,1,3675,28.17530,94.80200
VEAP,AHA,Maa Mahamaya Airport,Ambikapur,IN,IN-CT,AS,medium_airport,0,,22.98753,83.19612
VEAT,IXA,Agartala - Maharaja Bir Bikram Airport,Agartala,IN,IN-TR,AS,medium_airport,1,7500,23.88700,91.24040
VEAY,AYJ,Maharshi Valmiki International Airport,Faizabad,IN,IN-UP,AS,medium_airport,0,,26.74774,82.16366
VEBD,IXB,Bagdogra Airport,Siliguri,IN,IN-WB,AS,large_airport,1,9035,26.68120,88.32860
VEBI,SHL,Shillong Airport,Shillong,IN,IN-ML,AS,medium_airport,1,6000,25.70360,91.97870
VEBN,VNS,Lal Bahadur Shastri International Airport,Varanasi,IN,IN-UP,AS,large_airport,1,9006,25.45217,82.86255
VEBS,BBI,Biju Patnaik International Airport,Bhubaneswar,IN,IN-OR,AS,large_airport,2,9003,20.25102,85.81475
VEBU,PAB,Bilaspur Airport,Bilaspur,IN,IN-CT,AS,medium_airport,1,5035,21.98840,82.11100
VECC,CCU,Netaji Subhash Chandra Bose International Airport,Kolkata,IN,IN-WB,AS,large_airport,2,11919,22.65401,88.44765
VECX,KNU,Kanpur Airport,Kanpur,IN,IN-UP,AS,medium_airport,0,,26.40430,80.41010
VEDB,DBD,Dhanbad Airport,,IN,IN-BR,AS,medium_airport,1,3728,23.83400,86.42530
VEDG,RDP,Kazi Nazrul Islam Airport,Durgapur,IN,IN-WB,AS,medium_airport,1,9186,23.62250,87.24300
VEDH,DBR,Darbhanga Airport,Darbhanga,IN,IN-BR,AS,medium_airport,1,9000,26.19280,85.91690
VEGK,GOP,Gorakhpur Airport,Gorakhpur,IN,IN-UP,AS,medium_airport,1,9000,26.73970,83.44970
VEGT,GAU,Lokpriya Gopinath Bordoloi International Airport,Guwahati,IN,IN-AS,AS,large_airport,1,9000,26.10665,91.58523
VEGY,GAY,Gaya Airport,Gaya,IN,IN-BR,AS,medium_airport,1,7500,24.74430,84.95120
VEHO,HGI,Itanagar Donyi Polo Hollongi Airport,Hollongi,IN,IN-AR,AS,medium_airport,0,,26.96683,93.63879
VEHX,,Hashimara Air Force Station,Jalpaiguri,IN,IN-WB,AS,medium_airport,1,9000,26.69830,89.36910
VEIM,IMF,Bir Tikendrajit International Airport,Imphal,IN,IN-MN,AS,large_airport,1,9009,24.76000,93.89670
VEJS,IXW,Sonari Airport,Jamshedpur,IN,IN-JH,AS,medium_airport,1,4010,22.81371,86.16898
VEJT,JRH,Jorhat Airport,Jorhat,IN,IN-AS,AS,medium_airport,1,9000,26.73046,94.17542
VEKI,KBK,Kushinagar International Airport,Kushinagar,IN,IN-UP,AS,medium_airport,1,10500,26.77653,83.88921
VEKO,HJR,Khajuraho Airport,Khajuraho,IN,IN-MP,AS,medium_airport,0,,24.81720,79.91860
VEKR,IXH,Kailashahar Airport,Kailashahar,IN,IN-TR,AS,medium_airport,1,3300,24.30866,92.00768
VEKU,IXS,Silchar Airport,Silchar,IN,IN-AS,AS,medium_airport,1,5993,24.91290,92.97870
VELP,AJL,Lengpui Airport,Aizawl (Lengpui),IN,IN-MZ,AS,medium_airport,1,8202,23.84060,92.61970
VELR,IXI,Lilabari North Lakhimpur Airport,Lilabari,IN,IN-AS,AS,medium_airport,1,7500,27.29568,94.09727
VEMN,DIB,Dibrugarh Airport,Dibrugarh,IN,IN-AS,AS,medium_airport,1,6000,27.48390,95.01690
VEMR,DMU,Dimapur Airport,Dimapur,IN,IN-NL,AS,medium_airport,1,7513,25.88390,93.77110
VEMZ,MZU,Muzaffarpur Airport,Muzaffarpur,IN,IN-BR,AS,medium_airport,1,3990,26.11910,85.31370
VEPH,,Panagarh Air Force Station,,IN,IN-WB,AS,medium_airport,1,9000,23.47430,87.42750
VEPT,PAT,Jay Prakash Narayan Airport,Patna,IN,IN-BR,AS,medium_airport,1,6410,25.59130,85.08800
VERC,IXR,Birsa Munda Airport,Ranchi,IN,IN-JH,AS,medium_airport,1,8855,23.31430,85.32170
VERK,RRK,Rourkela Airport,Rourkela,IN,IN-OR,AS,medium_airport,1,5987,22.25657,84.81519
VERP,RPR,Swami Vivekananda Airport,Raipur,IN,IN-CT,AS,medium_airport,0,,21.18040,81.73880
VERW,REW,"Rewa Airport, Chorhata, REWA",Rewa,IN,IN-MP,AS,medium_airport,0,,24.50340,81.22030
VETZ,TEZ,Tezpur Airport,,IN,IN-AS,AS,medium_airport,1,9010,26.70910,92.78470
VEUK,UKE,Utkela Airport,Bhawanipatna,IN,IN-OR,AS,medium_airport,1,3000,20.09778,83.18333
VEZO,ZER,Ziro Airport,Ziro,IN,IN-AR,AS,medium_airport,1,4010,27.58830,93.82810
VGBR,BZL,Barisal Airport,Barisal,BD,BD-A,AS,medium_airport,1,5995,22.80100,90.30120
VGCB,CXB,Cox's Bazar Airport,Cox's Bazar,BD,BD-B,AS,medium_airport,1,6790,21.45752,91.96326
VGEG,CGP,Shah Amanat International Airport,Chattogram (Chittagong),BD,BD-B,AS,large_airport,1,9646,22.24960,91.81330
VGHS,DAC,Hazrat Shahjalal International Airport,Dhaka,BD,BD-C,AS,large_airport,1,11500,23.84335,90.39778
VGIS,IRD,Ishurdi Airport,Ishurdi,BD,BD-E,AS,medium_airport,1,4700,24.15250,89.04940
VGJR,JSR,Jessore Airport,Jashore (Jessore),BD,BD-D,AS,medium_airport,1,8000,23.18380,89.16080
VGRJ,RJH,Shah Makhdum Airport,Rajshahi,BD,BD-E,AS,medium_airport,1,6000,24.43720,88.61650
VGSD,SPD,Saidpur Airport,Saidpur,BD,BD-E,AS,medium_airport,1,6000,25.75920,88.90890
VGSY,ZYL,Osmany International Airport,Sylhet,BD,BD-G,AS,large_airport,1,9478,24.96399,91.86475
VHHH,HKG,Hong Kong International Airport,Hong Kong,HK,HK-NT,AS,large_airport,3,12467,22.31184,113.91486
VHSK,,Shek Kong Air Base,Islands,HK,HK-NT,AS,medium_airport,1,6180,22.43660,114.08000
VIAG,AGR,Agra Airport / Agra Air Force Station,Agra,IN,IN-UP,AS,medium_airport,2,9000,27.15798,77.96103
VIAM,,Ambala Air Force Station,Ambala,IN,IN-HR,AS,medium_airport,1,9224,30.36810,76.81670
VIAR,ATQ,Sri Guru Ram Das Ji International Airport,Amritsar,IN,IN-PB,AS,large_airport,1,12000,31.70960,74.79730
VIBK,BKB,Nal Airport,Bikaner,IN,IN-RJ,AS,medium_airport,1,8960,28.07060,73.20720
VIBR,KUU,Kullu Manali Airport,Bhuntar,IN,IN-HP,AS,medium_airport,1,3690,31.87670,77.15440
VIBT,BUP,Bhatinda Air Force Station,,IN,IN-PB,AS,medium_airport,1,9200,30.27010,74.75580
VIBY,BEK,Bareilly Air Force Station,Bareilly,IN,IN-UP,AS,medium_airport,1,9000,28.42210,79.45080
VICG,IXC,Shaheed Bhagat Singh International Airport,Chandigarh,IN,IN-CH,AS,large_airport,1,12467,30.67350,76.78850
VIDD,,Safdarjung Airport,New Delhi,IN,IN-DL,AS,medium_airport,1,4520,28.58545,77.20356
VIDN,DED,Dehradun Jolly Grant Airport,Dehradun (Jauligrant),IN,IN-UT,AS,medium_airport,1,7000,30.18924,78.17665
VIDP,DEL,Indira Gandhi International Airport,New Delhi,IN,IN-DL,AS,large_airport,4,14534,28.55563,77.09519
VIGG,DHM,Kangra Airport,Kangra,IN,IN-HP,AS,medium_airport,1,4620,32.16490,76.26302
VIGR,GWL,Gwalior Airport,Gwalior,IN,IN-MP,AS,medium_airport,1,9000,26.29330,78.22780
VIHR,HSS,Maharaja Agrasen International Airport,Hisar,IN,IN-HR,AS,large_airport,1,10236,29.18606,75.74142
VIHX,HWR,Halwara International Airport,Halwara,IN,IN-PB,AS,large_airport,1,10007,30.74850,75.62980
VIJO,JDH,Jodhpur Airport,Jodhpur,IN,IN-RJ,AS,medium_airport,1,9005,26.25110,73.04890
VIJP,JAI,Jaipur International Airport,Jaipur,IN,IN-RJ,AS,large_airport,2,9177,26.82420,75.81220
VIJR,JSA,Jaisalmer Airport,,IN,IN-RJ,AS,medium_airport,1,9000,26.88870,70.86500
VIJU,IXJ,Jammu Airport,Jammu,IN,IN-JK,AS,medium_airport,1,6700,32.68885,74.83815
VIKG,KQH,Kishangarh Airport Ajmer,Ajmer (Kishangarh),IN,IN-RJ,AS,medium_airport,1,7060,26.59101,74.81296
VIKO,KTU,Kota Airport,Kota,IN,IN-RJ,AS,medium_airport,1,4078,25.16020,75.84560
VILD,LUH,Ludhiana Airport,,IN,IN-PB,AS,medium_airport,1,4800,30.85470,75.95260
VILH,IXL,Leh Kushok Bakula Rimpochee Airport,Leh,IN,IN-LA,AS,medium_airport,1,9040,34.13590,77.54650
VILK,LKO,Chaudhary Charan Singh International Airport,Lucknow,IN,IN-UP,AS,large_airport,1,8996,26.76060,80.88930
VIMB,MZS,Moradabad Airport,Moradabad,IN,IN-UP,AS,medium_airport,0,,28.81746,78.92187
VIND,DXN,Noida International Airport,Gautam Buddha Nagar,IN,IN-UP,AS,large_airport,0,,28.17987,77.61184
VIPK,IXP,Pathankot Airport,Pathankot,IN,IN-PB,AS,medium_airport,1,8970,32.23361,75.63444
VIPT,PGH,Pantnagar Airport,Pantnagar,IN,IN-UP,AS,medium_airport,1,4500,29.03340,79.47370
VISA,,Sirsa Air Force Station,,IN,IN-HR,AS,medium_airport,1,8987,29.56060,75.00610
VISR,SXR,Srinagar International Airport,Srinagar,IN,IN-JK,AS,large_airport,1,12090,33.98710,74.77420
VIUX,,Udhampur Air Force Station,Udhampur,IN,IN-JK,AS,medium_airport,1,9000,32.90215,75.15571
VLBK,BOR,Bokeo International Airport,Ton Phueng,LA,LA-BK,AS,medium_airport,0,,20.32399,100.16539
VLLB,LPQ,Luang Phabang International Airport,Luang Phabang,LA,LA-LP,AS,large_airport,1,8202,19.90427,102.16719
VLPS,PKZ,Pakse International Airport,Pakse,LA,LA-CH,AS,large_airport,1,7874,15.13397,105.77987
VLSK,ZVK,Savannakhet Airport,,LA,LA-SV,AS,medium_airport,1,5358,16.55660,104.76000
VLSN,NEU,Sam Neua Airport,,LA,LA-HO,AS,medium_airport,1,3715,20.41840,104.06700
VLVT,VTE,Wattay International Airport,Vientiane,LA,LA-VT,AS,large_airport,1,9843,17.98505,102.56669
VMMC,MFM,Macau International Airport,Nossa Senhora do Carmo,MO,MO-CAR,AS,large_airport,1,10544,22.14960,113.59200
VNBW,BWA,Gautam Buddha International Airport,Siddharthanagar (Bhairahawa),NP,NP-P5,AS,large_airport,1,9843,27.50464,83.41038
VNJP,JKR,Janakpur Airport,Janakpur,NP,NP-P2,AS,medium_airport,1,3300,26.70880,85.92240
VNKT,KTM,Tribhuvan International Airport,Kathmandu,NP,NP-P3,AS,large_airport,1,10991,27.69660,85.35910
VNLK,LUA,Tenzing-Hillary Airport,Lukla,NP,NP-P1,AS,medium_airport,1,1729,27.68677,86.72948
VNNG,KEP,Nepalgunj Airport,Nepalgunj,NP,NP-P5,AS,medium_airport,1,4935,28.10360,81.66700
VNPK,PKR,Pokhara Domestic Airport,Pokhara,NP,NP-P4,AS,medium_airport,1,4720,28.20062,83.98120
VNPR,PHH,Pokhara International Airport,Pokhara,NP,NP-P4,AS,large_airport,0,,28.18380,84.01470
VNTJ,TPJ,Taplejung Airport,Taplejung,NP,NP-P1,AS,medium_airport,1,2313,27.35090,87.69525
VNVT,BIR,Biratnagar Airport,Biratnagar,NP,NP-P1,AS,medium_airport,1,4937,26.48150,87.26400
VOAT,AGX,Agatti Airport,Agatti,IN,IN-LD,AS,medium_airport,1,4235,10.82370,72.17600
VOBG,,HAL Airport,Bangalore,IN,IN-KA,AS,medium_airport,1,10850,12.95000,77.66820
VOBI,BEP,Bellary Airport,Bellary,IN,IN-KA,AS,medium_airport,1,3630,15.16280,76.88280
VOBL,BLR,Kempegowda International Airport Bengaluru,Bengaluru,IN,IN-KA,AS,large_airport,2,13123,13.19790,77.70630
VOBM,IXG,Belagavi Airport,Belgaum,IN,IN-KA,AS,medium_airport,0,,15.85930,74.61830
VOBR,IXX,Bidar Airport / Bidar Air Force Station,Bidar,IN,IN-KA,AS,medium_airport,2,6955,17.90810,77.48710
VOBX,,Campbell Bay Airport / INS Baaz,Campbell Bay,IN,IN-AN,AS,medium_airport,0,,7.01304,93.92280
VOBZ,VGA,Vijayawada International Airport,Vijayawada,IN,IN-AP,AS,large_airport,1,11023,16.53001,80.80489
VOCB,CJB,Coimbatore International Airport,Coimbatore,IN,IN-TN,AS,large_airport,1,8480,11.03000,77.04340
VOCI,COK,Cochin International Airport,Kochi,IN,IN-KL,AS,large_airport,1,11155,10.15105,76.40084
VOCL,CCJ,Calicut International Airport,Calicut,IN,IN-KL,AS,large_airport,1,9383,11.13600,75.95515
VOCP,CDP,Kadapa Airport,Kadapa,IN,IN-AP,AS,medium_airport,1,6562,14.51315,78.76918
VOCX,CBD,Car Nicobar Air Force Base,IAF Camp,IN,IN-AN,AS,medium_airport,1,8914,9.15306,92.81927
VODG,,Dundigul Air Force Academy,Hyderabad,IN,IN-TG,AS,medium_airport,2,8250,17.62720,78.40340
VOGA,GOX,Manohar International Airport,Mopa,IN,IN-GA,AS,large_airport,1,11483,15.74426,73.86062
VOGO,GOI,Goa Dabolim International Airport,Vasco da Gama,IN,IN-GA,AS,large_airport,1,11345,15.38006,73.83333
VOHB,HBX,Hubballi Airport,Hubballi,IN,IN-KA,AS,medium_airport,0,,15.36108,75.08210
VOHS,HYD,Rajiv Gandhi International Airport,Hyderabad,IN,IN-TG,AS,large_airport,2,13976,17.23132,78.42986
VOHY,BPM,Begumpet Airport,Hyderabad,IN,IN-TG,AS,medium_airport,1,10600,17.45310,78.46760
VOKN,CNN,Kannur International Airport,Kannur,IN,IN-KL,AS,large_airport,1,10007,11.91634,75.54498
VOKU,KJB,Kurnool Airport,Orvakal,IN,IN-AP,AS,medium_airport,1,6562,15.71629,78.16923
VOMD,IXM,Madurai Airport,Madurai,IN,IN-TN,AS,medium_airport,1,5990,9.83451,78.09340
VOML,IXE,Mangaluru International Airport,Mangaluru,IN,IN-KA,AS,large_airport,1,8035,12.95471,74.88681
VOMM,MAA,Chennai International Airport,Chennai,IN,IN-TN,AS,large_airport,2,12001,12.99001,80.16930
VOMY,MYQ,Mysore Airport,Mysore,IN,IN-KA,AS,medium_airport,1,5709,12.22975,76.65368
VOPB,IXZ,Veer Savarkar International Airport / INS Utkrosh,Port Blair,IN,IN-AN,AS,large_airport,1,10795,11.64019,92.72902
VOPC,PNY,Pondicherry Airport,Puducherry (Pondicherry),IN,IN-PY,AS,medium_airport,1,4921,11.96800,79.81200
VOPN,PUT,Sri Sathya Sai Airport,Puttaparthi,IN,IN-AP,AS,medium_airport,1,7315,14.14930,77.79110
VORY,RJA,Rajahmundry Airport,Madhurapudi,IN,IN-AP,AS,medium_airport,1,10384,17.10580,81.81320
VOSH,RQY,Rashtrakavi Kuvempu Airport,Shimoga,IN,IN-KA,AS,medium_airport,0,,13.85802,75.61887
VOSM,SXV,Salem Airport,Salem,IN,IN-TN,AS,medium_airport,1,5925,11.78330,78.06560
VOSR,SDW,Sindhudurg Airport,Chipi,IN,IN-MM,AS,medium_airport,0,,16.00255,73.52985
VOTP,TIR,Tirupati International Airport,Tirupati,IN,IN-AP,AS,large_airport,1,12500,13.63199,79.53987
VOTR,TRZ,Tiruchirappalli International Airport,Tiruchirappalli,IN,IN-TN,AS,large_airport,1,6115,10.76291,78.71774
VOTV,TRV,Thiruvananthapuram International Airport,Thiruvananthapuram,IN,IN-KL,AS,large_airport,1,11148,8.48189,76.92003
VOVI,VTZ,Alluri Sitarama Raju International Airport (Vizag),Visakhapatnam,IN,IN-AP,AS,large_airport,0,,17.97151,83.50362
VOVZ,,INS Dega Airport (visakhapatnam international airport),Visakhapatnam,IN,IN-AP,AS,medium_airport,0,,17.72351,83.22773
VQGP,GLU,Gelephu Airport,Gelephu,BT,BT-31,AS,medium_airport,1,4921,26.88456,90.46412
VQPR,PBH,Paro International Airport,Paro,BT,BT-11,AS,large_airport,1,7431,27.40320,89.42460
VRDA,NMF,Maafaru International Airport,Noonu Atoll,MV,MV-25,AS,medium_airport,1,9350,5.81741,73.46840
VRMG,GAN,Gan International Airport,Gan,MV,MV-01,AS,large_airport,1,12000,-0.69298,73.15263
VRMH,HAQ,Hanimaadhoo International Airport,Haa Dhaalu Atoll,MV,MV-23,AS,large_airport,1,8087,6.74324,73.16707
VRMK,KDO,Kadhdhoo Airport,Kadhdhoo,MV,MV-05,AS,medium_airport,1,4003,1.85917,73.52190
VRMM,MLE,Velana International Airport,Malé,MV,MV-MLE,AS,large_airport,1,11155,4.19183,73.52910
VRMT,KDM,Kaadedhdhoo Airport,Huvadhu Atoll,MV,MV-28,AS,medium_airport,1,4003,0.48813,72.99690
VRMV,VAM,Villa International Airport Maamigili,Maamigili,MV,MV-00,AS,medium_airport,1,5905,3.47175,72.83263
VTBD,DMK,Don Mueang International Airport,Bangkok,TH,TH-10,AS,large_airport,2,12139,13.91260,100.60700
VTBK,KDT,Kamphaeng Saen Airport,Nakhon Pathom,TH,TH-72,AS,medium_airport,1,9000,14.10200,99.91720
VTBL,KKM,Khok Kathiam Airport,Lop Buri,TH,TH-16,AS,medium_airport,3,7252,14.87462,100.66340
VTBO,TDX,Trat Airport,Laem Ngop,TH,TH-23,AS,medium_airport,1,5899,12.27460,102.31900
VTBS,BKK,Suvarnabhumi Airport,Bangkok,TH,TH-10,AS,large_airport,3,13123,13.68110,100.74700
VTBU,UTP,U-Tapao–Rayong–Pattaya International Airport,Rayong,TH,TH-21,AS,large_airport,1,11500,12.67990,101.00500
VTCC,CNX,Chiang Mai International Airport,Chiang Mai,TH,TH-50,AS,large_airport,1,11155,18.76680,98.96260
VTCH,HGN,Mae Hong Son Airport,Mae Hong Son,TH,TH-58,AS,medium_airport,1,6562,19.30130,97.97580
VTCL,LPT,Lampang Airport,,TH,TH-52,AS,medium_airport,1,6465,18.27090,99.50420
VTCN,NNT,Nan Airport,,TH,TH-55,AS,medium_airport,1,6562,18.80790,100.78300
VTCP,PRH,Phrae Airport,,TH,TH-54,AS,medium_airport,1,4921,18.13220,100.16500
VTCT,CEI,Mae Fah Luang - Chiang Rai International Airport,Chiang Rai,TH,TH-57,AS,large_airport,1,9843,19.95230,99.88290
VTPB,PHY,Phetchabun Airport,,TH,TH-67,AS,medium_airport,1,6890,16.67600,101.19500
VTPH,HHQ,Hua Hin Airport,Hua Hin,TH,TH-76,AS,medium_airport,1,6890,12.63620,99.95150
VTPI,TKH,Takhli Royal Thai Air Force Base,Takhli,TH,TH-60,AS,medium_airport,1,9843,15.27730,100.29600
VTPM,MAQ,Mae Sot Airport,,TH,TH-63,AS,medium_airport,1,4921,16.69990,98.54510
VTPO,THS,Sukhothai Airport,,TH,TH-64,AS,medium_airport,1,6890,17.23800,99.81820
VTPP,PHS,Phitsanulok Airport,Phitsanulok,TH,TH-65,AS,medium_airport,1,9843,16.78290,100.27900
VTPT,TKT,Tak Airport,,TH,TH-63,AS,medium_airport,1,4921,16.89600,99.25330
VTSB,URT,Surat Thani Airport,Surat Thani,TH,TH-84,AS,medium_airport,1,9843,9.13260,99.13560
VTSC,NAW,Narathiwat Airport,,TH,TH-96,AS,medium_airport,1,8202,6.51992,101.74300
VTSE,CJM,Chumphon Airport,Chumphon,TH,TH-86,AS,medium_airport,1,6890,10.71120,99.36170
VTSF,NST,Nakhon Si Thammarat Airport,Nakhon Si Thammarat,TH,TH-80,AS,medium_airport,1,6890,8.53962,99.94470
VTSG,KBV,Krabi International Airport,Krabi,TH,TH-81,AS,large_airport,1,9842,8.09559,98.98896
VTSH,SGZ,Songkhla Airport,,TH,TH-90,AS,medium_airport,1,4954,7.18656,100.60800
VTSK,PAN,Pattani Airport,,TH,TH-94,AS,medium_airport,1,4593,6.78546,101.15400
VTSM,USM,Samui International Airport,Na Thon (Ko Samui Island),TH,TH-84,AS,large_airport,1,6759,9.54779,100.06200
VTSN,,Cha Eian Airport,Nakhon Si Thammarat,TH,TH-80,AS,medium_airport,1,7546,8.47115,99.95560
VTSP,HKT,Phuket International Airport,Phuket,TH,TH-83,AS,large_airport,1,10171,8.11326,98.31740
VTSR,UNN,Ranong Airport,Ranong,TH,TH-85,AS,medium_airport,1,6562,9.77762,98.58550
VTSS,HDY,Hat Yai International Airport,Hat Yai,TH,TH-90,AS,large_airport,1,10007,6.93321,100.39300
VTST,TST,Trang Airport,Trang,TH,TH-92,AS,medium_airport,1,6890,7.50874,99.61660
VTSY,BTZ,Betong International Airport,Betong,TH,TH-95,AS,medium_airport,0,,5.79000,101.15000
VTUD,UTH,Udon Thani International Airport,Udon Thani,TH,TH-41,AS,large_airport,1,10000,17.38619,102.78858
VTUI,SNO,Sakon Nakhon Airport,,TH,TH-47,AS,medium_airport,1,8530,17.19510,104.11900
VTUJ,PXR,Surin Airport,Surin,TH,TH-32,AS,medium_airport,1,5053,14.86830,103.49800
VTUK,KKC,Khon Kaen Airport,Khon Kaen,TH,TH-40,AS,medium_airport,1,10007,16.46660,102.78400
VTUL,LOE,Loei Airport,,TH,TH-42,AS,medium_airport,1,6890,17.43910,101.72200
VTUO,BFV,Buri Ram Airport,Buriram,TH,TH-31,AS,medium_airport,1,6890,15.22950,103.25300
VTUQ,NAK,Nakhon Ratchasima Airport,Chaloem Phra Kiat,TH,TH-30,AS,medium_airport,1,6890,14.94950,102.31300
VTUU,UBP,Ubon Ratchathani Airport,Ubon Ratchathani,TH,TH-34,AS,medium_airport,1,9848,15.25130,104.87000
VTUV,ROI,Roi Et Airport,Roi Et,TH,TH-45,AS,medium_airport,1,6890,16.11680,103.77400
VTUW,KOP,Nakhon Phanom Airport,Nakhon Phanom,TH,TH-48,AS,medium_airport,1,8203,17.38380,104.64300
VVBM,BMV,Buon Ma Thuot Airport,Buon Ma Thuot,VN,VN-CH,AS,medium_airport,1,9843,12.66830,108.12000
VVCI,HPH,Cat Bi International Airport,Haiphong (Hai An),VN,VN-RRD,AS,large_airport,1,10007,20.81743,106.72432
VVCM,CAH,Cà Mau Airport,Ca Mau City,VN,VN-SW,AS,medium_airport,1,4921,9.17767,105.17778
VVCR,CXR,Cam Ranh International Airport / Cam Ranh Air Base,Nha Trang/nha Trang aiurportCam Ranh,VN,VN-SCC,AS,large_airport,2,10000,11.99820,109.21900
VVCS,VCS,Con Dao Airport,Con Dao,VN,VN-SE,AS,medium_airport,1,6004,8.73183,106.63300
VVCT,VCA,Can Tho International Airport,Can Tho,VN,VN-SW,AS,large_airport,1,9843,10.08340,105.70937
VVDB,DIN,Dien Bien Phu Airport,Dien Bien Phu,VN,VN-NW,AS,medium_airport,1,7874,21.39750,103.00800
VVDH,VDH,Dong Hoi Airport,Dong Hoi,VN,VN-NC,AS,medium_airport,1,7874,17.51500,106.59056
VVDL,DLI,Lien Khuong Airport,Da Lat,VN,VN-CH,AS,medium_airport,1,10663,11.75056,108.36700
VVDN,DAD,Da Nang International Airport,Da Nang,VN,VN-SCC,AS,large_airport,2,11483,16.04390,108.19900
VVGL,,Gia Lam Air Base,Hanoi  (Long Bien),VN,VN-RRD,AS,medium_airport,1,6571,21.04050,105.88600
VVLT,LTH,Long Thanh International Airport (Under Construction),Ho Chi Minh City (Long Thanh),VN,VN-SE,AS,large_airport,0,,10.77284,107.04060
VVNB,HAN,Noi Bai International Airport,Hanoi (Soc Son),VN,VN-RRD,AS,large_airport,2,12466,21.22120,105.80700
VVPB,HUI,Phu Bai International Airport,Huế,VN,VN-NC,AS,large_airport,1,8775,16.40058,107.70409
VVPC,UIH,Phu Cat Airport,Quy Nohn,VN,VN-SCC,AS,medium_airport,1,10010,13.95500,109.04200
VVPK,PXU,Pleiku Airport,Pleiku,VN,VN-CH,AS,medium_airport,1,7874,14.00450,108.01700
VVPQ,PQC,Phú Quốc International Airport,Phu Quoc Island,VN,VN-SW,AS,large_airport,1,9843,10.16978,103.99353
VVRG,VKG,Rach Gia Airport,Rach Gia,VN,VN-SW,AS,medium_airport,1,4921,9.95803,105.13238
VVTH,TBB,Dong Tac Airport,Tuy Hoa,VN,VN-SCC,AS,medium_airport,1,9520,13.04960,109.33400
VVTS,SGN,Tan Son Nhat International Airport,Ho Chi Minh City,VN,VN-SE,AS,large_airport,2,12468,10.81880,106.65200
VVVD,VDO,Van Don International Airport,Van Don,VN,VN-NE,AS,medium_airport,1,11811,21.12069,107.41539
VVVH,VII,Vinh Airport,Vinh,VN,VN-NC,AS,medium_airport,1,7875,18.73760,105.67100
VYDW,TVY,Dawei Airport,Dawei,MM,MM-05,AS,medium_airport,1,12013,14.10390,98.20360
VYHH,HEH,Heho Airport,Heho,MM,MM-17,AS,medium_airport,1,8500,20.74714,96.79203
VYKG,KET,Kengtung Airport,Kengtung,MM,MM-17,AS,medium_airport,1,7815,21.30160,99.63600
VYKP,KYP,Kyaukpyu Airport,Kyaukpyu,MM,MM-16,AS,medium_airport,1,4600,19.42640,93.53480
VYKT,KAW,Kawthoung Airport,Kawthoung,MM,MM-05,AS,medium_airport,1,6000,10.04930,98.53800
VYLK,LIW,Loikaw Airport,Loikaw,MM,MM-12,AS,medium_airport,1,5200,19.69150,97.21480
VYLS,LSH,Lashio Airport,Lashio,MM,MM-17,AS,medium_airport,1,5285,22.97790,97.75220
VYMD,MDL,Mandalay International Airport,Mandalay,MM,MM-04,AS,large_airport,1,14003,21.70220,95.97790
VYME,MGZ,Myeik Airport,Mkeik,MM,MM-05,AS,medium_airport,1,8795,12.43980,98.62150
VYMK,MYT,Myitkyina Airport,Myitkyina,MM,MM-11,AS,medium_airport,1,6100,25.38360,97.35190
VYML,,Meiktila Air Base,Meiktila,MM,MM-04,AS,medium_airport,0,,20.88640,95.89279
VYMO,MOE,Momeik Airport,,MM,MM-17,AS,medium_airport,1,4498,23.09250,96.64530
VYMS,MOG,Mong Hsat Airport,Mong Hsat,MM,MM-17,AS,medium_airport,1,5000,20.51680,99.25680
VYNP,,Nampong Air Base,Myitkyina,MM,MM-11,AS,medium_airport,1,11025,25.35440,97.29520
VYNS,NMS,Namsang Airport,Namsang,MM,MM-17,AS,medium_airport,1,12005,20.89050,97.73590
VYNT,NYT,Nay Pyi Taw International Airport,Naypyitaw,MM,MM-04,AS,large_airport,1,12000,19.62350,96.20100
VYPT,PBU,Putao Airport,Putao,MM,MM-11,AS,medium_airport,1,7002,27.32990,97.42630
VYST,,Shante Air Base,Meiktila,MM,MM-04,AS,medium_airport,1,8501,20.94170,95.91450
VYSW,AKY,Sittwe Airport,Sittwe,MM,MM-16,AS,medium_airport,1,6001,20.13317,92.87069
VYTD,SNW,Thandwe Airport,Thandwe,MM,MM-16,AS,medium_airport,1,5502,18.46070,94.30010
VYTL,THL,Tachileik Airport,Tachileik,MM,MM-17,AS,medium_airport,1,7002,20.48380,99.93540
VYYY,RGN,Yangon International Airport,Yangon,MM,MM-06,AS,large_airport,1,11200,16.90730,96.13320
WAAA,UPG,Sultan Hasanuddin International Airport,Makassar,ID,ID-SN,AS,large_airport,2,10171,-5.07554,119.55370
WABB,BIK,Frans Kaisiepo Airport,Biak,ID,ID-PA,AS,medium_airport,1,11715,-1.19002,136.10800
WABI,NBX,Douw Aturure Airport,Nabire,ID,ID-PT,OC,medium_airport,0,,-3.39797,135.39307
WABO,ZRI,Stevanus Rumbewas Airport,Serui,ID,ID-PA,AS,medium_airport,0,,-1.82842,136.06240
WADB,BMU,Sultan Muhammad Salahuddin Airport,Bima,ID,ID-NB,AS,medium_airport,1,5405,-8.53718,118.68500
WADD,DPS,Denpasar I Gusti Ngurah Rai International Airport,"Kuta, Badung",ID,ID-BA,AS,large_airport,1,9790,-8.74841,115.16712
WADL,LOP,Lombok International Airport,"Mataram (Pujut, Lombok Tengah)",ID,ID-NB,AS,large_airport,1,10826,-8.75996,116.27817
WAEE,TTE,Sultan Babullah Airport,Ternate,ID,ID-MU,AS,medium_airport,1,5875,0.83101,127.38161
WAEW,OTI,Pitu Airport,Gotalalamo-Morotai Island,ID,ID-MU,AS,medium_airport,1,7880,2.04599,128.32500
WAFB,TRT,Toraja Airport,Toraja,ID,ID-SN,AS,medium_airport,1,6562,-3.18436,119.91910
WAFF,PLW,Mutiara - SIS Al-Jufrie Airport,Palu,ID,ID-ST,AS,medium_airport,1,6781,-0.91646,119.90865
WAFP,PSJ,Kasiguncu Airport,Poso-Celebes Island,ID,ID-ST,AS,medium_airport,1,3650,-1.41412,120.65924
WAFW,LUW,Syukuran Aminuddin Amir Airport,Luwok,ID,ID-ST,AS,medium_airport,1,6070,-1.03589,122.77393
WAGG,PKY,Tjilik Riwut Airport,Palangkaraya,ID,ID-KT,AS,medium_airport,1,8202,-2.22715,113.94339
WAHH,JOG,Adisutjipto International Airport,Yogyakarta,ID,ID-YO,AS,medium_airport,0,,-7.78818,110.43200
WAHI,YIA,Yogyakarta International Airport,Yogyakarta,ID,ID-YO,AS,large_airport,1,10663,-7.90534,110.05726
WAHL,CXP,Tunggul Wulung Airport,Cilacap,ID,ID-JT,AS,medium_airport,1,4593,-7.64506,109.03400
WAHQ,SOC,Adisoemarmo International Airport,Surakarta,ID,ID-JT,AS,large_airport,0,,-7.51604,110.75749
WAHS,SRG,Jenderal Ahmad Yani Airport,Semarang,ID,ID-JT,AS,large_airport,0,,-6.97073,110.37324
WAJJ,DJJ,Dortheys Hiyo Eluay International Airport,Sentani,ID,ID-PA,AS,large_airport,1,9842,-2.57963,140.51986
WAJO,OKL,Oksibil Airport,Oksibil,ID,ID-PP,AS,medium_airport,2,2854,-4.90710,140.62770
WAKK,MKQ,Mopah International Airport,Merauke,ID,ID-PS,AS,medium_airport,1,6070,-8.52390,140.41969
WAKT,TMH,Tanah Merah Airport,Tanah Merah,ID,ID-PS,AS,medium_airport,0,,-6.09669,140.30352
WALK,,Nusantara International Airport,Nusantara,ID,ID-KI,AS,medium_airport,0,,-1.16053,116.71193
WALL,BPN,Sultan Aji Muhammad Sulaiman Sepinggan International Airport,Balikpapan,ID,ID-KI,AS,large_airport,1,8202,-1.26834,116.89452
WALS,AAP,Aji Pangeran Tumenggung Pranoto International Airport,Samarinda,ID,ID-KI,AS,medium_airport,1,7382,-0.37448,117.25013
WAMH,NAH,Naha Airport,"Tabukan Utara, Sangihe Islands",ID,ID-SA,AS,medium_airport,1,3597,3.68478,125.52716
WAMM,MDC,Sam Ratulangi International Airport,Manado,ID,ID-SA,AS,large_airport,1,8693,1.54859,124.92625
WAON,TJG,Warukin Airport,Tanta-Tabalong,ID,ID-KS,AS,medium_airport,1,4601,-2.21656,115.43600
WAOO,BDJ,Syamsudin Noor International Airport,Banjarbaru,ID,ID-KS,AS,large_airport,1,8202,-3.44011,114.76121
WAPF,LUV,Karel Sadsuitubun Airport,Langgur,ID,ID-MA,AS,medium_airport,1,7710,-5.76028,132.75944
WAPN,NAM,Namniwel Airport,Namniwel,ID,ID-MA,AS,medium_airport,1,5249,-3.14316,126.97647
WAPP,AMQ,Pattimura International Airport,Ambon,ID,ID-MA,AS,large_airport,1,8202,-3.71026,128.08900
WAQQ,TRK,Juwata International Airport / Suharnoko Harbani AFB,Tarakan,ID,ID-KU,AS,medium_airport,0,,3.32515,117.56417
WAQT,BEJ,Kalimarau Airport,Tanjung Redeb - Borneo Island,ID,ID-KI,AS,medium_airport,1,4625,2.14776,117.43071
WARA,MLG,Abdul Rachman Saleh Airport,Malang,ID,ID-JI,AS,medium_airport,2,8202,-7.92910,112.71423
WARD,DHX,Dhoho International Airport,Kediri,ID,ID-JI,AS,medium_airport,0,,-7.74953,111.94683
WARR,SUB,Juanda International Airport,Surabaya,ID,ID-JI,AS,large_airport,1,9843,-7.37983,112.78700
WASF,FKQ,Fakfak Airport,Fakfak,ID,ID-PB,AS,medium_airport,1,3415,-2.92051,132.26701
WASK,KNG,Utarom Airport,Kaimana,ID,ID-PB,AS,medium_airport,1,5249,-3.64460,133.69512
WASO,BXB,Babo Airport,Babo,ID,ID-PB,AS,medium_airport,1,4280,-2.53224,133.43900
WASS,SOQ,Domine Eduard Osok Airport,Sorong,ID,ID-PB,AS,medium_airport,1,6070,-0.89400,131.28700
WATT,KOE,El Tari Airport,Kupang,ID,ID-NT,AS,medium_airport,2,8202,-10.17160,123.67100
WAUU,MKW,Rendani Airport,Manokwari,ID,ID-PB,AS,medium_airport,0,,-0.89183,134.04900
WAVV,WMX,Wamena Airport,Wamena,ID,ID-PP,AS,medium_airport,1,7135,-4.09732,138.95242
WAWD,WNI,Matahora Airport,Wangi-wangi Island,ID,ID-SG,AS,medium_airport,1,6959,-5.29212,123.63623
WAWP,KXB,Sangia Nibandera Airport,Kolaka,ID,ID-SG,AS,medium_airport,1,6070,-4.33816,121.52405
WAYB,UGU,Bilorai Airport,Bilogai,ID,ID-PT,AS,medium_airport,0,,-3.73950,137.03118
WAYY,TIM,Mozes Kilangin Airport,Timika,ID,ID-PT,AS,medium_airport,0,,-4.52978,136.88739
WBGB,BTU,Bintulu Airport,Bintulu,MY,MY-13,AS,medium_airport,1,9006,3.12385,113.02000
WBGG,KCH,Kuching International Airport,Kuching,MY,MY-13,AS,large_airport,1,12402,1.48736,110.35286
WBGJ,LMN,Limbang Airport,Limbang,MY,MY-13,AS,medium_airport,1,4922,4.80830,115.01000
WBGK,MKM,Mukah Airport,Mukah,MY,MY-13,AS,medium_airport,1,4921,2.88194,112.04333
WBGM,MUR,Marudi Airport,Marudi,MY,MY-13,AS,medium_airport,1,3274,4.17873,114.33032
WBGR,MYY,Miri Airport,Miri,MY,MY-13,AS,medium_airport,1,9006,4.32201,113.98700
WBGS,SBW,Sibu Airport,Sibu,MY,MY-13,AS,medium_airport,1,9036,2.26160,111.98500
WBGZ,BBN,Bario Airport,Bario,MY,MY-13,AS,medium_airport,1,2198,3.73465,115.47855
WBKD,LDU,Lahad Datu Airport,Lahad Datu,MY,MY-12,AS,medium_airport,1,4498,5.03241,118.32376
WBKK,BKI,Kota Kinabalu International Airport,Kota Kinabalu,MY,MY-12,AS,large_airport,1,12402,5.93274,116.04932
WBKL,LBU,Labuan Airport,Labuan,MY,MY-15,AS,medium_airport,1,9006,5.30167,115.24833
WBKS,SDK,Sandakan Airport,Sandakan,MY,MY-12,AS,medium_airport,1,8202,5.90090,118.05900
WBKW,TWU,Tawau Airport,Tawau,MY,MY-12,AS,medium_airport,1,8800,4.31338,118.12152
WBMU,MZV,Mulu Airport,Mulu,MY,MY-13,AS,medium_airport,1,4921,4.04833,114.80500
WBSB,BWN,Brunei International Airport,Bandar Seri Begawan,BN,BN-BM,AS,large_airport,1,12000,4.94420,114.92800
WIBB,PKU,Sultan Syarif Kasim II International Airport / Roesmin Nurjadin AFB,Pekanbaru,ID,ID-RI,AS,medium_airport,1,7360,0.45865,101.44432
WIBD,DUM,Pinang Kampai Airport,Dumai,ID,ID-RI,AS,medium_airport,1,5905,1.60903,101.43349
WIBJ,RGT,Japura Airport,Rengat-Sumatra Island,ID,ID-RI,AS,medium_airport,1,4265,-0.35281,102.33500
WICA,KJT,Kertajati International Airport,Kertajati,ID,ID-JB,AS,medium_airport,1,9843,-6.64738,108.16556
WICC,BDO,Husein Sastranegara International Airport,Bandung,ID,ID-JB,AS,medium_airport,1,7381,-6.90063,107.57600
WIDD,BTH,Hang Nadim International Airport,Batam,ID,ID-KR,AS,large_airport,1,13218,1.12103,104.11900
WIDN,TNJ,Raja Haji Fisabilillah International Airport,Tanjung Pinang-Bintan Island,ID,ID-KR,AS,medium_airport,1,7380,0.92397,104.53341
WIDO,NTX,Ranai Airport,Ranai-Natuna Besar Island,ID,ID-KR,AS,medium_airport,0,,3.90871,108.38800
WIEE,PDG,Minangkabau International Airport,Padang (Katapiang),ID,ID-SB,AS,large_airport,0,,-0.78596,100.28038
WIGG,BKS,Fatmawati Soekarno Airport,Bengkulu,ID,ID-BE,AS,medium_airport,0,,-3.86370,102.33900
WIHH,HLP,Halim Perdanakusuma International Airport,Jakarta,ID,ID-JK,AS,large_airport,1,9843,-6.26699,106.89032
WIII,CGK,Soekarno-Hatta International Airport,Jakarta,ID,ID-BT,AS,large_airport,3,12008,-6.12557,106.65600
WIKK,PGK,Depati Amir Airport,Pangkal Pinang,ID,ID-BB,AS,medium_airport,0,,-2.16220,106.13900
WILL,TKG,Radin Inten II International Airport,Bandar Lampung,ID,ID-LA,AS,medium_airport,1,9088,-5.24680,105.18253
WIMB,GNS,Binaka Airport,Gunungsitoli,ID,ID-SU,AS,medium_airport,1,4445,1.16627,97.70520
WIME,AEG,Aek Godang Airport,Padang Sidempuan,ID,ID-SU,AS,medium_airport,1,4580,1.40010,99.43050
WIMK,MES,Soewondo Air Force Base,Medan,ID,ID-SU,AS,medium_airport,1,9514,3.55843,98.67227
WIMM,KNO,Kualanamu International Airport,Beringin,ID,ID-SU,AS,large_airport,1,12303,3.63785,98.87057
WIMS,FLZ,Dr. Ferdinand Lumban Tobing Airport,Sibolga (Pinangsori),ID,ID-SU,AS,medium_airport,1,5655,1.55713,98.88715
WIMU,LSR,Alas Leuser Airport,Kutacane,ID,ID-AC,AS,medium_airport,1,5358,3.39146,97.86373
WIOG,NPO,Nanga Pinoh Airport,Nanga Pinoh-Borneo Island,ID,ID-KB,AS,medium_airport,1,3272,-0.34864,111.74616
WIOK,KTG,Rahadi Osman Airport,Ketapang,ID,ID-KB,AS,medium_airport,1,4585,-1.81716,109.96347
WIOO,PNK,Supadio International Airport,Pontianak,ID,ID-KB,AS,large_airport,1,7380,-0.15226,109.40449
WIOP,PSU,Pangsuma Airport,Putussibau-Borneo Island,ID,ID-KB,AS,medium_airport,1,3294,0.83458,112.94022
WIOS,SQG,Tebelian Airport,Sintang,ID,ID-KB,AS,medium_airport,0,,-0.04521,111.45805
WIPP,PLM,Sultan Mahmud Badaruddin II Airport,Palembang,ID,ID-SS,AS,medium_airport,1,8202,-2.89765,104.69815
WIPQ,PDO,Pendopo Airport,Talang Gudang-Sumatra Island,ID,ID-SS,AS,medium_airport,1,4265,-3.28607,103.88000
WITC,MEQ,Cut Nyak Dhien Airport,Kuala Pesisir,ID,ID-AC,AS,medium_airport,0,,4.04100,96.25331
WITK,TXE,Rembele Airport,Takengon,ID,ID-AC,AS,medium_airport,1,3837,4.72113,96.85194
WITL,LSX,Lhok Sukon Airport,Lhok Sukon-Sumatra Island,ID,ID-AC,AS,medium_airport,1,3675,5.06951,97.25920
WITT,BTJ,Sultan Iskandar Muda International Airport,Banda Aceh,ID,ID-AC,AS,large_airport,1,9843,5.52509,95.41997
WMAP,,Kluang Airport,Kluang,MY,MY-01,AS,medium_airport,1,4101,2.04139,103.30700
WMBT,TOD,Tioman Airport,Tioman Island,MY,MY-06,AS,medium_airport,1,3255,2.81818,104.16000
WMKA,AOR,Sultan Abdul Halim Airport,Alor Satar,MY,MY-02,AS,medium_airport,1,9005,6.18967,100.39800
WMKB,BWH,RMAF Butterworth Air Base,Butterworth,MY,MY-07,AS,medium_airport,1,8000,5.46592,100.39100
WMKC,KBR,Sultan Ismail Petra Airport,Kota Baharu,MY,MY-03,AS,medium_airport,1,7874,6.16685,102.29300
WMKD,KUA,Kuantan Airport,Kuantan,MY,MY-06,AS,medium_airport,1,9200,3.77539,103.20900
WMKE,KTE,Kerteh Airport,Kerteh,MY,MY-11,AS,medium_airport,1,4446,4.53722,103.42700
WMKI,IPH,Sultan Azlan Shah Airport,Ipoh,MY,MY-08,AS,large_airport,1,5900,4.56733,101.09164
WMKJ,JHB,Senai International Airport,Johor Bahru,MY,MY-01,AS,large_airport,1,12467,1.64131,103.67000
WMKK,KUL,Kuala Lumpur International Airport,Sepang,MY,MY-10,AS,large_airport,3,13530,2.74558,101.71000
WMKL,LGK,Langkawi International Airport,Langkawi,MY,MY-02,AS,large_airport,1,12500,6.32973,99.72870
WMKM,MKZ,Malacca International Airport,Malacca,MY,MY-04,AS,medium_airport,1,7005,2.26561,102.25278
WMKN,TGG,Sultan Mahmud Airport,Kuala Terengganu,MY,MY-11,AS,medium_airport,1,11417,5.38264,103.10300
WMKP,PEN,Penang International Airport,Penang,MY,MY-07,AS,large_airport,1,10997,5.29630,100.27618
WMSA,SZB,Sultan Abdul Aziz Shah International Airport,Subang,MY,MY-10,AS,large_airport,1,12401,3.13058,101.54900
WPDB,UAI,"Commander in Chief of FALINTIL, Kay Rala Xanana Gusmão, International Airport",Suai,TL,TL-CO,AS,medium_airport,1,4921,-9.30186,125.28630
WPDL,DIL,Presidente Nicolau Lobato International Airport,Dili,TL,TL-DI,AS,large_airport,1,6065,-8.54656,125.52451
WPEC,BCH,Baucau Airport,Baucau,TL,TL-BA,AS,medium_airport,1,8233,-8.48648,126.39998
WPOC,OEC,Oecusse Route of the Sandalwood International Airport,Oecussi-Ambeno,TL,TL-OE,AS,large_airport,1,7218,-9.19842,124.33787
WSAC,,Changi Air Base (East),Singapore,SG,SG-04,AS,medium_airport,0,,1.34414,104.00900
WSAG,,Sembawang Air Base,Sembawang,SG,SG-03,AS,medium_airport,2,6255,1.42526,103.81300
WSAP,QPG,Paya Lebar Air Base,Paya Lebar,SG,SG-04,AS,medium_airport,1,12401,1.36042,103.91000
WSAT,TGA,Tengah Air Base,Western Water Catchment,SG,SG-03,AS,medium_airport,3,8999,1.38756,103.70829
WSSL,XSP,Seletar Airport,Seletar,SG,SG-02,AS,medium_airport,1,6023,1.41555,103.86673
WSSS,SIN,Singapore Changi Airport,Singapore,SG,SG-04,AS,large_airport,2,13123,1.35019,103.99400
XHIS,,Chuguyevka Air Base,Chuguyevka,RU,RU-PRI,AS,medium_airport,0,,44.08330,133.86800
XHSO,,Dolinsk-Sokol Air Base,Dolinsk,RU,RU-SAK,AS,medium_airport,0,,47.26170,142.76800
XIAB,,Bada Air Base,Bada,RU,RU-ZAB,AS,medium_airport,0,,51.40692,109.90009
XIAS,,Step Air Base,Chita,RU,RU-ZAB,AS,medium_airport,0,,51.02005,115.43102
XIUW,,Ulan-Ude East Airport,Ulan Ude,RU,RU-BU,AS,medium_airport,0,,51.85000,107.73800
XLLL,,Soltsy-2 Air Base,Soltsy,RU,RU-NGR,EU,medium_airport,0,,58.13954,30.33042
XNKG,,Kansk Air Base,Kansk,RU,RU-KYA,AS,medium_airport,0,,56.12330,95.66330
XRMU,,Khankala Air Base,Grozny,RU,RU-CE,EU,medium_airport,1,8210,43.29810,45.78410
XRRT,TGK,Taganrog Yuzhny Airport,Taganrog,RU,RU-ROS,EU,medium_airport,0,,47.19833,38.84917
XRWL,,Lebyazhye Air Base,Kamyshin,RU,RU-VGG,AS,medium_airport,1,8202,50.20170,45.20830
XSSJ,,Yugorsk Sovetsky Air Base,Yugorsk,RU,RU-KHM,AS,medium_airport,0,,61.26830,63.13830
XUBK,RYB,Staroselye Airport,Rybinsk,RU,RU-YAR,EU,medium_airport,0,,58.10420,38.92940
XWKD,,Danilovo Air Base,Yoshkar Ola,RU,RU-ME,AS,medium_airport,0,,56.66000,48.03330
XWSB,,Bagay-Baranovka Air Base,Sennoy,RU,RU-SAR,AS,medium_airport,0,,52.13965,46.96939
XWWO,,Bobrovka Air Base,Kinel,RU,RU-SAM,AS,medium_airport,0,,53.14500,50.71000
YABA,ALH,Albany Airport,Albany,AU,AU-WA,OC,medium_airport,2,5906,-34.94333,117.80889
YAMB,,RAAF Base Amberley,,AU,AU-QLD,OC,medium_airport,2,9997,-27.63538,152.71122
YARA,ARY,Ararat Airport,Ararat,AU,AU-VIC,OC,medium_airport,2,4068,-37.30998,142.98869
YARM,ARM,Armidale Airport,Armidale,AU,AU-NSW,OC,medium_airport,2,5702,-30.52810,151.61700
YAYE,AYQ,Ayers Rock Connellan Airport,Yulara,AU,AU-NT,OC,medium_airport,1,8527,-25.18591,130.97703
YBAR,BCI,Barcaldine Airport,Barcaldine,AU,AU-QLD,OC,medium_airport,2,5591,-23.56627,145.30209
YBAS,ASP,Alice Springs Airport,Alice Springs,AU,AU-NT,OC,medium_airport,2,7999,-23.80659,133.90343
YBBN,BNE,Brisbane International Airport,Brisbane,AU,AU-QLD,OC,large_airport,2,11680,-27.38420,153.11700
YBCG,OOL,Gold Coast Airport,Gold Coast,AU,AU-QLD,OC,large_airport,2,8176,-28.16596,153.50664
YBCK,BKQ,Blackall Airport,Blackall,AU,AU-QLD,OC,medium_airport,2,5538,-24.43168,145.42972
YBCS,CNS,Cairns International Airport,Cairns,AU,AU-QLD,OC,large_airport,1,10489,-16.87892,145.74948
YBCV,CTL,Charleville Airport,Charleville,AU,AU-QLD,OC,medium_airport,2,5000,-26.41330,146.26199
YBDV,BVI,Birdsville Airport,,AU,AU-QLD,OC,medium_airport,2,5682,-25.89750,139.34801
YBHI,BHQ,Broken Hill Airport,Broken Hill,AU,AU-NSW,OC,medium_airport,2,8251,-32.00140,141.47200
YBHM,HTI,Hamilton Island Airport,Hamilton Island,AU,AU-QLD,OC,medium_airport,1,5591,-20.35810,148.95200
YBIE,BEU,Bedourie Airport,Bedourie,AU,AU-QLD,OC,medium_airport,1,4921,-24.34610,139.46001
YBKE,BRK,Bourke Airport,,AU,AU-NSW,OC,medium_airport,2,6004,-30.03920,145.95200
YBLA,BLN,Benalla Airport,Benalla,AU,AU-VIC,OC,medium_airport,4,3422,-36.55190,146.00700
YBMA,ISA,Mount Isa Airport,Mount Isa,AU,AU-QLD,OC,medium_airport,1,8399,-20.66638,139.48847
YBMK,MKY,Mackay Airport,Mackay,AU,AU-QLD,OC,medium_airport,1,6499,-21.17082,149.18259
YBNA,BNK,Ballina Byron Gateway Airport,Ballina,AU,AU-NSW,OC,medium_airport,1,6234,-28.83324,153.56147
YBNS,BSJ,Bairnsdale Airport,Bairnsdale,AU,AU-VIC,OC,medium_airport,2,3612,-37.88754,147.56938
YBOK,OKY,Oakey Army Aviation Centre,,AU,AU-QLD,OC,medium_airport,5,5410,-27.40926,151.73673
YBOU,BQL,Boulia Airport,,AU,AU-QLD,OC,medium_airport,1,4180,-22.91330,139.89999
YBPN,PPP,Proserpine Whitsunday Coast Airport,Proserpine,AU,AU-QLD,OC,medium_airport,1,6801,-20.49442,148.55358
YBRK,ROK,Rockhampton Airport,Rockhampton,AU,AU-QLD,OC,medium_airport,2,8622,-23.38002,150.47536
YBRM,BME,Broome International Airport,Broome,AU,AU-WA,OC,large_airport,1,7769,-17.94919,122.22830
YBRN,BZD,Balranald Airport,,AU,AU-NSW,OC,medium_airport,2,3888,-34.62483,143.57711
YBRW,BWQ,Brewarrina Airport,,AU,AU-NSW,OC,medium_airport,1,4547,-29.97579,146.81438
YBSU,MCY,Sunshine Coast Airport,Maroochydore,AU,AU-QLD,OC,large_airport,1,9186,-26.59332,153.08319
YBTH,BHS,Bathurst Airport,Bathurst,AU,AU-NSW,OC,medium_airport,2,5594,-33.40682,149.65116
YBTI,BRT,Bathurst Island Airport,Wurrumiyanga,AU,AU-NT,OC,medium_airport,1,4823,-11.76497,130.61577
YBTL,TSV,Townsville Airport / RAAF Base Townsville,Townsville,AU,AU-QLD,OC,medium_airport,2,7999,-19.25290,146.76651
YBTR,BLT,Blackwater Airport,,AU,AU-QLD,OC,medium_airport,1,5023,-23.60310,148.80701
YBUD,BDB,Bundaberg Airport,Bundaberg,AU,AU-QLD,OC,medium_airport,2,6562,-24.90504,152.32261
YBWP,WEI,Weipa Airport,Weipa,AU,AU-QLD,OC,medium_airport,1,5397,-12.67749,141.92262
YBWW,WTB,Toowoomba Wellcamp Airport,Toowoomba,AU,AU-QLD,OC,large_airport,1,9416,-27.55833,151.79334
YCAR,CVQ,Carnarvon Airport,Carnarvon,AU,AU-WA,OC,medium_airport,2,5509,-24.88434,113.66639
YCBA,CAZ,Cobar Airport,,AU,AU-NSW,OC,medium_airport,2,5564,-31.53830,145.79401
YCBB,COJ,Coonabarabran Airport,,AU,AU-NSW,OC,medium_airport,2,4987,-31.33250,149.26700
YCBP,CPD,Coober Pedy Airport,Coober Pedy,AU,AU-SA,OC,medium_airport,2,4685,-29.03831,134.72217
YCCA,CCL,Chinchilla Airport,Chinchilla,AU,AU-QLD,OC,medium_airport,2,3497,-26.77195,150.61757
YCCY,CNJ,Cloncurry Airport,Cloncurry,AU,AU-QLD,OC,medium_airport,2,6562,-20.66860,140.50400
YCDU,CED,Ceduna Airport,,AU,AU-SA,OC,medium_airport,2,5709,-32.13060,133.71001
YCEE,CVC,Cleve Airport,,AU,AU-SA,OC,medium_airport,2,4429,-33.70970,136.50501
YCFS,CFS,Coffs Harbour Airport,Coffs Harbour,AU,AU-NSW,OC,medium_airport,2,6824,-30.32060,153.11600
YCIN,DCN,RAAF Base Curtin,Derby,AU,AU-WA,OC,medium_airport,1,10003,-17.58139,123.82833
YCKN,CTN,Cooktown Airport,,AU,AU-QLD,OC,medium_airport,1,5338,-15.44365,145.18322
YCMT,CMQ,Clermont Airport,,AU,AU-QLD,OC,medium_airport,2,4301,-22.77310,147.62100
YCMU,CMA,Cunnamulla Airport,,AU,AU-QLD,OC,medium_airport,2,5686,-28.03000,145.62199
YCNM,CNB,Coonamble Airport,,AU,AU-NSW,OC,medium_airport,2,5010,-30.98095,148.37783
YCOE,CUQ,Coen Airport,Coen,AU,AU-QLD,OC,medium_airport,1,4107,-13.76113,143.11331
YCOM,OOM,Cooma Snowy Mountains Airport,Cooma,AU,AU-NSW,OC,medium_airport,1,6955,-36.30045,148.97241
YCOR,CWW,Corowa Airport,,AU,AU-NSW,OC,medium_airport,2,5994,-35.99470,146.35700
YCRG,CYG,Corryong Airport,,AU,AU-VIC,OC,medium_airport,1,4596,-36.18280,147.88800
YCTM,CMD,Cootamundra Airport,,AU,AU-NSW,OC,medium_airport,2,4682,-34.62428,148.03664
YCWR,CWT,Cowra Airport,,AU,AU-NSW,OC,medium_airport,2,5348,-33.84689,148.64801
YDBI,DRN,Dirranbandi Airport,,AU,AU-QLD,OC,medium_airport,1,3993,-28.58791,148.21716
YDBY,DRB,Derby Airport,Derby,AU,AU-WA,OC,medium_airport,2,5696,-17.37193,123.66221
YDLQ,DNQ,Deniliquin Airport,Deniliquin,AU,AU-NSW,OC,medium_airport,2,3999,-35.55940,144.94600
YDPO,DPO,Devonport Airport,Devonport,AU,AU-TAS,OC,medium_airport,2,6030,-41.16970,146.42999
YDYS,DYA,Dysart Airport,,AU,AU-QLD,OC,medium_airport,1,5085,-22.62220,148.36400
YECH,ECH,Echuca Airport,,AU,AU-VIC,OC,medium_airport,2,3615,-36.15720,144.76199
YELD,ELC,Elcho Island Airport,Elcho Island,AU,AU-NT,OC,medium_airport,1,4724,-12.01940,135.57100
YEML,EMD,Emerald Airport,Emerald,AU,AU-QLD,OC,medium_airport,2,6234,-23.56750,148.17900
YESP,EPR,Esperance Airport,Esperance,AU,AU-WA,OC,medium_airport,2,4921,-33.68440,121.82300
YEWA,WHB,Eliwana,,AU,AU-WA,OC,medium_airport,1,8202,-22.42839,116.88788
YFBS,FRB,Forbes Airport,Forbes,AU,AU-NSW,OC,medium_airport,1,4029,-33.36360,147.93500
YFRT,FOS,Forrest Airport,,AU,AU-WA,OC,medium_airport,2,4984,-30.83662,128.11281
YFTZ,FIZ,Fitzroy Crossing Airport,,AU,AU-WA,OC,medium_airport,1,4265,-18.18360,125.55978
YGDH,GUH,Gunnedah Airport,,AU,AU-NSW,OC,medium_airport,2,5400,-30.95751,150.24898
YGEL,GET,Geraldton Airport,Moonyoonooka,AU,AU-WA,OC,medium_airport,3,7838,-28.79610,114.70700
YGFN,GFN,Clarence Valley Regional Airport,Grafton,AU,AU-NSW,OC,medium_airport,1,5607,-29.75480,153.03123
YGLA,GLT,Gladstone Airport,Gladstone,AU,AU-QLD,OC,medium_airport,1,5364,-23.86976,151.22544
YGLB,GUL,Goulburn Airport,,AU,AU-NSW,OC,medium_airport,2,4209,-34.81030,149.72600
YGLI,GLI,Glen Innes Airport,Glen Innes,AU,AU-NSW,OC,medium_airport,2,5499,-29.67603,151.69116
YGPT,GPN,Garden Point Airport,Pirlangimpi,AU,AU-NT,OC,medium_airport,1,4314,-11.39969,130.42557
YGTE,GTE,Groote Eylandt Airport,Groote Eylandt,AU,AU-NT,OC,medium_airport,1,6237,-13.97241,136.45855
YGTH,GFF,Griffith Airport,Griffith,AU,AU-NSW,OC,medium_airport,2,4931,-34.25080,146.06700
YHAY,HXX,Hay Airport,,AU,AU-NSW,OC,medium_airport,2,4800,-34.53140,144.83000
YHBA,HVB,Hervey Bay Airport,Hervey Bay,AU,AU-QLD,OC,medium_airport,1,6561,-25.32013,152.88066
YHID,HID,Horn Island Airport,Horn,AU,AU-QLD,OC,medium_airport,2,4557,-10.58564,142.29277
YHLC,HCQ,Halls Creek Airport,,AU,AU-WA,OC,medium_airport,2,4839,-18.23390,127.67000
YHML,HLT,Hamilton Airport,,AU,AU-VIC,OC,medium_airport,2,4606,-37.64890,142.06500
YHOT,MHU,Mount Hotham Airport,Mount Hotham,AU,AU-VIC,OC,medium_airport,1,4762,-37.04750,147.33400
YHPN,HTU,Hopetoun Airport,,AU,AU-VIC,OC,medium_airport,2,3730,-35.71530,142.36000
YHSM,HSM,Horsham Airport,,AU,AU-VIC,OC,medium_airport,2,4337,-36.66970,142.17300
YIVL,IVR,Inverell Airport,Inverell,AU,AU-NSW,OC,medium_airport,2,6936,-29.88830,151.14400
YKER,KRA,Kerang Airport,,AU,AU-VIC,OC,medium_airport,2,3501,-35.75140,143.93900
YKII,KNS,King Island Airport,,AU,AU-TAS,OC,medium_airport,3,5198,-39.87750,143.87801
YKMP,KPS,Kempsey Airport,,AU,AU-NSW,OC,medium_airport,1,5413,-31.07232,152.76531
YKOW,KWM,Kowanyama Airport,Kowanyama,AU,AU-QLD,OC,medium_airport,1,4528,-15.48537,141.75257
YKRY,KGY,Kingaroy Airport,,AU,AU-QLD,OC,medium_airport,2,5249,-26.58108,151.83993
YKSC,KGC,Kingscote Airport,,AU,AU-SA,OC,medium_airport,3,4600,-35.71390,137.52100
YLEC,LGH,Leigh Creek Airport,,AU,AU-SA,OC,medium_airport,2,5610,-30.59830,138.42600
YLEO,LNO,Leonora Airport,Leonora,AU,AU-WA,OC,medium_airport,2,6621,-28.87810,121.31500
YLHR,IRG,Lockhart River Airport,Lockhart River,AU,AU-QLD,OC,medium_airport,1,4919,-12.78690,143.30499
YLIS,LSY,Lismore Airport,Lismore,AU,AU-NSW,OC,medium_airport,1,5404,-28.83069,153.25842
YLRD,LHG,Lightning Ridge Airport,,AU,AU-NSW,OC,medium_airport,2,4613,-29.45286,147.97715
YLRE,LRE,Longreach Airport,Longreach,AU,AU-QLD,OC,medium_airport,1,6352,-23.43202,144.27749
YLST,LER,Leinster Airport,,AU,AU-WA,OC,medium_airport,1,5906,-27.84330,120.70300
YLTV,TGN,Latrobe Valley Airport,Morwell,AU,AU-VIC,OC,medium_airport,3,4692,-38.21100,146.47082
YMAV,AVV,Melbourne Avalon International Airport,Geelong/Melbourne,AU,AU-VIC,OC,large_airport,1,10000,-38.04027,144.46720
YMAY,ABX,Albury Airport,East Albury,AU,AU-NSW,OC,medium_airport,1,6234,-36.06676,146.95915
YMBA,MRG,Mareeba Airport,Mareeba,AU,AU-QLD,OC,medium_airport,1,4938,-17.07028,145.42423
YMDG,DGE,Mudgee Airport,Mudgee,AU,AU-NSW,OC,medium_airport,2,5705,-32.56479,149.60945
YMEK,MKR,Meekatharra Airport,,AU,AU-WA,OC,medium_airport,2,7156,-26.61170,118.54800
YMEN,MEB,Melbourne Essendon Airport,Essendon Fields,AU,AU-VIC,OC,medium_airport,2,6302,-37.72810,144.90199
YMER,MIM,Merimbula Airport,Merimbula,AU,AU-NSW,OC,medium_airport,1,5256,-36.90860,149.90100
YMES,,RAAF Base East Sale,,AU,AU-VIC,OC,medium_airport,2,7995,-38.09890,147.14900
YMGD,MNG,Maningrida Airport,Maningrida,AU,AU-NT,OC,medium_airport,1,5020,-12.05610,134.23399
YMHB,HBA,Hobart International Airport,Hobart (Cambridge),AU,AU-TAS,OC,large_airport,1,8947,-42.83703,147.51302
YMIA,MQL,Mildura Airport,Mildura,AU,AU-VIC,OC,medium_airport,2,6004,-34.22920,142.08600
YMLT,LST,Launceston Airport,Launceston (Western Junction),AU,AU-TAS,OC,medium_airport,3,6499,-41.54494,147.21078
YMMB,MBW,Melbourne Moorabbin Airport,Melbourne,AU,AU-VIC,OC,medium_airport,5,4380,-37.97776,145.09980
YMML,MEL,Melbourne Airport,Melbourne,AU,AU-VIC,OC,large_airport,2,11998,-37.67073,144.83790
YMNE,WME,Mount Keith Airport,,AU,AU-WA,OC,medium_airport,1,5896,-27.28733,120.55494
YMOG,MMG,Mount Magnet Airport,,AU,AU-WA,OC,medium_airport,2,5906,-28.11610,117.84200
YMOR,MRZ,Moree Airport,Moree,AU,AU-NSW,OC,medium_airport,2,5292,-29.49890,149.84500
YMRB,MOV,Moranbah Airport,Moranbah,AU,AU-QLD,OC,medium_airport,1,5000,-22.05780,148.07700
YMRE,RRE,Marree Airport,,AU,AU-SA,OC,medium_airport,1,4422,-29.66330,138.06500
YMRY,MYA,Moruya Airport,Moruya,AU,AU-NSW,OC,medium_airport,2,4997,-35.89780,150.14400
YMTG,MGB,Mount Gambier Airport,Mount Gambier,AU,AU-SA,OC,medium_airport,3,5394,-37.74438,140.78056
YNAR,NRA,Narrandera Airport,Narrandera,AU,AU-NSW,OC,medium_airport,2,5302,-34.70220,146.51199
YNBR,NAA,Narrabri Airport,Narrabri,AU,AU-NSW,OC,medium_airport,2,5000,-30.31920,149.82700
YNGU,RPM,Ngukurr Airport,Roper River,AU,AU-NT,OC,medium_airport,1,5020,-14.72280,134.74699
YNKR,,Nackeroo Airfield,,AU,AU-NT,OC,medium_airport,0,,-15.57803,130.47599
YNRM,QRM,Narromine Airport,,AU,AU-NSW,OC,medium_airport,2,4990,-32.21470,148.22501
YNTN,NTN,Normanton Airport,Normanton,AU,AU-QLD,OC,medium_airport,1,5499,-17.68409,141.06966
YNWN,ZNE,Newman Airport,Newman,AU,AU-WA,OC,medium_airport,1,6798,-23.41780,119.80300
YORG,OAG,Orange Airport,Orange,AU,AU-NSW,OC,medium_airport,2,5499,-33.38201,149.13126
YPAD,ADL,Adelaide International Airport,Adelaide,AU,AU-SA,OC,large_airport,2,10171,-34.94751,138.53339
YPAG,PUG,Port Augusta Airport,,AU,AU-SA,OC,medium_airport,1,5413,-32.50690,137.71700
YPBO,PBO,Paraburdoo Airport,Paraburdoo,AU,AU-WA,OC,medium_airport,1,6995,-23.17110,117.74500
YPCC,CCK,Cocos (Keeling) Islands Airport,West Island,CC,CC-U-A,AS,large_airport,1,7999,-12.19222,96.83410
YPDN,DRW,Darwin International Airport / RAAF Darwin,Darwin,AU,AU-NT,OC,large_airport,2,11004,-12.41497,130.88185
YPEA,,RAAF Base Pearce,Bullsbrook,AU,AU-WA,OC,medium_airport,3,8002,-31.66780,116.01500
YPED,,RAAF Base Edinburgh,Adelaide,AU,AU-SA,OC,medium_airport,1,8399,-34.70571,138.61556
YPGV,GOV,Gove Airport,Nhulunbuy,AU,AU-NT,OC,medium_airport,1,7244,-12.26940,136.81799
YPIR,PPI,Port Pirie Airport,,AU,AU-SA,OC,medium_airport,3,3507,-33.23890,137.99499
YPJT,JAD,Perth Jandakot Airport,Perth,AU,AU-WA,OC,medium_airport,3,4948,-32.09750,115.88100
YPKA,KTA,Karratha Airport,Karratha,AU,AU-WA,OC,medium_airport,1,7480,-20.71220,116.77300
YPKG,KGI,Kalgoorlie Boulder Airport,Broadwood,AU,AU-WA,OC,medium_airport,2,6562,-30.79154,121.46459
YPKS,PKE,Parkes Airport,Parkes,AU,AU-NSW,OC,medium_airport,2,5525,-33.13140,148.23900
YPKT,PKT,Port Keats Airport,Wadeye,AU,AU-NT,OC,medium_airport,1,4626,-14.24970,129.52954
YPKU,KNX,East Kimberley Regional (Kununurra) Airport,Kununurra,AU,AU-WA,OC,medium_airport,1,6000,-15.77810,128.70799
YPLC,PLO,Port Lincoln Airport,Port Lincoln,AU,AU-SA,OC,medium_airport,3,4918,-34.60530,135.88000
YPLM,LEA,Learmonth Airport,Exmouth,AU,AU-WA,OC,medium_airport,1,9997,-22.23520,114.09002
YPMQ,PQQ,Port Macquarie Airport,Port Macquarie,AU,AU-NSW,OC,medium_airport,1,5203,-31.43580,152.86301
YPOD,PTJ,Portland Airport,,AU,AU-VIC,OC,medium_airport,2,5302,-38.31810,141.47099
YPPD,PHE,Port Hedland International Airport,Port Hedland,AU,AU-WA,OC,large_airport,2,8202,-20.38279,118.62979
YPPH,PER,Perth International Airport,Perth,AU,AU-WA,OC,large_airport,2,11299,-31.94030,115.96700
YPTN,KTR,Tindal Airport,,AU,AU-NT,OC,medium_airport,1,9003,-14.52110,132.37801
YPXM,XCH,Christmas Island International Airport,Flying Fish Cove,CX,CX-U-A,AS,medium_airport,1,6900,-10.45039,105.69110
YQLP,ULP,Quilpie Airport,,AU,AU-QLD,OC,medium_airport,2,4898,-26.60918,144.25375
YREN,RMK,Renmark Airport,,AU,AU-SA,OC,medium_airport,3,5709,-34.19640,140.67400
YROM,RMA,Roma Airport,Roma,AU,AU-QLD,OC,medium_airport,2,4934,-26.54500,148.77499
YSBK,BWU,Sydney Bankstown Airport,Sydney,AU,AU-NSW,OC,medium_airport,3,4644,-33.92362,150.99079
YSCB,CBR,Canberra Airport,Canberra,AU,AU-ACT,OC,medium_airport,2,10771,-35.30690,149.19501
YSCN,CDU,Camden Airport,Cobbitty,AU,AU-NSW,OC,medium_airport,2,4804,-34.03834,150.68641
YSDU,DBO,Dubbo City Regional Airport,Dubbo,AU,AU-NSW,OC,medium_airport,2,5604,-32.21670,148.57500
YSHK,MJK,Shark Bay Airport,Denham,AU,AU-WA,OC,medium_airport,1,5545,-25.89729,113.57580
YSHL,WOL,Shellharbour Airport,Albion Park Rail,AU,AU-NSW,OC,medium_airport,2,5967,-34.56110,150.78900
YSHT,SHT,Shepparton Airport,,AU,AU-VIC,OC,medium_airport,2,4521,-36.42834,145.39147
YSMI,SIO,Smithton Airport,,AU,AU-TAS,OC,medium_airport,2,5246,-40.83500,145.08400
YSNF,NLK,Norfolk Island International Airport,Burnt Pine,NF,NF-U-A,OC,medium_airport,2,6398,-29.04176,167.93947
YSNK,SNB,Snake Bay Airport,Milikapiti,AU,AU-NT,OC,medium_airport,0,,-11.41767,130.64848
YSNW,NOA,Naval Air Station Nowra - HMAS Albatross,Nowra Hill,AU,AU-NSW,OC,medium_airport,2,6870,-34.94660,150.54245
YSRI,XRH,RAAF Base Richmond,Richmond,AU,AU-NSW,OC,medium_airport,1,7001,-33.60465,150.78305
YSSY,SYD,Sydney Kingsford Smith International Airport,Sydney (Mascot),AU,AU-NSW,OC,large_airport,3,12999,-33.94610,151.17700
YSTW,TMW,Tamworth Airport,Tamworth,AU,AU-NSW,OC,medium_airport,4,7218,-31.07790,150.84548
YSWG,WGA,Wagga Wagga Airport,Forest Hill,AU,AU-NSW,OC,medium_airport,2,5807,-35.16348,147.46832
YSWH,SWH,Swan Hill Airport,,AU,AU-VIC,OC,medium_airport,3,4905,-35.37580,143.53300
YSWL,SWC,Stawell Airport,,AU,AU-VIC,OC,medium_airport,2,4603,-37.07170,142.74100
YSWS,WSI,Western Sydney International (Nancy-Bird Walton) Airport,Sydney,AU,AU-NSW,OC,large_airport,0,,-33.88346,150.71298
YTEF,TEF,Telfer Airport,,AU,AU-WA,OC,medium_airport,1,6562,-21.71500,122.22900
YTEM,TEM,Temora Airport,Temora,AU,AU-NSW,OC,medium_airport,3,6454,-34.42140,147.51199
YTGM,XTG,Thargomindah Airport,Thargomindah,AU,AU-QLD,OC,medium_airport,2,4800,-27.98637,143.81206
YTIB,TYB,Tibooburra Airport,,AU,AU-NSW,OC,medium_airport,2,5026,-29.45110,142.05800
YTMU,TUM,Tumut Aerodrome,Tumut,AU,AU-NSW,OC,medium_airport,1,3478,-35.26832,148.24053
YTNG,THG,Thangool Airport,Biloela,AU,AU-QLD,OC,medium_airport,2,4993,-24.49486,150.57797
YTNK,TCA,Tennant Creek Airport,Tennant Creek,AU,AU-NT,OC,medium_airport,2,6427,-19.63440,134.18300
YTRE,TRO,Taree Airport,Taree,AU,AU-NSW,OC,medium_airport,2,4934,-31.88860,152.51401
YWDH,WNR,Windorah Airport,Windorah,AU,AU-QLD,OC,medium_airport,1,4508,-25.41064,142.66843
YWGT,WGT,Wangaratta Airport,Laceby,AU,AU-VIC,OC,medium_airport,2,5381,-36.41791,146.30690
YWHA,WYA,Whyalla Airport,Whyalla,AU,AU-SA,OC,medium_airport,2,5531,-33.05890,137.51401
YWKB,WKB,Warracknabeal Airport,,AU,AU-VIC,OC,medium_airport,2,4501,-36.32110,142.41901
YWLG,WGE,Walgett Airport,,AU,AU-NSW,OC,medium_airport,2,5335,-30.03280,148.12601
YWLM,NTL,Newcastle Airport,Williamtown,AU,AU-NSW,OC,large_airport,1,10033,-32.79611,151.83503
YWLU,WUN,Wiluna Airport,,AU,AU-WA,OC,medium_airport,2,5942,-26.63269,120.22191
YWRN,,Warren Airport,,AU,AU-NSW,OC,medium_airport,2,3894,-31.73330,147.80299
YWSL,SXE,West Sale Airport,Sale,AU,AU-VIC,OC,medium_airport,3,5010,-38.09083,146.96534
YWTN,WIN,Winton Airport,,AU,AU-QLD,OC,medium_airport,2,4600,-22.36360,143.08600
YWWL,WWY,West Wyalong Airport,West Wyalong,AU,AU-NSW,OC,medium_airport,2,5200,-33.93720,147.19099
YWYY,BWT,Wynyard Airport,Burnie,AU,AU-TAS,OC,medium_airport,2,5413,-40.99704,145.72600
YYNG,NGA,Young Airport,,AU,AU-NSW,OC,medium_airport,1,4003,-34.25558,148.24712
Z19O,,Wujah Al Hajar Air Base,Hamat,LB,LB-AS,AS,medium_airport,1,6000,34.28123,35.68010
ZBAA,PEK,Beijing Capital International Airport,Beijing,CN,CN-11,AS,large_airport,3,12467,40.07735,116.59670
ZBAD,PKX,Beijing Daxing International Airport,Beijing,CN,CN-11,AS,large_airport,4,12467,39.50129,116.41397
ZBAL,AXF,Alxa Left Banner Bayanhot Airport,Bayanhot,CN,CN-15,AS,medium_airport,0,,38.74832,105.58416
ZBBB,,Beijing Xijiao Airport,Beijing,CN,CN-11,AS,medium_airport,1,,39.95859,116.25677
ZBCD,CDE,Chengde Puning Airport,Chengde,CN,CN-13,AS,medium_airport,1,9186,41.12250,118.07389
ZBCF,CIF,Chifeng Yulong Airport,Chifeng,CN,CN-15,AS,medium_airport,1,5774,42.15972,118.84097
ZBDH,BPE,Qinhuangdao Beidaihe Airport,Qinhuangdao (Changli),CN,CN-13,AS,medium_airport,1,8530,39.66638,119.06138
ZBDS,DSN,Ordos Ejin Horo International Airport,Ordos,CN,CN-15,AS,large_airport,1,10499,39.49351,109.85990
ZBDT,DAT,Datong Yungang International Airport,Datong,CN,CN-14,AS,large_airport,1,9843,40.06139,113.48051
ZBER,ERL,Erenhot Saiwusu International Airport,Erenhot,CN,CN-15,AS,medium_airport,1,9186,43.42408,112.09108
ZBES,YIE,Arxan Yi'ershi Airport,Arxan,CN,CN-15,AS,medium_airport,1,7874,47.31060,119.91170
ZBHD,HDG,Handan Airport,Handan,CN,CN-13,AS,medium_airport,1,8530,36.52482,114.42413
ZBHH,HET,Hohhot Baita International Airport,Hohhot,CN,CN-15,AS,large_airport,1,11811,40.84966,111.82460
ZBHZ,HUO,Holingol Huolinhe Airport,Holingol,CN,CN-15,AS,medium_airport,1,8858,45.48722,119.40722
ZBLA,HLD,Hulunbuir Hailar Airport,Hailar,CN,CN-15,AS,large_airport,1,8530,49.20862,119.82230
ZBLF,LFQ,Linfen Yaodu Airport,Linfen (Yaodu),CN,CN-14,AS,medium_airport,1,8530,36.13263,111.64124
ZBLL,LLV,Lüliang Dawu Airport,Lüliang,CN,CN-61,AS,medium_airport,1,8530,37.68333,111.14278
ZBLX,,Liangxiangzhen Air Base,Beijing,CN,CN-11,AS,medium_airport,0,,39.75780,116.12600
ZBMZ,NZH,Manzhouli Xijiao Airport,Manzhouli,CN,CN-15,AS,medium_airport,1,9186,49.56667,117.33000
ZBNJ,,Beijing Nanjiao Airport,Beijing,CN,CN-11,AS,medium_airport,0,,39.48284,116.37229
ZBOW,BAV,Baotou Donghe International Airport,Baotou,CN,CN-15,AS,large_airport,1,9186,40.56000,109.99700
ZBSG,SZH,Shuozhou Zirun Airport,Shuozhou,CN,CN-14,AS,medium_airport,1,8530,39.27324,112.69155
ZBSJ,SJW,Shijiazhuang Zhengding International Airport,Shijiazhuang,CN,CN-13,AS,large_airport,1,11155,38.28070,114.69700
ZBTJ,TSN,Tianjin Binhai International Airport,Tianjin,CN,CN-12,AS,large_airport,2,11811,39.12440,117.34600
ZBTL,TGO,Tongliao Airport,Tongliao,CN,CN-15,AS,medium_airport,1,7546,43.55670,122.20000
ZBUC,UCB,Ulanqab Jining Airport,Ulanqab,CN,CN-15,AS,medium_airport,1,10499,41.13027,113.10727
ZBUH,WUA,Wuhai Airport,Wuhai,CN,CN-15,AS,medium_airport,1,8530,39.79340,106.79930
ZBXH,XIL,Xilinhot Airport,Xilinhot,CN,CN-15,AS,medium_airport,1,9186,43.91560,115.96400
ZBXJ,,[Duplicate] Beijing Xijiao Airport,Beijing,CN,CN-11,AS,medium_airport,0,,39.95859,116.25677
ZBYC,YCU,Yuncheng Yanhu International Airport,Yuncheng (Yanhu),CN,CN-61,AS,large_airport,1,10499,35.11782,111.03402
ZBYN,TYN,Taiyuan Wusu International Airport,Taiyuan,CN,CN-14,AS,large_airport,2,11811,37.74690,112.62800
ZBYZ,RLK,Bayannur Tianjitai Airport,Bayannur,CN,CN-15,AS,medium_airport,1,8530,40.92636,107.74093
ZBZJ,ZQZ,Zhangjiakou Ningyuan Airport,Zhangjiakou,CN,CN-13,AS,medium_airport,1,8202,40.73866,114.93340
ZBZL,NZL,Zhalantun Genghis Khan Airport,Zhalantun,CN,CN-15,AS,medium_airport,1,8202,47.86594,122.76866
ZGBH,BHY,Beihai Fucheng Airport,Beihai,CN,CN-45,AS,medium_airport,1,10499,21.53866,109.29368
ZGBS,AEB,Baise (Bose) Bama Airport,Baise (Tianyang),CN,CN-45,AS,medium_airport,1,8202,23.72060,106.96000
ZGCD,CGD,Changde Taohuayuan Airport,Changde (Dingcheng),CN,CN-43,AS,medium_airport,1,8366,28.91890,111.64000
ZGCJ,HJJ,Huaihua Zhijiang Airport,Huaihua,CN,CN-43,AS,medium_airport,1,7218,27.44309,109.70467
ZGCS,,Changsha Datuopu Airport / Changsha Air Base,Changsha (Tianxin),CN,CN-43,AS,medium_airport,0,,28.06852,112.95731
ZGCZ,HCZ,Chenzhou Beihu Airport,Chenzhou,CN,CN-43,AS,medium_airport,1,8530,25.75342,112.84540
ZGDY,DYG,Zhangjiajie Hehua International Airport,Zhangjiajie (Yongding),CN,CN-43,AS,large_airport,1,8530,29.10475,110.44279
ZGFS,FUO,Foshan Shadi Airport,Foshan (Nanhai),CN,CN-44,AS,medium_airport,1,9186,23.08250,113.07083
ZGGG,CAN,Guangzhou Baiyun International Airport,Guangzhou (Huadu),CN,CN-44,AS,large_airport,5,12467,23.39240,113.29900
ZGHA,CSX,Changsha Huanghua International Airport,Changsha (Changsha),CN,CN-43,AS,large_airport,2,12467,28.18920,113.22000
ZGHC,HCJ,Hechi Jinchengjiang Airport,Hechi (Jinchengjiang),CN,CN-45,AS,medium_airport,1,7218,24.80434,107.71082
ZGHZ,HUZ,Huizhou Pingtan Airport,Huizhou (Pingtan),CN,CN-44,AS,medium_airport,1,7874,23.05000,114.60000
ZGKL,KWL,Guilin Liangjiang International Airport,Guilin (Lingui),CN,CN-45,AS,large_airport,1,10499,25.21983,110.03955
ZGLG,LLF,Yongzhou Lingling Airport,Yongzhou,CN,CN-43,AS,medium_airport,1,8530,26.33866,111.61004
ZGNN,NNG,Nanning Wuxu International Airport,Nanning (Jiangnan),CN,CN-45,AS,large_airport,1,10499,22.59807,108.18192
ZGOW,SWA,Jieyang Chaoshan International Airport,Jieyang (Rongcheng),CN,CN-44,AS,large_airport,1,10499,23.55200,116.50330
ZGSD,ZUH,Zhuhai Jinwan Airport,Zhuhai (Jinwan),CN,CN-44,AS,large_airport,1,13517,22.00640,113.37600
ZGSG,HSC,Shaoguan Danxia Airport,Shaoguan,CN,CN-44,AS,medium_airport,0,,24.97860,113.42100
ZGSY,WGN,Shaoyang Wugang Airport,Shaoyang (Wugang),CN,CN-43,AS,medium_airport,1,8530,26.80612,110.64104
ZGSZ,SZX,Shenzhen Bao'an International Airport,Shenzhen,CN,CN-44,AS,large_airport,3,12467,22.63947,113.80326
ZGWZ,WUZ,Wuzhou Xijiang Airport,Tangbu,CN,CN-45,AS,medium_airport,1,8202,23.40316,111.09331
ZGYL,YLX,Yulin Fumian Airport,Yulin,CN,CN-45,AS,medium_airport,1,8530,22.43304,110.12000
ZGYY,YYA,Yueyang Sanhe Airport,Yueyang (Yueyanglou),CN,CN-43,AS,medium_airport,1,8530,29.31170,113.28157
ZGZH,LZH,Liuzhou Bailian Airport / Bailian Air Base,Liuzhou (Liujiang),CN,CN-45,AS,medium_airport,1,8202,24.20750,109.39100
ZGZJ,ZHA,Zhanjiang Wuchuan International Airport,Zhanjiang,CN,CN-44,AS,large_airport,1,10499,21.48167,110.59028
ZHCC,CGO,Zhengzhou Xinzheng International Airport,Zhengzhou,CN,CN-41,AS,large_airport,2,11811,34.52650,113.84916
ZHEC,EHU,Ezhou Huahu International Airport,Ezhou,CN,CN-42,AS,large_airport,2,11811,30.34118,115.03926
ZHES,ENH,Enshi Xujiaping Airport,Enshi (Enshi),CN,CN-42,AS,medium_airport,1,6890,30.32030,109.48500
ZHGH,LHK,Guangzhou MR Air Base / Guanghua Airport,Xiangyang (Laohekou),CN,CN-42,AS,medium_airport,0,,32.38866,111.69425
ZHHH,WUH,Wuhan Tianhe International Airport,Wuhan (Huangpi),CN,CN-42,AS,large_airport,3,11811,30.77480,114.21372
ZHJZ,SHS,Jingzhou Shashi Airport,Jingzhou (Shashi),CN,CN-42,AS,medium_airport,1,8530,30.29281,112.44854
ZHLY,LYA,Luoyang Beijiao Airport,Luoyang (Laocheng),CN,CN-41,AS,large_airport,1,8202,34.74110,112.38800
ZHSN,HPG,Shennongjia Hongping Airport,Shennongjia (Hongping),CN,CN-42,AS,medium_airport,1,9186,31.62600,110.34000
ZHSY,WDS,Shiyan Wudangshan Airport,Shiyan (Maojian),CN,CN-42,AS,medium_airport,1,8530,32.59289,110.90630
ZHXF,XFN,Xiangyang Liuji Airport,Xiangyang (Xiangzhou),CN,CN-42,AS,medium_airport,1,8530,32.15222,112.29167
ZHXY,XAI,Xinyang Minggang Airport,Xinyang,CN,CN-41,AS,medium_airport,1,8858,32.54082,114.07914
ZHYC,YIH,Yichang Sanxia Airport,Yichang (Xiaoting),CN,CN-42,AS,medium_airport,1,10499,30.55413,111.48256
ZJHK,HAK,Haikou Meilan International Airport,Haikou (Meilan),CN,CN-46,AS,large_airport,2,11811,19.93490,110.45900
ZJQH,BAR,Qionghai Bo'ao Airport,Qionghai (Basuo),CN,CN-46,AS,medium_airport,1,10499,19.14095,110.45277
ZJSY,SYX,Sanya Phoenix International Airport,Sanya (Tianya),CN,CN-46,AS,large_airport,1,11155,18.30290,109.41200
ZKHM,RGO,Orang (Chongjin) Airport,Hoemun-ri,KP,KP-09,AS,medium_airport,1,8202,41.42854,129.64756
ZKHW,,Hwangju Airbase,Hwangju,KP,KP-06,AS,medium_airport,0,,38.65346,125.78888
ZKPN,,Pukchang Air Base,Sunchon,KP,KP-02,AS,medium_airport,0,,39.50500,125.96400
ZKPY,FNJ,Pyongyang Sunan International Airport,Pyongyang,KP,KP-01,AS,large_airport,1,11490,39.22410,125.67000
ZKSC,,Sunchon Air Base,Sunchon,KP,KP-02,AS,medium_airport,0,,39.41246,125.89027
ZKSD,DSO,Sondok Airport,Sŏndŏng-ni,KP,KP-08,AS,medium_airport,1,8210,39.74520,127.47400
ZKWS,WOS,Wonsan Kalma Airport,Wonsan,KP,KP-07,AS,medium_airport,2,11482,39.16522,127.48793
ZLDH,DNH,Dunhuang Mogao International Airport,Dunhuang,CN,CN-62,AS,large_airport,1,9186,40.16195,94.81283
ZLDL,HXD,Haixi Delingha Airport,Delingha,CN,CN-63,AS,medium_airport,1,9843,37.12529,97.26866
ZLGL,GMQ,Golog Maqên Airport,Golog (Maqên),CN,CN-63,AS,medium_airport,1,12467,34.41807,100.30114
ZLGM,GOQ,Golmud Airport,Golmud,CN,CN-63,AS,medium_airport,1,15748,36.40060,94.78610
ZLGY,GYU,Guyuan Liupanshan Airport,Guyuan (Yuanzhou),CN,CN-64,AS,medium_airport,1,9186,36.07889,106.21694
ZLHN,HNG,Hainanzhou Gonghe Airport,Hainan (Gonghe),CN,CN-63,AS,medium_airport,0,,36.33670,100.48000
ZLHX,HTT,Huatugou Airport,Mengnai,CN,CN-63,AS,medium_airport,1,11811,38.20164,90.83784
ZLHZ,HZG,Hanzhong Chenggu Airport,Hanzhong (Chenggu),CN,CN-61,AS,medium_airport,1,8202,33.13353,107.20382
ZLIC,INC,Yinchuan Hedong International Airport,Yinchuan,CN,CN-64,AS,large_airport,1,11811,38.32276,106.39321
ZLJC,JIC,Jinchang Jinchuan Airport,Jinchang,CN,CN-62,AS,medium_airport,1,9843,38.54222,102.34833
ZLJQ,JGN,Jiayuguan International Airport,Jiayuguan,CN,CN-62,AS,large_airport,1,9843,39.85905,98.33934
ZLLL,LHW,Lanzhou Zhongchuan International Airport,Lanzhou (Yongdeng),CN,CN-62,AS,large_airport,3,13123,36.51520,103.62000
ZLLN,LNL,Longnan Chengzhou Airport,Longnan (Cheng),CN,CN-62,AS,medium_airport,1,9186,33.78992,105.79001
ZLQY,IQN,Qingyang Xifeng Airport,Qingyang (Xifeng),CN,CN-62,AS,medium_airport,1,8530,35.80264,107.59890
ZLSN,SIA,Xi'an Xiguan Airport,Xi'an (Baqiao),CN,CN-61,AS,medium_airport,0,,34.37670,109.12000
ZLTS,THQ,Tianshui Maijishan Airport,Tianshui (Maiji),CN,CN-62,AS,medium_airport,1,9186,34.56010,105.86034
ZLXH,GXH,Gannan Xiahe Airport,Gannan (Xiahe),CN,CN-62,AS,medium_airport,1,10499,34.81901,102.62226
ZLXN,XNN,Xining Caojiabao International Airport,Haidong (Huzhu Tu Autonomous County),CN,CN-63,AS,large_airport,1,12467,36.52775,102.04022
ZLXY,XIY,Xi'an Xianyang International Airport,Xi'an,CN,CN-61,AS,large_airport,4,12467,34.44221,108.76238
ZLYA,ENY,Yan'an Nanniwan Airport,Yan'an (Baota),CN,CN-61,AS,medium_airport,1,9843,36.47941,109.46408
ZLYL,UYN,Yulin Yuyang Airport,Yulin,CN,CN-61,AS,medium_airport,1,9186,38.35971,109.59093
ZLYS,YUS,Yushu Batang Airport,Yushu (Batang),CN,CN-63,AS,medium_airport,1,12467,32.83639,97.03639
ZLZW,ZHY,Zhongwei Shapotou Airport,Zhongwei (Shapotou),CN,CN-64,AS,medium_airport,1,9186,37.57312,105.15445
ZLZY,YZY,Zhangye Ganzhou Airport,Zhangye (Ganzhou),CN,CN-62,AS,medium_airport,1,9843,38.80190,100.67500
ZMAH,AVK,Arvaikheer Airport,Arvaikheer,MN,MN-055,AS,medium_airport,1,7546,46.25030,102.80200
ZMAT,LTI,Altai Airport,Altai,MN,MN-065,AS,medium_airport,1,7513,46.37640,96.22110
ZMBH,BYN,Bayankhongor Airport,Bayankhongor,MN,MN-069,AS,medium_airport,1,9186,46.16330,100.70400
ZMBN,UGA,Bulgan Airport,Bulgan,MN,MN-067,AS,medium_airport,1,6234,48.85500,103.47600
ZMBU,UUN,Baruun Urt Airport,,MN,MN-051,AS,medium_airport,1,7217,46.66030,113.28500
ZMCD,COQ,Choibalsan Airport,,MN,MN-061,AS,medium_airport,1,8530,48.13538,114.64723
ZMCK,UBN,Ulaanbaatar Chinggis Khaan International Airport,Ulaanbaatar (Sergelen),MN,MN-047,AS,large_airport,1,11811,47.64692,106.81983
ZMDZ,DLZ,Dalanzadgad Airport,Dalanzadgad,MN,MN-053,AS,medium_airport,1,7545,43.60863,104.36773
ZMKD,HVD,Khovd Airport,Khovd,MN,MN-043,AS,medium_airport,1,9352,47.95410,91.62820
ZMMN,MXV,Mörön Airport,Mörön,MN,MN-041,AS,medium_airport,1,7874,49.66368,100.10003
ZMUB,ULN,Buyant-Ukhaa International Airport,Ulaanbaatar,MN,MN-1,AS,large_airport,2,10170,47.84310,106.76700
ZMUG,ULO,Ulaangom Airport,Ulaangom,MN,MN-046,AS,medium_airport,1,8815,50.06659,91.93827
ZMUL,ULG,Ölgii Mongolei International Airport,Ölgii,MN,MN-071,AS,medium_airport,1,7874,48.99330,89.92250
ZPBS,BSD,Baoshan Yunrui Airport,Baoshan (Longyang),CN,CN-53,AS,medium_airport,1,7874,25.05330,99.16830
ZPCW,CWJ,Cangyuan Washan Airport,Lincang (Cangyuan),CN,CN-53,AS,medium_airport,1,8530,23.27633,99.37317
ZPDL,DLU,Dali Fengyi Airport,Dali (Xiaguan),CN,CN-53,AS,medium_airport,1,8202,25.64940,100.31900
ZPDQ,DIG,Diqing Shangri-La Airport,Diqing (Shangri-La),CN,CN-53,AS,medium_airport,1,11647,27.79360,99.67720
ZPJH,JHG,Xishuangbanna Gasa International Airport,Jinghong (Gasa),CN,CN-53,AS,large_airport,1,7874,21.97465,100.76222
ZPJM,JMJ,Lancang Jingmai Airport,Pu'er (Lancang),CN,CN-53,AS,medium_airport,1,8530,22.41773,99.78401
ZPLC,LNJ,Lincang Boshang Airport,Lincang,CN,CN-53,AS,medium_airport,1,7874,23.73810,100.02500
ZPLJ,LJG,Lijiang Sanyi International Airport,Lijiang,CN,CN-53,AS,large_airport,1,9843,26.67748,100.24494
ZPMS,LUM,Dehong Mangshi International Airport,Dehong (Mangshi),CN,CN-53,AS,medium_airport,1,7218,24.40110,98.53170
ZPNL,NLH,Ninglang Luguhu Airport,Ninglang,CN,CN-53,AS,medium_airport,0,,27.54030,100.75930
ZPPP,KMG,Kunming Changshui International Airport,Kunming,CN,CN-53,AS,large_airport,2,14764,25.11031,102.93674
ZPTC,TCZ,Tengchong Tuofeng Airport,Baoshan (Tengchong),CN,CN-53,AS,medium_airport,0,,24.93806,98.48583
ZPYM,YUA,Yuanmou Air Base,Chuxiong (Yuanmou),CN,CN-53,AS,medium_airport,0,,25.73750,101.88200
ZPZT,ZAT,Zhaotong Zhaoyang Airport,Zhaotong,CN,CN-53,AS,medium_airport,1,8530,27.20584,103.69151
ZSAM,XMN,Xiamen Gaoqi International Airport,Xiamen,CN,CN-35,AS,large_airport,1,11155,24.54389,118.12745
ZSAQ,AQG,Anqing Tianzhushan Airport / Anqing North Air Base,Anqing,CN,CN-34,AS,medium_airport,1,9186,30.58220,117.05000
ZSBA,BFY,Bengbu Tenghu Airport,Bengbu,CN,CN-34,AS,medium_airport,0,,33.16629,117.05834
ZSBB,BFU,Bengbu Renheji Airport,Bengbu,CN,CN-34,AS,medium_airport,0,,32.84773,117.32024
ZSCG,CZX,Changzhou Benniu International Airport,Changzhou,CN,CN-32,AS,medium_airport,1,11155,31.92048,119.77546
ZSCN,KHN,Nanchang Changbei International Airport,Nanchang,CN,CN-36,AS,large_airport,1,11155,28.86482,115.90271
ZSDY,DOY,Dongying Shengli Airport,Dongying (Kenli),CN,CN-37,AS,medium_airport,1,9186,37.50137,118.78986
ZSFY,FUG,Fuyang Xiguan Airport,"Yingzhou, Fuyang",CN,CN-34,AS,medium_airport,1,7874,32.88216,115.73436
ZSFZ,FOC,Fuzhou Changle International Airport,Fuzhou (Changle),CN,CN-35,AS,large_airport,2,11811,25.92925,119.67252
ZSGS,JGS,Jinggangshan Airport,Ji'an,CN,CN-36,AS,medium_airport,0,,26.85690,114.73700
ZSHC,HGH,Hangzhou Xiaoshan International Airport,Hangzhou,CN,CN-33,AS,large_airport,2,11811,30.23609,120.42887
ZSHZ,HZA,Heze Mudan Airport,Heze (Dingtao),CN,CN-37,AS,medium_airport,1,8530,35.21297,115.73675
ZSJD,JDZ,Jingdezhen Luojia Airport,Jingdezhen,CN,CN-36,AS,medium_airport,1,7874,29.33860,117.17600
ZSJG,JNG,Jining Da'an Airport,Jining,CN,CN-37,AS,medium_airport,1,9186,35.64736,116.74327
ZSJN,TNA,Jinan Yaoqiang International Airport,Jinan (Licheng),CN,CN-37,AS,large_airport,1,11812,36.85720,117.21600
ZSJU,JUZ,Quzhou Airport,Quzhou (Kezheng),CN,CN-33,AS,medium_airport,1,6234,28.96613,118.89879
ZSJX,JNH,Jiaxing Nanhu Airport,"Xiuzhou, Hangzhou",CN,CN-33,AS,medium_airport,0,,30.69806,120.66306
ZSLG,LYG,Lianyungang Huaguoshan International Airport,Lianyungang,CN,CN-32,AS,large_airport,1,9186,34.41406,119.17899
ZSLO,LCX,Liancheng Guanzhishan Airport,Longyan (Liancheng),CN,CN-35,AS,medium_airport,1,7874,25.67592,116.74591
ZSLQ,HYN,Taizhou Luqiao Airport,Taizhou (Luqiao),CN,CN-33,AS,medium_airport,1,8202,28.56220,121.42900
ZSLY,LYI,Linyi Qiyang Airport,Linyi (Hedong),CN,CN-37,AS,medium_airport,1,10498,35.05292,118.41183
ZSNB,NGB,Ningbo Lishe International Airport,Ningbo,CN,CN-33,AS,large_airport,1,10499,29.82670,121.46200
ZSNJ,NKG,Nanjing Lukou International Airport,Nanjing,CN,CN-32,AS,large_airport,2,11811,31.73503,118.86595
ZSNT,NTG,Nantong Xingdong International Airport,Nantong (Tongzhou),CN,CN-32,AS,medium_airport,1,11155,32.07357,120.98008
ZSOF,HFE,Hefei Xinqiao International Airport,Hefei,CN,CN-34,AS,large_airport,1,11155,31.98779,116.97690
ZSPD,PVG,Shanghai Pudong International Airport,Shanghai (Pudong),CN,CN-31,AS,large_airport,5,13123,31.14340,121.80500
ZSQD,TAO,Qingdao Jiaodong International Airport,Qingdao (Jiaozhou),CN,CN-37,AS,large_airport,2,11811,36.36195,120.08817
ZSQZ,JJN,Quanzhou Jinjiang International Airport,Quanzhou,CN,CN-35,AS,large_airport,1,8530,24.79585,118.58860
ZSRG,RUG,Rugao Air Base,Rugao (Nantong),CN,CN-32,AS,medium_airport,0,,32.25834,120.50113
ZSRZ,RIZ,Rizhao Shanzihe Airport,Rizhao (Donggang),CN,CN-37,AS,medium_airport,1,8530,35.40503,119.32440
ZSSH,HIA,Huai'an Lianshui Airport,Huai'an,CN,CN-32,AS,large_airport,1,9186,33.79271,119.12666
ZSSM,SQJ,Sanming Shaxian Airport,Sanming (Sha),CN,CN-35,AS,medium_airport,1,8530,26.42630,117.83360
ZSSR,SQD,Shangrao Sanqingshan Airport,Shangrao (Hengfeng),CN,CN-36,AS,medium_airport,1,7874,28.37970,117.96430
ZSSS,SHA,Shanghai Hongqiao International Airport,Shanghai (Minhang),CN,CN-31,AS,large_airport,2,11154,31.19810,121.33426
ZSSZ,SZV,Suzhou Guangfu Airport,Suzhou,CN,CN-32,AS,medium_airport,0,,31.26310,120.40100
ZSTX,TXN,Huangshan Tunxi International Airport,Huangshan,CN,CN-34,AS,large_airport,1,8530,29.73330,118.25600
ZSTZ,,Anji Tianzihu General Airport,Anji,CN,CN-33,AS,medium_airport,0,,30.79772,119.59029
ZSWA,WHA,Wuhu Xuanzhou Airport,Wuhu,CN,CN-34,AS,medium_airport,1,9186,31.10450,118.66687
ZSWF,WEF,Weifang Nanyuan Airport,Weifang (Kuiwen),CN,CN-37,AS,medium_airport,1,8530,36.64670,119.11900
ZSWH,WEH,Weihai Dashuibo Airport,Weihai,CN,CN-37,AS,medium_airport,1,8530,37.18710,122.22900
ZSWX,WUX,Sunan Shuofang International Airport,Wuxi,CN,CN-32,AS,large_airport,1,10499,31.49695,120.43038
ZSWY,WUS,Nanping Wuyishan Airport,Wuyishan,CN,CN-35,AS,medium_airport,1,7874,27.70190,118.00100
ZSWZ,WNZ,Wenzhou Longwan International Airport,Wenzhou (Longwan),CN,CN-33,AS,large_airport,1,10499,27.91057,120.85346
ZSXZ,XUZ,Xuzhou Guanyin International Airport,Xuzhou,CN,CN-32,AS,medium_airport,1,11548,34.05906,117.55528
ZSYA,YTY,Yangzhou Taizhou Airport,Yangzhou,CN,CN-32,AS,medium_airport,1,10499,32.56340,119.71980
ZSYC,YIC,Yichun Mingyueshan Airport,Yichun,CN,CN-36,AS,medium_airport,1,7874,27.80250,114.30620
ZSYN,YNZ,Yancheng Nanyang International Airport,Yancheng (Tinghu),CN,CN-32,AS,large_airport,1,9186,33.42832,120.20545
ZSYT,YNT,Yantai Penglai International Airport,Yantai,CN,CN-37,AS,large_airport,1,11155,37.65972,120.97812
ZSYW,YIW,Yiwu Airport,Yiwu/Jinhua,CN,CN-33,AS,large_airport,1,9843,29.34210,120.03116
ZSZS,HSN,Zhoushan Putuoshan International Airport,Zhoushan,CN,CN-33,AS,large_airport,1,8202,29.93387,122.36231
ZUAL,NGQ,Ngari Gunsa Airport,Shiquanhe,CN,CN-54,AS,medium_airport,1,14764,32.09794,80.05397
ZUAS,AVA,Anshun Huangguoshu Airport,Anshun (Xixiu),CN,CN-52,AS,medium_airport,1,9186,26.26056,105.87333
ZUBD,BPX,Qamdo Bangda Airport,Bangda,CN,CN-54,AS,medium_airport,1,14764,30.55360,97.10830
ZUBJ,BFJ,Bijie Feixiong Airport,Bijie,CN,CN-52,AS,medium_airport,1,8530,27.26707,105.47210
ZUBZ,BZX,Bazhong Enyang Airport,Bazhong,CN,CN-51,AS,medium_airport,0,,31.73842,106.64487
ZUCK,CKG,Chongqing Jiangbei International Airport,Chongqing,CN,CN-50,AS,large_airport,4,12467,29.71225,106.65189
ZUDA,DZH,Dazhou Jinya Airport,Dazhou (Dachuan),CN,CN-51,AS,medium_airport,1,8530,31.04882,107.43565
ZUDC,DCY,Daocheng Yading Airport,Garzê (Daocheng),CN,CN-51,AS,medium_airport,1,13780,29.31632,100.06032
ZUDJ,DEJ,Tongren Dejiang Airport (Under Construction),Tongren,CN,CN-52,AS,medium_airport,0,,28.12100,108.16310
ZUDR,DDR,Shigatse Tingri Airport,Xigazê (Dingri),CN,CN-54,AS,medium_airport,0,,28.60457,86.79800
ZUGH,GHN,Guanghan Airport,Deyang (Guanghan),CN,CN-51,AS,medium_airport,1,7218,30.94850,104.32960
ZUGU,GYS,Guangyuan Panlong Airport,Guangyuan (Lizhou),CN,CN-51,AS,medium_airport,1,8202,32.39025,105.69457
ZUGY,KWE,Guiyang Longdongbao International Airport,Guiyang (Nanming),CN,CN-52,AS,large_airport,2,13123,26.54181,106.80402
ZUHY,AHJ,Hongyuan Airport,Ngawa (Hongyuan),CN,CN-51,AS,medium_airport,1,11811,32.53154,102.35224
ZUJZ,JZH,Jiuzhai Huanglong Airport,Ngawa (Songpan),CN,CN-51,AS,medium_airport,1,10499,32.85333,103.68222
ZUKD,KGT,Kangding Airport,Garzê (Kangding),CN,CN-51,AS,medium_airport,1,13123,30.14246,101.73872
ZUKJ,KJH,Kaili Huangping Airport,Kaili  (Huangping),CN,CN-52,AS,medium_airport,1,8530,26.97200,107.98800
ZULA,LZG,Langzhong Gucheng Airport,Nanchong (Langzhong),CN,CN-51,AS,medium_airport,0,,31.50191,106.03442
ZULS,LXA,Lhasa Gonggar International Airport,Shannan (Gonggar),CN,CN-54,AS,large_airport,3,13123,29.29800,90.91195
ZULZ,LZO,Luzhou Yunlong Airport,Luzhou (Yunlong),CN,CN-51,AS,medium_airport,1,8858,29.03036,105.46841
ZUMT,WMT,Zunyi Maotai Airport,Zunyi,CN,CN-52,AS,medium_airport,1,8530,27.96184,106.43542
ZUMY,MIG,Mianyang Nanjiao Airport,Mianyang (Fucheng),CN,CN-51,AS,medium_airport,1,7874,31.42810,104.74100
ZUNP,HZH,Liping Airport,Liping,CN,CN-52,AS,medium_airport,1,7218,26.32217,109.14990
ZUNZ,LZY,Nyingchi Mainling Airport,Nyingchi (Mainling),CN,CN-54,AS,medium_airport,1,9843,29.30330,94.33530
ZUPL,APJ,Ali Pulan Airport,Burang Town,CN,CN-54,AS,medium_airport,0,,30.39790,81.13317
ZUPS,LPF,Liupanshui Yuezhao Airport,Liupanshui (Zhongshan),CN,CN-52,AS,medium_airport,1,8202,26.60942,104.97900
ZUQJ,JIQ,Qianjiang Wulingshan Airport,Qianjiang,CN,CN-50,AS,medium_airport,1,7874,29.51333,108.83111
ZURK,RKZ,Xigaze Peace Airport / Shigatse Air Base,Xigazê (Samzhubzê),CN,CN-54,AS,large_airport,2,16404,29.35088,89.29916
ZUTF,TFU,Chengdu Tianfu International Airport,Chengdu (Jianyang),CN,CN-51,AS,large_airport,3,13123,30.31252,104.44128
ZUTR,TEN,Tongren Fenghuang Airport,Tongren (Daxing),CN,CN-52,AS,medium_airport,1,9022,27.88333,109.30889
ZUUU,CTU,Chengdu Shuangliu International Airport,Chengdu (Shuangliu),CN,CN-51,AS,large_airport,2,11811,30.55826,103.94597
ZUWL,CQW,Chongqing Xiannüshan Airport,Wulong,CN,CN-50,AS,medium_airport,1,9186,29.46566,107.69366
ZUXC,XIC,Xichang Qingshan Airport,Liangshan (Xichang),CN,CN-51,AS,medium_airport,1,11811,27.98910,102.18400
ZUYB,YBP,Yibin Wuliangye Airport,Yibin (Cuiping),CN,CN-51,AS,medium_airport,1,8530,28.85843,104.52616
ZUYI,ACX,Xingyi Wanfenglin Airport,Xingyi,CN,CN-52,AS,medium_airport,1,7546,25.08342,104.96080
ZUZH,PZI,Panzhihua Bao'anying Airport,Panzhihua (Renhe),CN,CN-51,AS,medium_airport,1,9186,26.54000,101.79852
ZUZY,ZYI,Zunyi Xinzhou Airport,Zunyi,CN,CN-52,AS,medium_airport,1,9186,27.81072,107.24719
ZWAK,AKU,Aksu Hongqipo Airport,Aksu (Onsu),CN,CN-65,AS,medium_airport,1,7874,41.26250,80.29170
ZWAT,AAT,Altay Xuedu Airport,Altay,CN,CN-65,AS,medium_airport,1,7218,47.74989,88.08581
ZWBL,BPL,Bole Alashankou Airport,Bole,CN,CN-65,AS,medium_airport,1,8530,44.89546,82.30007
ZWCM,IQM,Qiemo Yudu Airport,Qiemo,CN,CN-65,AS,medium_airport,1,9186,38.23452,85.46546
ZWFY,FYN,Fuyun Koktokay Airport,Fuyun,CN,CN-65,AS,medium_airport,1,8530,46.80417,89.51201
ZWHM,HMI,Hami Airport,Hami,CN,CN-65,AS,medium_airport,1,7874,42.84140,93.66920
ZWKL,KRL,Korla Licheng Airport,Korla,CN,CN-65,AS,medium_airport,1,9121,41.61498,86.14082
ZWKN,KJI,Burqin Kanas Airport,Burqin,CN,CN-65,AS,medium_airport,1,8202,48.22230,86.99590
ZWLK,DHH,Barkol Dahe Airport,Barkol,CN,CN-65,AS,medium_airport,0,,43.75654,93.13716
ZWML,,Malan Air Base,"Hoxud, Bayingolin",CN,CN-65,AS,medium_airport,0,,42.18062,87.18678
ZWNL,NLT,Xinyuan Nalati Airport,Xinyuan,CN,CN-65,AS,medium_airport,1,7546,43.43180,83.37860
ZWRQ,RQA,Ruoqiang Loulan Airport,Ruoqiang Town,CN,CN-65,AS,medium_airport,1,9186,38.97472,88.00833
ZWSC,QSZ,Shache Airport,Shache,CN,CN-65,AS,medium_airport,1,9842,38.24542,77.05615
ZWSH,KHG,Kashgar Laining International Airport,Kashgar,CN,CN-65,AS,large_airport,1,10499,39.54227,76.02023
ZWSS,SXJ,Shanshan Airport,Shanshan,CN,CN-65,AS,medium_airport,0,,42.91170,90.24750
ZWTK,HQL,Tashikuergan Hongqilafu Airport,Tashikuergan,CN,CN-65,AS,medium_airport,0,,37.66133,75.28888
ZWTL,TLQ,Turpan Jiaohe Airport,Turpan,CN,CN-65,AS,medium_airport,1,9186,43.03080,89.09870
ZWTN,HTN,Hotan Airport,Hotan,CN,CN-65,AS,medium_airport,1,10499,37.03850,79.86490
ZWWW,URC,Ürümqi Tianshan International Airport,Ürümqi,CN,CN-65,AS,large_airport,3,11811,43.91358,87.47937
ZWYN,YIN,Ili Yining International Airport,Ili (Yining / Ghulja),CN,CN-65,AS,medium_airport,1,7874,43.95580,81.33030
ZYAS,AOG,Anshan Teng'ao Airport / Anshan Air Base,Anshan,CN,CN-21,AS,medium_airport,1,8530,41.10530,122.85400
ZYBA,DBC,Baicheng Chang'an Airport,Baicheng,CN,CN-22,AS,medium_airport,1,8202,45.50528,123.01972
ZYBS,NBS,Changbaishan Airport,Baishan,CN,CN-22,AS,medium_airport,1,8530,42.06694,127.60222
ZYCC,CGQ,Changchun Longjia International Airport,Changchun,CN,CN-22,AS,large_airport,1,10500,43.99620,125.68500
ZYCY,CHG,Chaoyang Airport,"Shuangta, Chaoyang",CN,CN-21,AS,medium_airport,1,6562,41.53810,120.43500
ZYDD,DDG,Dandong Langtou International Airport,Dandong (Zhenxing),CN,CN-21,AS,medium_airport,1,8530,40.02545,124.28669
ZYDU,DTU,Wudalianchi Dedu Airport,Heihe,CN,CN-23,AS,medium_airport,1,8202,48.44104,126.12837
ZYFY,FYJ,Fuyuan Dongji Airport,Fuyuan,CN,CN-23,AS,medium_airport,1,8202,48.19722,134.36298
ZYHB,HRB,Harbin Taiping International Airport,Harbin,CN,CN-23,AS,large_airport,2,11811,45.62340,126.25000
ZYHE,HEK,Heihe Aihui Airport,Heihe,CN,CN-23,AS,medium_airport,1,8202,50.17162,127.30888
ZYJD,JGD,Daxing'anling Elunchun Airport,Jiagedaqi,CN,CN-23,AS,medium_airport,1,7546,50.37139,124.11750
ZYJM,JMU,Jiamusi Songjiang International Airport,Jiamusi,CN,CN-23,AS,medium_airport,1,8202,46.84279,130.46426
ZYJS,JSJ,Jiansanjiang Shidi Airport,Jiansanjiang,CN,CN-23,AS,medium_airport,1,8202,47.10825,132.65792
ZYJX,JXA,Jixi Xingkaihu Airport,Jixi,CN,CN-23,AS,medium_airport,1,7546,45.29300,131.19300
ZYJZ,JNZ,Jinzhou Bay Airport,Jinzhou (Linghai),CN,CN-21,AS,medium_airport,1,8202,40.93603,121.27711
ZYLD,LDS,Yichun Lindu Airport,Yichun,CN,CN-23,AS,medium_airport,1,7546,47.75206,129.01913
ZYMD,MDG,Mudanjiang Hailang International Airport,Mudanjiang,CN,CN-23,AS,medium_airport,1,8530,44.52517,129.56863
ZYMH,OHE,Mohe Gulian Airport,Mohe,CN,CN-23,AS,medium_airport,1,7218,52.91687,122.42276
ZYQQ,NDG,Qiqihar Sanjiazi Airport,Qiqihar,CN,CN-23,AS,large_airport,2,11811,47.22997,123.91418
ZYSQ,YSQ,Songyuan Chaganhu Airport,Qian Gorlos Mongol Autonomous County,CN,CN-22,AS,medium_airport,1,8202,44.93114,124.55212
ZYSY,,Shenyang Yuhong Quansheng Airport,"Yuhong, Shenyang",CN,CN-21,AS,medium_airport,0,,41.82250,123.29900
ZYTL,DLC,Dalian Zhoushuizi International Airport,Dalian (Ganjingzi),CN,CN-21,AS,large_airport,1,10827,38.96572,121.53848
ZYTN,TNH,Tonghua Sanyuanpu Airport,Tonghua,CN,CN-22,AS,medium_airport,1,7546,42.04843,125.73396
ZYTX,SHE,Shenyang Taoxian International Airport,Shenyang,CN,CN-21,AS,large_airport,1,10499,41.63980,123.48367
ZYXC,XEN,Xingcheng Air Base,Huludao (Xingcheng),CN,CN-21,AS,medium_airport,0,,40.58033,120.70037
ZYYJ,YNJ,Yanji Chaoyangchuan Airport,Yanji,CN,CN-22,AS,medium_airport,1,8530,42.88280,129.45100
ZYYK,YKH,Yingkou Lanqi Airport,Yingkou (Laobian),CN,CN-21,AS,medium_airport,1,8202,40.54252,122.35860
ZYYY,,Shenyang Dongta Airport,"Dadong, Shenyang",CN,CN-21,AS,medium_airport,0,,41.78435,123.49631
